amfi_code,scheme_name,date,rolling_90d_sharpe
120507,ICICI Pru Liquid Fund - Regular - Growth,2022-01-03,
120507,ICICI Pru Liquid Fund - Regular - Growth,2022-01-04,
120507,ICICI Pru Liquid Fund - Regular - Growth,2022-01-05,
120507,ICICI Pru Liquid Fund - Regular - Growth,2022-01-06,
120507,ICICI Pru Liquid Fund - Regular - Growth,2022-01-07,
120507,ICICI Pru Liquid Fund - Regular - Growth,2022-01-10,
120507,ICICI Pru Liquid Fund - Regular - Growth,2022-01-11,
120507,ICICI Pru Liquid Fund - Regular - Growth,2022-01-12,
120507,ICICI Pru Liquid Fund - Regular - Growth,2022-01-13,
120507,ICICI Pru Liquid Fund - Regular - Growth,2022-01-14,
120507,ICICI Pru Liquid Fund - Regular - Growth,2022-01-17,
120507,ICICI Pru Liquid Fund - Regular - Growth,2022-01-18,
120507,ICICI Pru Liquid Fund - Regular - Growth,2022-01-19,
120507,ICICI Pru Liquid Fund - Regular - Growth,2022-01-20,
120507,ICICI Pru Liquid Fund - Regular - Growth,2022-01-21,
120507,ICICI Pru Liquid Fund - Regular - Growth,2022-01-24,
120507,ICICI Pru Liquid Fund - Regular - Growth,2022-01-25,
120507,ICICI Pru Liquid Fund - Regular - Growth,2022-01-26,
120507,ICICI Pru Liquid Fund - Regular - Growth,2022-01-27,
120507,ICICI Pru Liquid Fund - Regular - Growth,2022-01-28,
120507,ICICI Pru Liquid Fund - Regular - Growth,2022-01-31,
120507,ICICI Pru Liquid Fund - Regular - Growth,2022-02-01,
120507,ICICI Pru Liquid Fund - Regular - Growth,2022-02-02,
120507,ICICI Pru Liquid Fund - Regular - Growth,2022-02-03,
120507,ICICI Pru Liquid Fund - Regular - Growth,2022-02-04,
120507,ICICI Pru Liquid Fund - Regular - Growth,2022-02-07,
120507,ICICI Pru Liquid Fund - Regular - Growth,2022-02-08,
120507,ICICI Pru Liquid Fund - Regular - Growth,2022-02-09,
120507,ICICI Pru Liquid Fund - Regular - Growth,2022-02-10,
120507,ICICI Pru Liquid Fund - Regular - Growth,2022-02-11,
120507,ICICI Pru Liquid Fund - Regular - Growth,2022-02-14,
120507,ICICI Pru Liquid Fund - Regular - Growth,2022-02-15,
120507,ICICI Pru Liquid Fund - Regular - Growth,2022-02-16,
120507,ICICI Pru Liquid Fund - Regular - Growth,2022-02-17,
120507,ICICI Pru Liquid Fund - Regular - Growth,2022-02-18,
120507,ICICI Pru Liquid Fund - Regular - Growth,2022-02-21,
120507,ICICI Pru Liquid Fund - Regular - Growth,2022-02-22,
120507,ICICI Pru Liquid Fund - Regular - Growth,2022-02-23,
120507,ICICI Pru Liquid Fund - Regular - Growth,2022-02-24,
120507,ICICI Pru Liquid Fund - Regular - Growth,2022-02-25,
120507,ICICI Pru Liquid Fund - Regular - Growth,2022-02-28,
120507,ICICI Pru Liquid Fund - Regular - Growth,2022-03-01,
120507,ICICI Pru Liquid Fund - Regular - Growth,2022-03-02,
120507,ICICI Pru Liquid Fund - Regular - Growth,2022-03-03,
120507,ICICI Pru Liquid Fund - Regular - Growth,2022-03-04,
120507,ICICI Pru Liquid Fund - Regular - Growth,2022-03-07,
120507,ICICI Pru Liquid Fund - Regular - Growth,2022-03-08,
120507,ICICI Pru Liquid Fund - Regular - Growth,2022-03-09,
120507,ICICI Pru Liquid Fund - Regular - Growth,2022-03-10,
120507,ICICI Pru Liquid Fund - Regular - Growth,2022-03-11,
120507,ICICI Pru Liquid Fund - Regular - Growth,2022-03-14,
120507,ICICI Pru Liquid Fund - Regular - Growth,2022-03-15,
120507,ICICI Pru Liquid Fund - Regular - Growth,2022-03-16,
120507,ICICI Pru Liquid Fund - Regular - Growth,2022-03-17,
120507,ICICI Pru Liquid Fund - Regular - Growth,2022-03-18,
120507,ICICI Pru Liquid Fund - Regular - Growth,2022-03-21,
120507,ICICI Pru Liquid Fund - Regular - Growth,2022-03-22,
120507,ICICI Pru Liquid Fund - Regular - Growth,2022-03-23,
120507,ICICI Pru Liquid Fund - Regular - Growth,2022-03-24,
120507,ICICI Pru Liquid Fund - Regular - Growth,2022-03-25,
120507,ICICI Pru Liquid Fund - Regular - Growth,2022-03-28,
120507,ICICI Pru Liquid Fund - Regular - Growth,2022-03-29,
120507,ICICI Pru Liquid Fund - Regular - Growth,2022-03-30,
120507,ICICI Pru Liquid Fund - Regular - Growth,2022-03-31,
120507,ICICI Pru Liquid Fund - Regular - Growth,2022-04-01,
120507,ICICI Pru Liquid Fund - Regular - Growth,2022-04-04,
120507,ICICI Pru Liquid Fund - Regular - Growth,2022-04-05,
120507,ICICI Pru Liquid Fund - Regular - Growth,2022-04-06,
120507,ICICI Pru Liquid Fund - Regular - Growth,2022-04-07,
120507,ICICI Pru Liquid Fund - Regular - Growth,2022-04-08,
120507,ICICI Pru Liquid Fund - Regular - Growth,2022-04-11,
120507,ICICI Pru Liquid Fund - Regular - Growth,2022-04-12,
120507,ICICI Pru Liquid Fund - Regular - Growth,2022-04-13,
120507,ICICI Pru Liquid Fund - Regular - Growth,2022-04-14,
120507,ICICI Pru Liquid Fund - Regular - Growth,2022-04-15,
120507,ICICI Pru Liquid Fund - Regular - Growth,2022-04-18,
120507,ICICI Pru Liquid Fund - Regular - Growth,2022-04-19,
120507,ICICI Pru Liquid Fund - Regular - Growth,2022-04-20,
120507,ICICI Pru Liquid Fund - Regular - Growth,2022-04-21,
120507,ICICI Pru Liquid Fund - Regular - Growth,2022-04-22,
120507,ICICI Pru Liquid Fund - Regular - Growth,2022-04-25,
120507,ICICI Pru Liquid Fund - Regular - Growth,2022-04-26,
120507,ICICI Pru Liquid Fund - Regular - Growth,2022-04-27,
120507,ICICI Pru Liquid Fund - Regular - Growth,2022-04-28,
120507,ICICI Pru Liquid Fund - Regular - Growth,2022-04-29,
120507,ICICI Pru Liquid Fund - Regular - Growth,2022-05-02,
120507,ICICI Pru Liquid Fund - Regular - Growth,2022-05-03,
120507,ICICI Pru Liquid Fund - Regular - Growth,2022-05-04,
120507,ICICI Pru Liquid Fund - Regular - Growth,2022-05-05,
120507,ICICI Pru Liquid Fund - Regular - Growth,2022-05-06,
120507,ICICI Pru Liquid Fund - Regular - Growth,2022-05-09,1.1142362027949302
120507,ICICI Pru Liquid Fund - Regular - Growth,2022-05-10,0.6999090488992478
120507,ICICI Pru Liquid Fund - Regular - Growth,2022-05-11,0.22411724429353674
120507,ICICI Pru Liquid Fund - Regular - Growth,2022-05-12,0.22700953547036024
120507,ICICI Pru Liquid Fund - Regular - Growth,2022-05-13,0.35104059819734895
120507,ICICI Pru Liquid Fund - Regular - Growth,2022-05-16,-0.20261469751571054
120507,ICICI Pru Liquid Fund - Regular - Growth,2022-05-17,-0.2527802065360004
120507,ICICI Pru Liquid Fund - Regular - Growth,2022-05-18,-0.4956046350175208
120507,ICICI Pru Liquid Fund - Regular - Growth,2022-05-19,-0.48890819765175303
120507,ICICI Pru Liquid Fund - Regular - Growth,2022-05-20,-0.4598425751052943
120507,ICICI Pru Liquid Fund - Regular - Growth,2022-05-23,-0.16838898919769077
120507,ICICI Pru Liquid Fund - Regular - Growth,2022-05-24,-0.23086480682385682
120507,ICICI Pru Liquid Fund - Regular - Growth,2022-05-25,-0.5989334408635529
120507,ICICI Pru Liquid Fund - Regular - Growth,2022-05-26,-0.07242425710842462
120507,ICICI Pru Liquid Fund - Regular - Growth,2022-05-27,-0.33120971428792134
120507,ICICI Pru Liquid Fund - Regular - Growth,2022-05-30,-0.7130845237305959
120507,ICICI Pru Liquid Fund - Regular - Growth,2022-05-31,-0.6069721434123455
120507,ICICI Pru Liquid Fund - Regular - Growth,2022-06-01,-0.5988962842224783
120507,ICICI Pru Liquid Fund - Regular - Growth,2022-06-02,-0.19136953048640315
120507,ICICI Pru Liquid Fund - Regular - Growth,2022-06-03,-0.20149513878158157
120507,ICICI Pru Liquid Fund - Regular - Growth,2022-06-06,-0.11631061728015529
120507,ICICI Pru Liquid Fund - Regular - Growth,2022-06-07,0.13090543728794662
120507,ICICI Pru Liquid Fund - Regular - Growth,2022-06-08,0.23722488099389208
120507,ICICI Pru Liquid Fund - Regular - Growth,2022-06-09,0.748470485329165
120507,ICICI Pru Liquid Fund - Regular - Growth,2022-06-10,0.4097336533147064
120507,ICICI Pru Liquid Fund - Regular - Growth,2022-06-13,0.6207946163065347
120507,ICICI Pru Liquid Fund - Regular - Growth,2022-06-14,0.1534404485969507
120507,ICICI Pru Liquid Fund - Regular - Growth,2022-06-15,-0.21877228287841044
120507,ICICI Pru Liquid Fund - Regular - Growth,2022-06-16,-0.6044561433132634
120507,ICICI Pru Liquid Fund - Regular - Growth,2022-06-17,-0.7768791215485321
120507,ICICI Pru Liquid Fund - Regular - Growth,2022-06-20,-0.7962465300215744
120507,ICICI Pru Liquid Fund - Regular - Growth,2022-06-21,-0.6284820928547323
120507,ICICI Pru Liquid Fund - Regular - Growth,2022-06-22,-0.4216009412813049
120507,ICICI Pru Liquid Fund - Regular - Growth,2022-06-23,0.049238303524556236
120507,ICICI Pru Liquid Fund - Regular - Growth,2022-06-24,0.36559025227168884
120507,ICICI Pru Liquid Fund - Regular - Growth,2022-06-27,0.5468379510123026
120507,ICICI Pru Liquid Fund - Regular - Growth,2022-06-28,0.9578205891868771
120507,ICICI Pru Liquid Fund - Regular - Growth,2022-06-29,0.9860971186014202
120507,ICICI Pru Liquid Fund - Regular - Growth,2022-06-30,0.8066696851314837
120507,ICICI Pru Liquid Fund - Regular - Growth,2022-07-01,0.9673358432502754
120507,ICICI Pru Liquid Fund - Regular - Growth,2022-07-04,0.9630865711624275
120507,ICICI Pru Liquid Fund - Regular - Growth,2022-07-05,0.8505144782461318
120507,ICICI Pru Liquid Fund - Regular - Growth,2022-07-06,1.1838087400579471
120507,ICICI Pru Liquid Fund - Regular - Growth,2022-07-07,1.2100869684239768
120507,ICICI Pru Liquid Fund - Regular - Growth,2022-07-08,0.7622585839555431
120507,ICICI Pru Liquid Fund - Regular - Growth,2022-07-11,0.5416153951049477
120507,ICICI Pru Liquid Fund - Regular - Growth,2022-07-12,0.24677739218675274
120507,ICICI Pru Liquid Fund - Regular - Growth,2022-07-13,0.19663960699684907
120507,ICICI Pru Liquid Fund - Regular - Growth,2022-07-14,0.4967672465953838
120507,ICICI Pru Liquid Fund - Regular - Growth,2022-07-15,0.7172932403104382
120507,ICICI Pru Liquid Fund - Regular - Growth,2022-07-18,1.0607038852713415
120507,ICICI Pru Liquid Fund - Regular - Growth,2022-07-19,0.8475362217240344
120507,ICICI Pru Liquid Fund - Regular - Growth,2022-07-20,0.9103096205924733
120507,ICICI Pru Liquid Fund - Regular - Growth,2022-07-21,0.2918323652553259
120507,ICICI Pru Liquid Fund - Regular - Growth,2022-07-22,0.010967378766977991
120507,ICICI Pru Liquid Fund - Regular - Growth,2022-07-25,0.28851318596654174
120507,ICICI Pru Liquid Fund - Regular - Growth,2022-07-26,0.6644046694659203
120507,ICICI Pru Liquid Fund - Regular - Growth,2022-07-27,0.40300300159511004
120507,ICICI Pru Liquid Fund - Regular - Growth,2022-07-28,0.4549809258165618
120507,ICICI Pru Liquid Fund - Regular - Growth,2022-07-29,0.7453713842309904
120507,ICICI Pru Liquid Fund - Regular - Growth,2022-08-01,0.8071232251831607
120507,ICICI Pru Liquid Fund - Regular - Growth,2022-08-02,0.4233076237654511
120507,ICICI Pru Liquid Fund - Regular - Growth,2022-08-03,0.7292458555922514
120507,ICICI Pru Liquid Fund - Regular - Growth,2022-08-04,0.7283569525854039
120507,ICICI Pru Liquid Fund - Regular - Growth,2022-08-05,0.6484796751858924
120507,ICICI Pru Liquid Fund - Regular - Growth,2022-08-08,1.111139853461533
120507,ICICI Pru Liquid Fund - Regular - Growth,2022-08-09,0.9089540281299621
120507,ICICI Pru Liquid Fund - Regular - Growth,2022-08-10,0.5779084899592714
120507,ICICI Pru Liquid Fund - Regular - Growth,2022-08-11,0.47235935491682846
120507,ICICI Pru Liquid Fund - Regular - Growth,2022-08-12,0.5707389126171982
120507,ICICI Pru Liquid Fund - Regular - Growth,2022-08-15,1.0164355325981227
120507,ICICI Pru Liquid Fund - Regular - Growth,2022-08-16,1.0723067135111906
120507,ICICI Pru Liquid Fund - Regular - Growth,2022-08-17,1.1249459444759198
120507,ICICI Pru Liquid Fund - Regular - Growth,2022-08-18,1.2452490296543393
120507,ICICI Pru Liquid Fund - Regular - Growth,2022-08-19,1.254560449054817
120507,ICICI Pru Liquid Fund - Regular - Growth,2022-08-22,1.5936864993434159
120507,ICICI Pru Liquid Fund - Regular - Growth,2022-08-23,1.9154408349481151
120507,ICICI Pru Liquid Fund - Regular - Growth,2022-08-24,1.8254072474801517
120507,ICICI Pru Liquid Fund - Regular - Growth,2022-08-25,1.6760256079874183
120507,ICICI Pru Liquid Fund - Regular - Growth,2022-08-26,1.5420847370624458
120507,ICICI Pru Liquid Fund - Regular - Growth,2022-08-29,1.5315469050210826
120507,ICICI Pru Liquid Fund - Regular - Growth,2022-08-30,1.48160343461771
120507,ICICI Pru Liquid Fund - Regular - Growth,2022-08-31,1.1067320323085443
120507,ICICI Pru Liquid Fund - Regular - Growth,2022-09-01,1.0017094740256491
120507,ICICI Pru Liquid Fund - Regular - Growth,2022-09-02,1.015007400586652
120507,ICICI Pru Liquid Fund - Regular - Growth,2022-09-05,1.0326013300387373
120507,ICICI Pru Liquid Fund - Regular - Growth,2022-09-06,1.0364361396931012
120507,ICICI Pru Liquid Fund - Regular - Growth,2022-09-07,0.9480136959900717
120507,ICICI Pru Liquid Fund - Regular - Growth,2022-09-08,1.1923298563516056
120507,ICICI Pru Liquid Fund - Regular - Growth,2022-09-09,1.273615764619311
120507,ICICI Pru Liquid Fund - Regular - Growth,2022-09-12,0.980623803706896
120507,ICICI Pru Liquid Fund - Regular - Growth,2022-09-13,1.1529022808665466
120507,ICICI Pru Liquid Fund - Regular - Growth,2022-09-14,1.531032782648164
120507,ICICI Pru Liquid Fund - Regular - Growth,2022-09-15,1.6935811899150057
120507,ICICI Pru Liquid Fund - Regular - Growth,2022-09-16,1.4018247841906022
120507,ICICI Pru Liquid Fund - Regular - Growth,2022-09-19,1.3488658568756167
120507,ICICI Pru Liquid Fund - Regular - Growth,2022-09-20,1.2652300368648999
120507,ICICI Pru Liquid Fund - Regular - Growth,2022-09-21,1.2686336390823285
120507,ICICI Pru Liquid Fund - Regular - Growth,2022-09-22,1.411716714502054
120507,ICICI Pru Liquid Fund - Regular - Growth,2022-09-23,1.6482395358867041
120507,ICICI Pru Liquid Fund - Regular - Growth,2022-09-26,1.306582660130984
120507,ICICI Pru Liquid Fund - Regular - Growth,2022-09-27,1.0520829042159165
120507,ICICI Pru Liquid Fund - Regular - Growth,2022-09-28,1.172552902692361
120507,ICICI Pru Liquid Fund - Regular - Growth,2022-09-29,0.9133744734954818
120507,ICICI Pru Liquid Fund - Regular - Growth,2022-09-30,0.6412637567453365
120507,ICICI Pru Liquid Fund - Regular - Growth,2022-10-03,0.9808933408886333
120507,ICICI Pru Liquid Fund - Regular - Growth,2022-10-04,0.7185976907304396
120507,ICICI Pru Liquid Fund - Regular - Growth,2022-10-05,0.6719158103893714
120507,ICICI Pru Liquid Fund - Regular - Growth,2022-10-06,0.11367416863161217
120507,ICICI Pru Liquid Fund - Regular - Growth,2022-10-07,0.38431779965265656
120507,ICICI Pru Liquid Fund - Regular - Growth,2022-10-10,0.11075291062676759
120507,ICICI Pru Liquid Fund - Regular - Growth,2022-10-11,0.10557937127987854
120507,ICICI Pru Liquid Fund - Regular - Growth,2022-10-12,-0.2756019721364616
120507,ICICI Pru Liquid Fund - Regular - Growth,2022-10-13,-0.6758253201636061
120507,ICICI Pru Liquid Fund - Regular - Growth,2022-10-14,-0.5642662784788518
120507,ICICI Pru Liquid Fund - Regular - Growth,2022-10-17,-0.8185034919466129
120507,ICICI Pru Liquid Fund - Regular - Growth,2022-10-18,-0.6911268639128696
120507,ICICI Pru Liquid Fund - Regular - Growth,2022-10-19,-0.7739874955026164
120507,ICICI Pru Liquid Fund - Regular - Growth,2022-10-20,-0.13015785598786994
120507,ICICI Pru Liquid Fund - Regular - Growth,2022-10-21,-0.4508279827077454
120507,ICICI Pru Liquid Fund - Regular - Growth,2022-10-24,-0.42503466731533684
120507,ICICI Pru Liquid Fund - Regular - Growth,2022-10-25,-0.6904922112273905
120507,ICICI Pru Liquid Fund - Regular - Growth,2022-10-26,-1.0339409688928232
120507,ICICI Pru Liquid Fund - Regular - Growth,2022-10-27,-1.1184251045172564
120507,ICICI Pru Liquid Fund - Regular - Growth,2022-10-28,-1.2037997323503435
120507,ICICI Pru Liquid Fund - Regular - Growth,2022-10-31,-1.1733736898860365
120507,ICICI Pru Liquid Fund - Regular - Growth,2022-11-01,-1.4350490185024014
120507,ICICI Pru Liquid Fund - Regular - Growth,2022-11-02,-1.4568628509010548
120507,ICICI Pru Liquid Fund - Regular - Growth,2022-11-03,-1.5251051909434206
120507,ICICI Pru Liquid Fund - Regular - Growth,2022-11-04,-1.3611719801257713
120507,ICICI Pru Liquid Fund - Regular - Growth,2022-11-07,-1.0146227176587888
120507,ICICI Pru Liquid Fund - Regular - Growth,2022-11-08,-1.1040545294249913
120507,ICICI Pru Liquid Fund - Regular - Growth,2022-11-09,-1.2715726727336116
120507,ICICI Pru Liquid Fund - Regular - Growth,2022-11-10,-1.2262539073807754
120507,ICICI Pru Liquid Fund - Regular - Growth,2022-11-11,-1.0883965060923348
120507,ICICI Pru Liquid Fund - Regular - Growth,2022-11-14,-0.7119489821737613
120507,ICICI Pru Liquid Fund - Regular - Growth,2022-11-15,-0.5765756984225462
120507,ICICI Pru Liquid Fund - Regular - Growth,2022-11-16,-0.8079785220056721
120507,ICICI Pru Liquid Fund - Regular - Growth,2022-11-17,-1.0559120604508325
120507,ICICI Pru Liquid Fund - Regular - Growth,2022-11-18,-0.8071442943891481
120507,ICICI Pru Liquid Fund - Regular - Growth,2022-11-21,-1.0068780785985914
120507,ICICI Pru Liquid Fund - Regular - Growth,2022-11-22,-0.9764473835632195
120507,ICICI Pru Liquid Fund - Regular - Growth,2022-11-23,-1.217691569250927
120507,ICICI Pru Liquid Fund - Regular - Growth,2022-11-24,-0.7464543015494343
120507,ICICI Pru Liquid Fund - Regular - Growth,2022-11-25,-0.5436268995076156
120507,ICICI Pru Liquid Fund - Regular - Growth,2022-11-28,-1.1366035840892812
120507,ICICI Pru Liquid Fund - Regular - Growth,2022-11-29,-1.3779335279018652
120507,ICICI Pru Liquid Fund - Regular - Growth,2022-11-30,-1.3097937249221405
120507,ICICI Pru Liquid Fund - Regular - Growth,2022-12-01,-1.4297953950889537
120507,ICICI Pru Liquid Fund - Regular - Growth,2022-12-02,-1.7737068285356492
120507,ICICI Pru Liquid Fund - Regular - Growth,2022-12-05,-1.8014486780441352
120507,ICICI Pru Liquid Fund - Regular - Growth,2022-12-06,-1.181247470511359
120507,ICICI Pru Liquid Fund - Regular - Growth,2022-12-07,-1.3030477692478055
120507,ICICI Pru Liquid Fund - Regular - Growth,2022-12-08,-1.2643188055007595
120507,ICICI Pru Liquid Fund - Regular - Growth,2022-12-09,-1.2412972643691995
120507,ICICI Pru Liquid Fund - Regular - Growth,2022-12-12,-1.0594269252133415
120507,ICICI Pru Liquid Fund - Regular - Growth,2022-12-13,-0.862762062288784
120507,ICICI Pru Liquid Fund - Regular - Growth,2022-12-14,-0.36141816646669755
120507,ICICI Pru Liquid Fund - Regular - Growth,2022-12-15,-0.5513273940139786
120507,ICICI Pru Liquid Fund - Regular - Growth,2022-12-16,-0.43150708934086046
120507,ICICI Pru Liquid Fund - Regular - Growth,2022-12-19,-1.1695727167956174
120507,ICICI Pru Liquid Fund - Regular - Growth,2022-12-20,-1.569795334114922
120507,ICICI Pru Liquid Fund - Regular - Growth,2022-12-21,-1.4304781909900053
120507,ICICI Pru Liquid Fund - Regular - Growth,2022-12-22,-1.7424519457452903
120507,ICICI Pru Liquid Fund - Regular - Growth,2022-12-23,-1.9372299589988975
120507,ICICI Pru Liquid Fund - Regular - Growth,2022-12-26,-2.129771766467609
120507,ICICI Pru Liquid Fund - Regular - Growth,2022-12-27,-2.329009169724114
120507,ICICI Pru Liquid Fund - Regular - Growth,2022-12-28,-2.664281877826911
120507,ICICI Pru Liquid Fund - Regular - Growth,2022-12-29,-2.5613286452246418
120507,ICICI Pru Liquid Fund - Regular - Growth,2022-12-30,-2.198743297788908
120507,ICICI Pru Liquid Fund - Regular - Growth,2023-01-02,-2.3475267284370727
120507,ICICI Pru Liquid Fund - Regular - Growth,2023-01-03,-2.4837465027948955
120507,ICICI Pru Liquid Fund - Regular - Growth,2023-01-04,-2.411601224582559
120507,ICICI Pru Liquid Fund - Regular - Growth,2023-01-05,-2.549885304516257
120507,ICICI Pru Liquid Fund - Regular - Growth,2023-01-06,-2.6066855085399303
120507,ICICI Pru Liquid Fund - Regular - Growth,2023-01-09,-2.360252738878433
120507,ICICI Pru Liquid Fund - Regular - Growth,2023-01-10,-2.1414779489297215
120507,ICICI Pru Liquid Fund - Regular - Growth,2023-01-11,-2.223062510180344
120507,ICICI Pru Liquid Fund - Regular - Growth,2023-01-12,-2.7185272876082287
120507,ICICI Pru Liquid Fund - Regular - Growth,2023-01-13,-2.96383515028642
120507,ICICI Pru Liquid Fund - Regular - Growth,2023-01-16,-2.6063844174525976
120507,ICICI Pru Liquid Fund - Regular - Growth,2023-01-17,-2.4874116763781102
120507,ICICI Pru Liquid Fund - Regular - Growth,2023-01-18,-2.596694340977792
120507,ICICI Pru Liquid Fund - Regular - Growth,2023-01-19,-2.487227293192181
120507,ICICI Pru Liquid Fund - Regular - Growth,2023-01-20,-2.603852898447998
120507,ICICI Pru Liquid Fund - Regular - Growth,2023-01-23,-2.4574544995192364
120507,ICICI Pru Liquid Fund - Regular - Growth,2023-01-24,-2.0225024478547167
120507,ICICI Pru Liquid Fund - Regular - Growth,2023-01-25,-1.9691498464037667
120507,ICICI Pru Liquid Fund - Regular - Growth,2023-01-26,-2.2210195351099027
120507,ICICI Pru Liquid Fund - Regular - Growth,2023-01-27,-2.6710523532637658
120507,ICICI Pru Liquid Fund - Regular - Growth,2023-01-30,-2.7099844365241856
120507,ICICI Pru Liquid Fund - Regular - Growth,2023-01-31,-2.476685185633928
120507,ICICI Pru Liquid Fund - Regular - Growth,2023-02-01,-2.605747516904412
120507,ICICI Pru Liquid Fund - Regular - Growth,2023-02-02,-2.7564554506706176
120507,ICICI Pru Liquid Fund - Regular - Growth,2023-02-03,-2.6515651789404306
120507,ICICI Pru Liquid Fund - Regular - Growth,2023-02-06,-3.26058389028077
120507,ICICI Pru Liquid Fund - Regular - Growth,2023-02-07,-3.172570143791342
120507,ICICI Pru Liquid Fund - Regular - Growth,2023-02-08,-3.021331004911788
120507,ICICI Pru Liquid Fund - Regular - Growth,2023-02-09,-2.6744250944139267
120507,ICICI Pru Liquid Fund - Regular - Growth,2023-02-10,-2.9260802482343573
120507,ICICI Pru Liquid Fund - Regular - Growth,2023-02-13,-3.0273762988306974
120507,ICICI Pru Liquid Fund - Regular - Growth,2023-02-14,-2.983108435999038
120507,ICICI Pru Liquid Fund - Regular - Growth,2023-02-15,-2.524454205195094
120507,ICICI Pru Liquid Fund - Regular - Growth,2023-02-16,-2.4670332891019555
120507,ICICI Pru Liquid Fund - Regular - Growth,2023-02-17,-2.3060287661501953
120507,ICICI Pru Liquid Fund - Regular - Growth,2023-02-20,-2.3439821161070324
120507,ICICI Pru Liquid Fund - Regular - Growth,2023-02-21,-2.473337995290976
120507,ICICI Pru Liquid Fund - Regular - Growth,2023-02-22,-2.0509584851899887
120507,ICICI Pru Liquid Fund - Regular - Growth,2023-02-23,-2.461458995291072
120507,ICICI Pru Liquid Fund - Regular - Growth,2023-02-24,-2.098344525611187
120507,ICICI Pru Liquid Fund - Regular - Growth,2023-02-27,-2.165271427406161
120507,ICICI Pru Liquid Fund - Regular - Growth,2023-02-28,-1.7606702243221797
120507,ICICI Pru Liquid Fund - Regular - Growth,2023-03-01,-1.2525802335880638
120507,ICICI Pru Liquid Fund - Regular - Growth,2023-03-02,-0.9529709723959334
120507,ICICI Pru Liquid Fund - Regular - Growth,2023-03-03,-0.7992336709762822
120507,ICICI Pru Liquid Fund - Regular - Growth,2023-03-06,-1.0273919840832704
120507,ICICI Pru Liquid Fund - Regular - Growth,2023-03-07,-1.329989635363162
120507,ICICI Pru Liquid Fund - Regular - Growth,2023-03-08,-1.2739906489993105
120507,ICICI Pru Liquid Fund - Regular - Growth,2023-03-09,-1.0589497642039927
120507,ICICI Pru Liquid Fund - Regular - Growth,2023-03-10,-1.2167330769751776
120507,ICICI Pru Liquid Fund - Regular - Growth,2023-03-13,-1.131034994147953
120507,ICICI Pru Liquid Fund - Regular - Growth,2023-03-14,-0.9276645529100838
120507,ICICI Pru Liquid Fund - Regular - Growth,2023-03-15,-0.5307056988906833
120507,ICICI Pru Liquid Fund - Regular - Growth,2023-03-16,-0.8590146778784994
120507,ICICI Pru Liquid Fund - Regular - Growth,2023-03-17,-0.7229285138325007
120507,ICICI Pru Liquid Fund - Regular - Growth,2023-03-20,-1.001594150752097
120507,ICICI Pru Liquid Fund - Regular - Growth,2023-03-21,-1.4658336340124933
120507,ICICI Pru Liquid Fund - Regular - Growth,2023-03-22,-1.467868791831433
120507,ICICI Pru Liquid Fund - Regular - Growth,2023-03-23,-1.6567118459197818
120507,ICICI Pru Liquid Fund - Regular - Growth,2023-03-24,-1.9718312610959698
120507,ICICI Pru Liquid Fund - Regular - Growth,2023-03-27,-2.1428029535141295
120507,ICICI Pru Liquid Fund - Regular - Growth,2023-03-28,-1.9413792285241782
120507,ICICI Pru Liquid Fund - Regular - Growth,2023-03-29,-1.9239002582369065
120507,ICICI Pru Liquid Fund - Regular - Growth,2023-03-30,-1.8164119994306072
120507,ICICI Pru Liquid Fund - Regular - Growth,2023-03-31,-1.9278533158882618
120507,ICICI Pru Liquid Fund - Regular - Growth,2023-04-03,-1.307591462607521
120507,ICICI Pru Liquid Fund - Regular - Growth,2023-04-04,-1.431398302973964
120507,ICICI Pru Liquid Fund - Regular - Growth,2023-04-05,-1.5837806712068507
120507,ICICI Pru Liquid Fund - Regular - Growth,2023-04-06,-1.750147858323088
120507,ICICI Pru Liquid Fund - Regular - Growth,2023-04-07,-1.8106530349990684
120507,ICICI Pru Liquid Fund - Regular - Growth,2023-04-10,-1.6963249713791446
120507,ICICI Pru Liquid Fund - Regular - Growth,2023-04-11,-1.6788752150218709
120507,ICICI Pru Liquid Fund - Regular - Growth,2023-04-12,-1.6987914780246214
120507,ICICI Pru Liquid Fund - Regular - Growth,2023-04-13,-1.7644161689834232
120507,ICICI Pru Liquid Fund - Regular - Growth,2023-04-14,-1.8755583099093884
120507,ICICI Pru Liquid Fund - Regular - Growth,2023-04-17,-1.9850296972705466
120507,ICICI Pru Liquid Fund - Regular - Growth,2023-04-18,-1.8609713438948519
120507,ICICI Pru Liquid Fund - Regular - Growth,2023-04-19,-2.1592871552556003
120507,ICICI Pru Liquid Fund - Regular - Growth,2023-04-20,-2.1962446154472963
120507,ICICI Pru Liquid Fund - Regular - Growth,2023-04-21,-2.1820480864736806
120507,ICICI Pru Liquid Fund - Regular - Growth,2023-04-24,-2.2226066266981626
120507,ICICI Pru Liquid Fund - Regular - Growth,2023-04-25,-1.7427718273578112
120507,ICICI Pru Liquid Fund - Regular - Growth,2023-04-26,-1.7542471343877153
120507,ICICI Pru Liquid Fund - Regular - Growth,2023-04-27,-1.3009765744759716
120507,ICICI Pru Liquid Fund - Regular - Growth,2023-04-28,-1.280907943822374
120507,ICICI Pru Liquid Fund - Regular - Growth,2023-05-01,-1.5504470702666517
120507,ICICI Pru Liquid Fund - Regular - Growth,2023-05-02,-1.316236396517404
120507,ICICI Pru Liquid Fund - Regular - Growth,2023-05-03,-1.2135209245913148
120507,ICICI Pru Liquid Fund - Regular - Growth,2023-05-04,-1.2557497355242901
120507,ICICI Pru Liquid Fund - Regular - Growth,2023-05-05,-1.2408233580884722
120507,ICICI Pru Liquid Fund - Regular - Growth,2023-05-08,-0.9435494160537159
120507,ICICI Pru Liquid Fund - Regular - Growth,2023-05-09,-0.5015499349677925
120507,ICICI Pru Liquid Fund - Regular - Growth,2023-05-10,-0.3518494321832788
120507,ICICI Pru Liquid Fund - Regular - Growth,2023-05-11,-0.05888574900613752
120507,ICICI Pru Liquid Fund - Regular - Growth,2023-05-12,-0.11684406038000587
120507,ICICI Pru Liquid Fund - Regular - Growth,2023-05-15,-0.20866808777172882
120507,ICICI Pru Liquid Fund - Regular - Growth,2023-05-16,-0.20881908064211308
120507,ICICI Pru Liquid Fund - Regular - Growth,2023-05-17,-0.3112056156490561
120507,ICICI Pru Liquid Fund - Regular - Growth,2023-05-18,-0.09197877923037903
120507,ICICI Pru Liquid Fund - Regular - Growth,2023-05-19,0.18518391288770197
120507,ICICI Pru Liquid Fund - Regular - Growth,2023-05-22,-0.0006561630319611168
120507,ICICI Pru Liquid Fund - Regular - Growth,2023-05-23,0.13397639283966925
120507,ICICI Pru Liquid Fund - Regular - Growth,2023-05-24,0.16925888425615937
120507,ICICI Pru Liquid Fund - Regular - Growth,2023-05-25,0.1372619335685461
120507,ICICI Pru Liquid Fund - Regular - Growth,2023-05-26,0.1250933286541263
120507,ICICI Pru Liquid Fund - Regular - Growth,2023-05-29,0.02320737005731711
120507,ICICI Pru Liquid Fund - Regular - Growth,2023-05-30,-0.25991981450848683
120507,ICICI Pru Liquid Fund - Regular - Growth,2023-05-31,-0.4882566684485172
120507,ICICI Pru Liquid Fund - Regular - Growth,2023-06-01,-0.31785930195118883
120507,ICICI Pru Liquid Fund - Regular - Growth,2023-06-02,-0.15692948515663555
120507,ICICI Pru Liquid Fund - Regular - Growth,2023-06-05,0.3162792257691885
120507,ICICI Pru Liquid Fund - Regular - Growth,2023-06-06,0.32402500396210776
120507,ICICI Pru Liquid Fund - Regular - Growth,2023-06-07,0.588690604042771
120507,ICICI Pru Liquid Fund - Regular - Growth,2023-06-08,0.7388563049068009
120507,ICICI Pru Liquid Fund - Regular - Growth,2023-06-09,0.6980376043799912
120507,ICICI Pru Liquid Fund - Regular - Growth,2023-06-12,1.0616146339733998
120507,ICICI Pru Liquid Fund - Regular - Growth,2023-06-13,1.3934675132300236
120507,ICICI Pru Liquid Fund - Regular - Growth,2023-06-14,1.354213926773286
120507,ICICI Pru Liquid Fund - Regular - Growth,2023-06-15,1.4500842890010681
120507,ICICI Pru Liquid Fund - Regular - Growth,2023-06-16,1.727937851116567
120507,ICICI Pru Liquid Fund - Regular - Growth,2023-06-19,1.5946107226004502
120507,ICICI Pru Liquid Fund - Regular - Growth,2023-06-20,1.579635561740984
120507,ICICI Pru Liquid Fund - Regular - Growth,2023-06-21,1.3621798883756104
120507,ICICI Pru Liquid Fund - Regular - Growth,2023-06-22,1.416037036976662
120507,ICICI Pru Liquid Fund - Regular - Growth,2023-06-23,1.2111746149794955
120507,ICICI Pru Liquid Fund - Regular - Growth,2023-06-26,1.069005023691605
120507,ICICI Pru Liquid Fund - Regular - Growth,2023-06-27,1.264621459959492
120507,ICICI Pru Liquid Fund - Regular - Growth,2023-06-28,1.08680211033156
120507,ICICI Pru Liquid Fund - Regular - Growth,2023-06-29,1.1310592541737488
120507,ICICI Pru Liquid Fund - Regular - Growth,2023-06-30,1.3026187911137657
120507,ICICI Pru Liquid Fund - Regular - Growth,2023-07-03,1.5563286553336253
120507,ICICI Pru Liquid Fund - Regular - Growth,2023-07-04,1.5976213906626833
120507,ICICI Pru Liquid Fund - Regular - Growth,2023-07-05,1.2765796538424843
120507,ICICI Pru Liquid Fund - Regular - Growth,2023-07-06,0.9486663555352696
120507,ICICI Pru Liquid Fund - Regular - Growth,2023-07-07,0.8210185174438469
120507,ICICI Pru Liquid Fund - Regular - Growth,2023-07-10,0.7015019644640157
120507,ICICI Pru Liquid Fund - Regular - Growth,2023-07-11,1.0282669299720366
120507,ICICI Pru Liquid Fund - Regular - Growth,2023-07-12,1.1220047379175924
120507,ICICI Pru Liquid Fund - Regular - Growth,2023-07-13,1.1684058249060572
120507,ICICI Pru Liquid Fund - Regular - Growth,2023-07-14,1.2188840251090136
120507,ICICI Pru Liquid Fund - Regular - Growth,2023-07-17,0.8396631092445586
120507,ICICI Pru Liquid Fund - Regular - Growth,2023-07-18,1.0104107089547114
120507,ICICI Pru Liquid Fund - Regular - Growth,2023-07-19,0.547432560166836
120507,ICICI Pru Liquid Fund - Regular - Growth,2023-07-20,0.6972194484373793
120507,ICICI Pru Liquid Fund - Regular - Growth,2023-07-21,0.7164124177688903
120507,ICICI Pru Liquid Fund - Regular - Growth,2023-07-24,1.0647163368669028
120507,ICICI Pru Liquid Fund - Regular - Growth,2023-07-25,1.5131809258405085
120507,ICICI Pru Liquid Fund - Regular - Growth,2023-07-26,1.553527543522642
120507,ICICI Pru Liquid Fund - Regular - Growth,2023-07-27,1.8939415765512835
120507,ICICI Pru Liquid Fund - Regular - Growth,2023-07-28,1.948581253134357
120507,ICICI Pru Liquid Fund - Regular - Growth,2023-07-31,1.7237881146053353
120507,ICICI Pru Liquid Fund - Regular - Growth,2023-08-01,1.295876301761055
120507,ICICI Pru Liquid Fund - Regular - Growth,2023-08-02,1.5731836761948927
120507,ICICI Pru Liquid Fund - Regular - Growth,2023-08-03,1.4291714905325752
120507,ICICI Pru Liquid Fund - Regular - Growth,2023-08-04,1.413330567505802
120507,ICICI Pru Liquid Fund - Regular - Growth,2023-08-07,1.35352272600501
120507,ICICI Pru Liquid Fund - Regular - Growth,2023-08-08,1.3945696640726248
120507,ICICI Pru Liquid Fund - Regular - Growth,2023-08-09,1.759036929608006
120507,ICICI Pru Liquid Fund - Regular - Growth,2023-08-10,1.9775561358257396
120507,ICICI Pru Liquid Fund - Regular - Growth,2023-08-11,2.544510134091079
120507,ICICI Pru Liquid Fund - Regular - Growth,2023-08-14,2.472496500990478
120507,ICICI Pru Liquid Fund - Regular - Growth,2023-08-15,2.5844926167441624
120507,ICICI Pru Liquid Fund - Regular - Growth,2023-08-16,2.759456849654913
120507,ICICI Pru Liquid Fund - Regular - Growth,2023-08-17,2.6067488180967944
120507,ICICI Pru Liquid Fund - Regular - Growth,2023-08-18,2.7491368806550223
120507,ICICI Pru Liquid Fund - Regular - Growth,2023-08-21,2.4121541526396384
120507,ICICI Pru Liquid Fund - Regular - Growth,2023-08-22,2.098254524418153
120507,ICICI Pru Liquid Fund - Regular - Growth,2023-08-23,2.2201023854675253
120507,ICICI Pru Liquid Fund - Regular - Growth,2023-08-24,2.3299832848459188
120507,ICICI Pru Liquid Fund - Regular - Growth,2023-08-25,2.102319770195955
120507,ICICI Pru Liquid Fund - Regular - Growth,2023-08-28,2.8362457175470626
120507,ICICI Pru Liquid Fund - Regular - Growth,2023-08-29,2.8281419613562373
120507,ICICI Pru Liquid Fund - Regular - Growth,2023-08-30,2.7424005136087284
120507,ICICI Pru Liquid Fund - Regular - Growth,2023-08-31,2.9400494908903814
120507,ICICI Pru Liquid Fund - Regular - Growth,2023-09-01,2.7691994939415476
120507,ICICI Pru Liquid Fund - Regular - Growth,2023-09-04,3.134161353208538
120507,ICICI Pru Liquid Fund - Regular - Growth,2023-09-05,2.9207929287128205
120507,ICICI Pru Liquid Fund - Regular - Growth,2023-09-06,3.105307912599634
120507,ICICI Pru Liquid Fund - Regular - Growth,2023-09-07,2.576464725235708
120507,ICICI Pru Liquid Fund - Regular - Growth,2023-09-08,2.0906482354079663
120507,ICICI Pru Liquid Fund - Regular - Growth,2023-09-11,1.9364312669672104
120507,ICICI Pru Liquid Fund - Regular - Growth,2023-09-12,1.8827226870510343
120507,ICICI Pru Liquid Fund - Regular - Growth,2023-09-13,1.8957491361052883
120507,ICICI Pru Liquid Fund - Regular - Growth,2023-09-14,1.7582993267635656
120507,ICICI Pru Liquid Fund - Regular - Growth,2023-09-15,1.559947446346619
120507,ICICI Pru Liquid Fund - Regular - Growth,2023-09-18,1.7624217497130634
120507,ICICI Pru Liquid Fund - Regular - Growth,2023-09-19,1.4737837817699817
120507,ICICI Pru Liquid Fund - Regular - Growth,2023-09-20,1.5794838787992738
120507,ICICI Pru Liquid Fund - Regular - Growth,2023-09-21,1.823691225795434
120507,ICICI Pru Liquid Fund - Regular - Growth,2023-09-22,1.7315299660887877
120507,ICICI Pru Liquid Fund - Regular - Growth,2023-09-25,1.9889130996814013
120507,ICICI Pru Liquid Fund - Regular - Growth,2023-09-26,1.649789156253082
120507,ICICI Pru Liquid Fund - Regular - Growth,2023-09-27,1.274171371664669
120507,ICICI Pru Liquid Fund - Regular - Growth,2023-09-28,1.1348963799317071
120507,ICICI Pru Liquid Fund - Regular - Growth,2023-09-29,1.3414475738311364
120507,ICICI Pru Liquid Fund - Regular - Growth,2023-10-02,1.5544105928024567
120507,ICICI Pru Liquid Fund - Regular - Growth,2023-10-03,1.7940208470018393
120507,ICICI Pru Liquid Fund - Regular - Growth,2023-10-04,1.751731217118534
120507,ICICI Pru Liquid Fund - Regular - Growth,2023-10-05,1.9448004371699954
120507,ICICI Pru Liquid Fund - Regular - Growth,2023-10-06,1.6960129036830178
120507,ICICI Pru Liquid Fund - Regular - Growth,2023-10-09,1.554378050621582
120507,ICICI Pru Liquid Fund - Regular - Growth,2023-10-10,1.3990624672017817
120507,ICICI Pru Liquid Fund - Regular - Growth,2023-10-11,1.1441721966491574
120507,ICICI Pru Liquid Fund - Regular - Growth,2023-10-12,0.8382956366491864
120507,ICICI Pru Liquid Fund - Regular - Growth,2023-10-13,0.7491224557042881
120507,ICICI Pru Liquid Fund - Regular - Growth,2023-10-16,0.78492151398822
120507,ICICI Pru Liquid Fund - Regular - Growth,2023-10-17,0.2349168095442268
120507,ICICI Pru Liquid Fund - Regular - Growth,2023-10-18,0.38859901925179596
120507,ICICI Pru Liquid Fund - Regular - Growth,2023-10-19,0.3051643115720886
120507,ICICI Pru Liquid Fund - Regular - Growth,2023-10-20,0.4303071559908426
120507,ICICI Pru Liquid Fund - Regular - Growth,2023-10-23,0.7669601346621322
120507,ICICI Pru Liquid Fund - Regular - Growth,2023-10-24,0.8040063724950397
120507,ICICI Pru Liquid Fund - Regular - Growth,2023-10-25,1.0183876036093353
120507,ICICI Pru Liquid Fund - Regular - Growth,2023-10-26,0.846442006404428
120507,ICICI Pru Liquid Fund - Regular - Growth,2023-10-27,0.7096164013434181
120507,ICICI Pru Liquid Fund - Regular - Growth,2023-10-30,0.9476999387588274
120507,ICICI Pru Liquid Fund - Regular - Growth,2023-10-31,0.7721655167720521
120507,ICICI Pru Liquid Fund - Regular - Growth,2023-11-01,1.1821666880243333
120507,ICICI Pru Liquid Fund - Regular - Growth,2023-11-02,1.2237561081581825
120507,ICICI Pru Liquid Fund - Regular - Growth,2023-11-03,1.2737390123491519
120507,ICICI Pru Liquid Fund - Regular - Growth,2023-11-06,1.059145831568584
120507,ICICI Pru Liquid Fund - Regular - Growth,2023-11-07,1.0087187360589962
120507,ICICI Pru Liquid Fund - Regular - Growth,2023-11-08,1.1061893198854582
120507,ICICI Pru Liquid Fund - Regular - Growth,2023-11-09,1.3237605440478326
120507,ICICI Pru Liquid Fund - Regular - Growth,2023-11-10,1.0718881963531721
120507,ICICI Pru Liquid Fund - Regular - Growth,2023-11-13,0.7263344802440331
120507,ICICI Pru Liquid Fund - Regular - Growth,2023-11-14,0.501660615675369
120507,ICICI Pru Liquid Fund - Regular - Growth,2023-11-15,0.14524300515681543
120507,ICICI Pru Liquid Fund - Regular - Growth,2023-11-16,0.29527434153027593
120507,ICICI Pru Liquid Fund - Regular - Growth,2023-11-17,0.41800078848968697
120507,ICICI Pru Liquid Fund - Regular - Growth,2023-11-20,0.3369286716268382
120507,ICICI Pru Liquid Fund - Regular - Growth,2023-11-21,0.3923023683094394
120507,ICICI Pru Liquid Fund - Regular - Growth,2023-11-22,0.6507237780039009
120507,ICICI Pru Liquid Fund - Regular - Growth,2023-11-23,0.5479553491287016
120507,ICICI Pru Liquid Fund - Regular - Growth,2023-11-24,0.4040733653666596
120507,ICICI Pru Liquid Fund - Regular - Growth,2023-11-27,0.12407242813230814
120507,ICICI Pru Liquid Fund - Regular - Growth,2023-11-28,0.1645525322549673
120507,ICICI Pru Liquid Fund - Regular - Growth,2023-11-29,-0.030975043567467248
120507,ICICI Pru Liquid Fund - Regular - Growth,2023-11-30,-0.09468744059059526
120507,ICICI Pru Liquid Fund - Regular - Growth,2023-12-01,-0.2222980339652439
120507,ICICI Pru Liquid Fund - Regular - Growth,2023-12-04,0.026490922882028346
120507,ICICI Pru Liquid Fund - Regular - Growth,2023-12-05,0.18780258463929475
120507,ICICI Pru Liquid Fund - Regular - Growth,2023-12-06,0.11602875263239007
120507,ICICI Pru Liquid Fund - Regular - Growth,2023-12-07,0.0697710700449233
120507,ICICI Pru Liquid Fund - Regular - Growth,2023-12-08,0.3809367011698418
120507,ICICI Pru Liquid Fund - Regular - Growth,2023-12-11,0.21260548056150533
120507,ICICI Pru Liquid Fund - Regular - Growth,2023-12-12,0.08480672151972037
120507,ICICI Pru Liquid Fund - Regular - Growth,2023-12-13,0.08811504717068107
120507,ICICI Pru Liquid Fund - Regular - Growth,2023-12-14,0.0881086709204783
120507,ICICI Pru Liquid Fund - Regular - Growth,2023-12-15,-0.41193665366184545
120507,ICICI Pru Liquid Fund - Regular - Growth,2023-12-18,-0.07768351568845186
120507,ICICI Pru Liquid Fund - Regular - Growth,2023-12-19,-0.49669681809081717
120507,ICICI Pru Liquid Fund - Regular - Growth,2023-12-20,-0.6098362718972237
120507,ICICI Pru Liquid Fund - Regular - Growth,2023-12-21,-0.5518244265248117
120507,ICICI Pru Liquid Fund - Regular - Growth,2023-12-22,-0.14321628088193017
120507,ICICI Pru Liquid Fund - Regular - Growth,2023-12-25,-0.17902398952196918
120507,ICICI Pru Liquid Fund - Regular - Growth,2023-12-26,0.014921603027697909
120507,ICICI Pru Liquid Fund - Regular - Growth,2023-12-27,0.46337403054987364
120507,ICICI Pru Liquid Fund - Regular - Growth,2023-12-28,0.4231482844284966
120507,ICICI Pru Liquid Fund - Regular - Growth,2023-12-29,0.3144442456192319
120507,ICICI Pru Liquid Fund - Regular - Growth,2024-01-01,0.1928810579425084
120507,ICICI Pru Liquid Fund - Regular - Growth,2024-01-02,0.03152139073686176
120507,ICICI Pru Liquid Fund - Regular - Growth,2024-01-03,0.24421304780748404
120507,ICICI Pru Liquid Fund - Regular - Growth,2024-01-04,-0.12103628331575064
120507,ICICI Pru Liquid Fund - Regular - Growth,2024-01-05,0.18557136621868803
120507,ICICI Pru Liquid Fund - Regular - Growth,2024-01-08,-0.011240360194247515
120507,ICICI Pru Liquid Fund - Regular - Growth,2024-01-09,-0.14755176968418687
120507,ICICI Pru Liquid Fund - Regular - Growth,2024-01-10,-0.3625882324155895
120507,ICICI Pru Liquid Fund - Regular - Growth,2024-01-11,0.19591833432736197
120507,ICICI Pru Liquid Fund - Regular - Growth,2024-01-12,0.4312608464319385
120507,ICICI Pru Liquid Fund - Regular - Growth,2024-01-15,0.492628605631361
120507,ICICI Pru Liquid Fund - Regular - Growth,2024-01-16,0.29868662155171394
120507,ICICI Pru Liquid Fund - Regular - Growth,2024-01-17,0.4343632256072403
120507,ICICI Pru Liquid Fund - Regular - Growth,2024-01-18,0.5531294458083849
120507,ICICI Pru Liquid Fund - Regular - Growth,2024-01-19,0.8519836206791621
120507,ICICI Pru Liquid Fund - Regular - Growth,2024-01-22,0.4626531569377741
120507,ICICI Pru Liquid Fund - Regular - Growth,2024-01-23,0.8623732943849214
120507,ICICI Pru Liquid Fund - Regular - Growth,2024-01-24,0.8857055669416041
120507,ICICI Pru Liquid Fund - Regular - Growth,2024-01-25,0.5196432967060014
120507,ICICI Pru Liquid Fund - Regular - Growth,2024-01-26,0.4484154757275598
120507,ICICI Pru Liquid Fund - Regular - Growth,2024-01-29,0.2621733015176888
120507,ICICI Pru Liquid Fund - Regular - Growth,2024-01-30,0.4665729769086383
120507,ICICI Pru Liquid Fund - Regular - Growth,2024-01-31,0.7539432065705898
120507,ICICI Pru Liquid Fund - Regular - Growth,2024-02-01,0.5536559083573028
120507,ICICI Pru Liquid Fund - Regular - Growth,2024-02-02,0.7502239642781904
120507,ICICI Pru Liquid Fund - Regular - Growth,2024-02-05,0.8317527168806867
120507,ICICI Pru Liquid Fund - Regular - Growth,2024-02-06,0.8140123924589869
120507,ICICI Pru Liquid Fund - Regular - Growth,2024-02-07,1.0180268287091696
120507,ICICI Pru Liquid Fund - Regular - Growth,2024-02-08,0.949180522881779
120507,ICICI Pru Liquid Fund - Regular - Growth,2024-02-09,1.164430011895609
120507,ICICI Pru Liquid Fund - Regular - Growth,2024-02-12,1.2057173006201536
120507,ICICI Pru Liquid Fund - Regular - Growth,2024-02-13,1.4636914642884897
120507,ICICI Pru Liquid Fund - Regular - Growth,2024-02-14,1.6318836144363795
120507,ICICI Pru Liquid Fund - Regular - Growth,2024-02-15,1.4710233574907443
120507,ICICI Pru Liquid Fund - Regular - Growth,2024-02-16,1.9833309745720444
120507,ICICI Pru Liquid Fund - Regular - Growth,2024-02-19,2.064175555963457
120507,ICICI Pru Liquid Fund - Regular - Growth,2024-02-20,2.0930250531747405
120507,ICICI Pru Liquid Fund - Regular - Growth,2024-02-21,2.03554511802308
120507,ICICI Pru Liquid Fund - Regular - Growth,2024-02-22,1.6730925794841414
120507,ICICI Pru Liquid Fund - Regular - Growth,2024-02-23,1.5843850911019768
120507,ICICI Pru Liquid Fund - Regular - Growth,2024-02-26,1.2779933728790251
120507,ICICI Pru Liquid Fund - Regular - Growth,2024-02-27,1.1617070233498081
120507,ICICI Pru Liquid Fund - Regular - Growth,2024-02-28,0.9871501851437187
120507,ICICI Pru Liquid Fund - Regular - Growth,2024-02-29,1.2494045979824646
120507,ICICI Pru Liquid Fund - Regular - Growth,2024-03-01,1.5195535575011199
120507,ICICI Pru Liquid Fund - Regular - Growth,2024-03-04,1.5873713697768064
120507,ICICI Pru Liquid Fund - Regular - Growth,2024-03-05,1.8306935597687284
120507,ICICI Pru Liquid Fund - Regular - Growth,2024-03-06,1.4663700042529775
120507,ICICI Pru Liquid Fund - Regular - Growth,2024-03-07,1.2501965881300745
120507,ICICI Pru Liquid Fund - Regular - Growth,2024-03-08,0.8745372511983543
120507,ICICI Pru Liquid Fund - Regular - Growth,2024-03-11,0.565296240659347
120507,ICICI Pru Liquid Fund - Regular - Growth,2024-03-12,0.34178757092018397
120507,ICICI Pru Liquid Fund - Regular - Growth,2024-03-13,0.46109794266089116
120507,ICICI Pru Liquid Fund - Regular - Growth,2024-03-14,0.27085688940864255
120507,ICICI Pru Liquid Fund - Regular - Growth,2024-03-15,0.4537930881572332
120507,ICICI Pru Liquid Fund - Regular - Growth,2024-03-18,0.8631149574354803
120507,ICICI Pru Liquid Fund - Regular - Growth,2024-03-19,0.8495451859102624
120507,ICICI Pru Liquid Fund - Regular - Growth,2024-03-20,1.0312505493531579
120507,ICICI Pru Liquid Fund - Regular - Growth,2024-03-21,0.7199496092067635
120507,ICICI Pru Liquid Fund - Regular - Growth,2024-03-22,0.39990436451844585
120507,ICICI Pru Liquid Fund - Regular - Growth,2024-03-25,0.7399055817414462
120507,ICICI Pru Liquid Fund - Regular - Growth,2024-03-26,0.4698477222784953
120507,ICICI Pru Liquid Fund - Regular - Growth,2024-03-27,0.09654353292123148
120507,ICICI Pru Liquid Fund - Regular - Growth,2024-03-28,0.1290821875246706
120507,ICICI Pru Liquid Fund - Regular - Growth,2024-03-29,0.6661405542950596
120507,ICICI Pru Liquid Fund - Regular - Growth,2024-04-01,0.5630674444202282
120507,ICICI Pru Liquid Fund - Regular - Growth,2024-04-02,0.33530391298092244
120507,ICICI Pru Liquid Fund - Regular - Growth,2024-04-03,0.6555834542486015
120507,ICICI Pru Liquid Fund - Regular - Growth,2024-04-04,0.7390098886340906
120507,ICICI Pru Liquid Fund - Regular - Growth,2024-04-05,0.9602005888599994
120507,ICICI Pru Liquid Fund - Regular - Growth,2024-04-08,0.7929255158045424
120507,ICICI Pru Liquid Fund - Regular - Growth,2024-04-09,0.8761940198737946
120507,ICICI Pru Liquid Fund - Regular - Growth,2024-04-10,0.9867933265958468
120507,ICICI Pru Liquid Fund - Regular - Growth,2024-04-11,0.9686153183169185
120507,ICICI Pru Liquid Fund - Regular - Growth,2024-04-12,0.6572613428516135
120507,ICICI Pru Liquid Fund - Regular - Growth,2024-04-15,0.9279642758474664
120507,ICICI Pru Liquid Fund - Regular - Growth,2024-04-16,1.1259075504136198
120507,ICICI Pru Liquid Fund - Regular - Growth,2024-04-17,1.0152589205491083
120507,ICICI Pru Liquid Fund - Regular - Growth,2024-04-18,1.2353124231042971
120507,ICICI Pru Liquid Fund - Regular - Growth,2024-04-19,1.6948332704541071
120507,ICICI Pru Liquid Fund - Regular - Growth,2024-04-22,1.59697758469131
120507,ICICI Pru Liquid Fund - Regular - Growth,2024-04-23,1.3013999269720713
120507,ICICI Pru Liquid Fund - Regular - Growth,2024-04-24,1.5373010612617362
120507,ICICI Pru Liquid Fund - Regular - Growth,2024-04-25,1.6172564469944084
120507,ICICI Pru Liquid Fund - Regular - Growth,2024-04-26,1.142042869467267
120507,ICICI Pru Liquid Fund - Regular - Growth,2024-04-29,1.5370441947911504
120507,ICICI Pru Liquid Fund - Regular - Growth,2024-04-30,1.6762063710158834
120507,ICICI Pru Liquid Fund - Regular - Growth,2024-05-01,1.1423745756729382
120507,ICICI Pru Liquid Fund - Regular - Growth,2024-05-02,1.2026505700377266
120507,ICICI Pru Liquid Fund - Regular - Growth,2024-05-03,1.6265430510421017
120507,ICICI Pru Liquid Fund - Regular - Growth,2024-05-06,1.5283839945802484
120507,ICICI Pru Liquid Fund - Regular - Growth,2024-05-07,1.4598939736780152
120507,ICICI Pru Liquid Fund - Regular - Growth,2024-05-08,1.271860601261843
120507,ICICI Pru Liquid Fund - Regular - Growth,2024-05-09,1.176552332698244
120507,ICICI Pru Liquid Fund - Regular - Growth,2024-05-10,0.8388972936913639
120507,ICICI Pru Liquid Fund - Regular - Growth,2024-05-13,1.111433513693356
120507,ICICI Pru Liquid Fund - Regular - Growth,2024-05-14,1.5800350553253362
120507,ICICI Pru Liquid Fund - Regular - Growth,2024-05-15,1.8081547812997345
120507,ICICI Pru Liquid Fund - Regular - Growth,2024-05-16,1.3524099518971249
120507,ICICI Pru Liquid Fund - Regular - Growth,2024-05-17,1.4675499651274946
120507,ICICI Pru Liquid Fund - Regular - Growth,2024-05-20,1.2316655517576158
120507,ICICI Pru Liquid Fund - Regular - Growth,2024-05-21,0.8337746610479037
120507,ICICI Pru Liquid Fund - Regular - Growth,2024-05-22,0.5451001101525231
120507,ICICI Pru Liquid Fund - Regular - Growth,2024-05-23,0.8861732854468227
120507,ICICI Pru Liquid Fund - Regular - Growth,2024-05-24,0.8799075408214021
120507,ICICI Pru Liquid Fund - Regular - Growth,2024-05-27,1.0502079022712454
120507,ICICI Pru Liquid Fund - Regular - Growth,2024-05-28,0.5865594872192434
120507,ICICI Pru Liquid Fund - Regular - Growth,2024-05-29,0.6729540872351274
120507,ICICI Pru Liquid Fund - Regular - Growth,2024-05-30,0.8825872346111725
120507,ICICI Pru Liquid Fund - Regular - Growth,2024-05-31,0.5437694894269768
120507,ICICI Pru Liquid Fund - Regular - Growth,2024-06-03,0.45520193388813096
120507,ICICI Pru Liquid Fund - Regular - Growth,2024-06-04,0.34413502781111416
120507,ICICI Pru Liquid Fund - Regular - Growth,2024-06-05,0.01984334173546519
120507,ICICI Pru Liquid Fund - Regular - Growth,2024-06-06,0.07108972157936955
120507,ICICI Pru Liquid Fund - Regular - Growth,2024-06-07,-0.17684717319206855
120507,ICICI Pru Liquid Fund - Regular - Growth,2024-06-10,-0.3622679567004273
120507,ICICI Pru Liquid Fund - Regular - Growth,2024-06-11,-0.7203480752350444
120507,ICICI Pru Liquid Fund - Regular - Growth,2024-06-12,-0.7980566784033561
120507,ICICI Pru Liquid Fund - Regular - Growth,2024-06-13,-0.5431425595757484
120507,ICICI Pru Liquid Fund - Regular - Growth,2024-06-14,-0.7538235061812184
120507,ICICI Pru Liquid Fund - Regular - Growth,2024-06-17,-0.9435192231905328
120507,ICICI Pru Liquid Fund - Regular - Growth,2024-06-18,-1.2991174617065684
120507,ICICI Pru Liquid Fund - Regular - Growth,2024-06-19,-1.3327816923786038
120507,ICICI Pru Liquid Fund - Regular - Growth,2024-06-20,-0.931935384327332
120507,ICICI Pru Liquid Fund - Regular - Growth,2024-06-21,-1.6264532027676484
120507,ICICI Pru Liquid Fund - Regular - Growth,2024-06-24,-1.7541049126802906
120507,ICICI Pru Liquid Fund - Regular - Growth,2024-06-25,-1.3484858332198066
120507,ICICI Pru Liquid Fund - Regular - Growth,2024-06-26,-1.0311044966561844
120507,ICICI Pru Liquid Fund - Regular - Growth,2024-06-27,-0.7552338250602306
120507,ICICI Pru Liquid Fund - Regular - Growth,2024-06-28,-0.9806073745711408
120507,ICICI Pru Liquid Fund - Regular - Growth,2024-07-01,-0.18433043518086953
120507,ICICI Pru Liquid Fund - Regular - Growth,2024-07-02,0.09929037203232992
120507,ICICI Pru Liquid Fund - Regular - Growth,2024-07-03,-0.0795156744586121
120507,ICICI Pru Liquid Fund - Regular - Growth,2024-07-04,-0.4256624202240598
120507,ICICI Pru Liquid Fund - Regular - Growth,2024-07-05,-0.2466955962539591
120507,ICICI Pru Liquid Fund - Regular - Growth,2024-07-08,-0.5850239220817994
120507,ICICI Pru Liquid Fund - Regular - Growth,2024-07-09,-0.3516700206880962
120507,ICICI Pru Liquid Fund - Regular - Growth,2024-07-10,-0.2762598429121992
120507,ICICI Pru Liquid Fund - Regular - Growth,2024-07-11,-0.18767343903279685
120507,ICICI Pru Liquid Fund - Regular - Growth,2024-07-12,-0.20155398008531922
120507,ICICI Pru Liquid Fund - Regular - Growth,2024-07-15,0.01385418259831239
120507,ICICI Pru Liquid Fund - Regular - Growth,2024-07-16,0.4709014789875881
120507,ICICI Pru Liquid Fund - Regular - Growth,2024-07-17,0.3701294105375576
120507,ICICI Pru Liquid Fund - Regular - Growth,2024-07-18,0.33672300098375074
120507,ICICI Pru Liquid Fund - Regular - Growth,2024-07-19,0.3522964579266556
120507,ICICI Pru Liquid Fund - Regular - Growth,2024-07-22,0.45823288929834866
120507,ICICI Pru Liquid Fund - Regular - Growth,2024-07-23,0.42305120605539953
120507,ICICI Pru Liquid Fund - Regular - Growth,2024-07-24,0.40809768414608355
120507,ICICI Pru Liquid Fund - Regular - Growth,2024-07-25,0.3437634579275429
120507,ICICI Pru Liquid Fund - Regular - Growth,2024-07-26,0.512485616879905
120507,ICICI Pru Liquid Fund - Regular - Growth,2024-07-29,0.2516015785899717
120507,ICICI Pru Liquid Fund - Regular - Growth,2024-07-30,-0.06483477313965227
120507,ICICI Pru Liquid Fund - Regular - Growth,2024-07-31,-0.24514972029782292
120507,ICICI Pru Liquid Fund - Regular - Growth,2024-08-01,-0.25867813759155245
120507,ICICI Pru Liquid Fund - Regular - Growth,2024-08-02,-0.5154285457487299
120507,ICICI Pru Liquid Fund - Regular - Growth,2024-08-05,-0.288472665429924
120507,ICICI Pru Liquid Fund - Regular - Growth,2024-08-06,-0.08263862798617698
120507,ICICI Pru Liquid Fund - Regular - Growth,2024-08-07,-0.07863399367037646
120507,ICICI Pru Liquid Fund - Regular - Growth,2024-08-08,-0.1403697329882745
120507,ICICI Pru Liquid Fund - Regular - Growth,2024-08-09,-0.26115295382989157
120507,ICICI Pru Liquid Fund - Regular - Growth,2024-08-12,0.03983692655031946
120507,ICICI Pru Liquid Fund - Regular - Growth,2024-08-13,0.021302701818601853
120507,ICICI Pru Liquid Fund - Regular - Growth,2024-08-14,0.2866737472867391
120507,ICICI Pru Liquid Fund - Regular - Growth,2024-08-15,0.47082263215655107
120507,ICICI Pru Liquid Fund - Regular - Growth,2024-08-16,0.29910438409302664
120507,ICICI Pru Liquid Fund - Regular - Growth,2024-08-19,-0.007876213934858229
120507,ICICI Pru Liquid Fund - Regular - Growth,2024-08-20,-0.14741474000793953
120507,ICICI Pru Liquid Fund - Regular - Growth,2024-08-21,0.09579269553449603
120507,ICICI Pru Liquid Fund - Regular - Growth,2024-08-22,-0.19443087450776167
120507,ICICI Pru Liquid Fund - Regular - Growth,2024-08-23,-0.5430913289660628
120507,ICICI Pru Liquid Fund - Regular - Growth,2024-08-26,-0.8079018743410956
120507,ICICI Pru Liquid Fund - Regular - Growth,2024-08-27,-0.4842164514178125
120507,ICICI Pru Liquid Fund - Regular - Growth,2024-08-28,-0.6136408709843535
120507,ICICI Pru Liquid Fund - Regular - Growth,2024-08-29,-0.338241714059911
120507,ICICI Pru Liquid Fund - Regular - Growth,2024-08-30,0.02558080922907275
120507,ICICI Pru Liquid Fund - Regular - Growth,2024-09-02,-0.019934913136409035
120507,ICICI Pru Liquid Fund - Regular - Growth,2024-09-03,-0.5140974754637692
120507,ICICI Pru Liquid Fund - Regular - Growth,2024-09-04,-0.4492994911436062
120507,ICICI Pru Liquid Fund - Regular - Growth,2024-09-05,-0.39402931491320015
120507,ICICI Pru Liquid Fund - Regular - Growth,2024-09-06,-0.8019907558185367
120507,ICICI Pru Liquid Fund - Regular - Growth,2024-09-09,-0.15421381502525905
120507,ICICI Pru Liquid Fund - Regular - Growth,2024-09-10,-0.12369059340704264
120507,ICICI Pru Liquid Fund - Regular - Growth,2024-09-11,-0.17313232340879361
120507,ICICI Pru Liquid Fund - Regular - Growth,2024-09-12,-0.14799224027411512
120507,ICICI Pru Liquid Fund - Regular - Growth,2024-09-13,0.12180074656879791
120507,ICICI Pru Liquid Fund - Regular - Growth,2024-09-16,-0.07824906096783148
120507,ICICI Pru Liquid Fund - Regular - Growth,2024-09-17,0.1823116354199246
120507,ICICI Pru Liquid Fund - Regular - Growth,2024-09-18,0.30738815890857396
120507,ICICI Pru Liquid Fund - Regular - Growth,2024-09-19,0.6536713785365221
120507,ICICI Pru Liquid Fund - Regular - Growth,2024-09-20,0.26739760678855945
120507,ICICI Pru Liquid Fund - Regular - Growth,2024-09-23,0.46300077823084146
120507,ICICI Pru Liquid Fund - Regular - Growth,2024-09-24,0.9980546470993501
120507,ICICI Pru Liquid Fund - Regular - Growth,2024-09-25,1.17813440104503
120507,ICICI Pru Liquid Fund - Regular - Growth,2024-09-26,0.778147286711577
120507,ICICI Pru Liquid Fund - Regular - Growth,2024-09-27,0.5321702880014091
120507,ICICI Pru Liquid Fund - Regular - Growth,2024-09-30,0.4467586669988065
120507,ICICI Pru Liquid Fund - Regular - Growth,2024-10-01,0.4109502216632221
120507,ICICI Pru Liquid Fund - Regular - Growth,2024-10-02,0.7612340705867116
120507,ICICI Pru Liquid Fund - Regular - Growth,2024-10-03,0.37667641562971593
120507,ICICI Pru Liquid Fund - Regular - Growth,2024-10-04,0.6920041103794166
120507,ICICI Pru Liquid Fund - Regular - Growth,2024-10-07,0.5154956865291092
120507,ICICI Pru Liquid Fund - Regular - Growth,2024-10-08,0.37902798812080774
120507,ICICI Pru Liquid Fund - Regular - Growth,2024-10-09,0.25783832953386704
120507,ICICI Pru Liquid Fund - Regular - Growth,2024-10-10,0.3096699935621795
120507,ICICI Pru Liquid Fund - Regular - Growth,2024-10-11,0.499088520432078
120507,ICICI Pru Liquid Fund - Regular - Growth,2024-10-14,0.5435763472952247
120507,ICICI Pru Liquid Fund - Regular - Growth,2024-10-15,0.3847695124188838
120507,ICICI Pru Liquid Fund - Regular - Growth,2024-10-16,0.7199993991516589
120507,ICICI Pru Liquid Fund - Regular - Growth,2024-10-17,0.6631164335773534
120507,ICICI Pru Liquid Fund - Regular - Growth,2024-10-18,0.8314248115917886
120507,ICICI Pru Liquid Fund - Regular - Growth,2024-10-21,1.1206353921061216
120507,ICICI Pru Liquid Fund - Regular - Growth,2024-10-22,1.343950601766123
120507,ICICI Pru Liquid Fund - Regular - Growth,2024-10-23,1.452348828933464
120507,ICICI Pru Liquid Fund - Regular - Growth,2024-10-24,1.2320707893468232
120507,ICICI Pru Liquid Fund - Regular - Growth,2024-10-25,1.5886019896283812
120507,ICICI Pru Liquid Fund - Regular - Growth,2024-10-28,1.626908862745513
120507,ICICI Pru Liquid Fund - Regular - Growth,2024-10-29,1.519568029358225
120507,ICICI Pru Liquid Fund - Regular - Growth,2024-10-30,1.108927527177324
120507,ICICI Pru Liquid Fund - Regular - Growth,2024-10-31,1.1545696210411749
120507,ICICI Pru Liquid Fund - Regular - Growth,2024-11-01,0.9994827966258198
120507,ICICI Pru Liquid Fund - Regular - Growth,2024-11-04,0.23772888049349786
120507,ICICI Pru Liquid Fund - Regular - Growth,2024-11-05,0.21429344060071706
120507,ICICI Pru Liquid Fund - Regular - Growth,2024-11-06,0.058690703206696546
120507,ICICI Pru Liquid Fund - Regular - Growth,2024-11-07,0.18479378373752997
120507,ICICI Pru Liquid Fund - Regular - Growth,2024-11-08,0.07703982150915543
120507,ICICI Pru Liquid Fund - Regular - Growth,2024-11-11,0.31182740773503664
120507,ICICI Pru Liquid Fund - Regular - Growth,2024-11-12,0.07200712064389239
120507,ICICI Pru Liquid Fund - Regular - Growth,2024-11-13,0.060737289550118846
120507,ICICI Pru Liquid Fund - Regular - Growth,2024-11-14,0.05258806796095276
120507,ICICI Pru Liquid Fund - Regular - Growth,2024-11-15,0.22700089702779772
120507,ICICI Pru Liquid Fund - Regular - Growth,2024-11-18,0.633941990071093
120507,ICICI Pru Liquid Fund - Regular - Growth,2024-11-19,0.4256579468308499
120507,ICICI Pru Liquid Fund - Regular - Growth,2024-11-20,0.4803040784587959
120507,ICICI Pru Liquid Fund - Regular - Growth,2024-11-21,0.39171011225512603
120507,ICICI Pru Liquid Fund - Regular - Growth,2024-11-22,0.48160404911604965
120507,ICICI Pru Liquid Fund - Regular - Growth,2024-11-25,0.5632813971376469
120507,ICICI Pru Liquid Fund - Regular - Growth,2024-11-26,0.7135864763269858
120507,ICICI Pru Liquid Fund - Regular - Growth,2024-11-27,0.909066901578511
120507,ICICI Pru Liquid Fund - Regular - Growth,2024-11-28,0.9678722946716593
120507,ICICI Pru Liquid Fund - Regular - Growth,2024-11-29,0.938621417308602
120507,ICICI Pru Liquid Fund - Regular - Growth,2024-12-02,1.2566384080920638
120507,ICICI Pru Liquid Fund - Regular - Growth,2024-12-03,1.7518651098656643
120507,ICICI Pru Liquid Fund - Regular - Growth,2024-12-04,2.1808730643334147
120507,ICICI Pru Liquid Fund - Regular - Growth,2024-12-05,2.276489418070876
120507,ICICI Pru Liquid Fund - Regular - Growth,2024-12-06,1.9228235109323826
120507,ICICI Pru Liquid Fund - Regular - Growth,2024-12-09,2.0279466996105406
120507,ICICI Pru Liquid Fund - Regular - Growth,2024-12-10,2.3158844687652196
120507,ICICI Pru Liquid Fund - Regular - Growth,2024-12-11,2.156890458782812
120507,ICICI Pru Liquid Fund - Regular - Growth,2024-12-12,2.2277279978750792
120507,ICICI Pru Liquid Fund - Regular - Growth,2024-12-13,2.135498176092919
120507,ICICI Pru Liquid Fund - Regular - Growth,2024-12-16,1.769572418921835
120507,ICICI Pru Liquid Fund - Regular - Growth,2024-12-17,1.6163779363563704
120507,ICICI Pru Liquid Fund - Regular - Growth,2024-12-18,0.9782877173090564
120507,ICICI Pru Liquid Fund - Regular - Growth,2024-12-19,1.098916821642086
120507,ICICI Pru Liquid Fund - Regular - Growth,2024-12-20,0.7972159661114221
120507,ICICI Pru Liquid Fund - Regular - Growth,2024-12-23,0.8378168985679455
120507,ICICI Pru Liquid Fund - Regular - Growth,2024-12-24,0.7575350899763696
120507,ICICI Pru Liquid Fund - Regular - Growth,2024-12-25,0.4027368489076631
120507,ICICI Pru Liquid Fund - Regular - Growth,2024-12-26,0.6995514162178167
120507,ICICI Pru Liquid Fund - Regular - Growth,2024-12-27,0.8708009313437983
120507,ICICI Pru Liquid Fund - Regular - Growth,2024-12-30,0.6505836386580659
120507,ICICI Pru Liquid Fund - Regular - Growth,2024-12-31,0.5666156435798995
120507,ICICI Pru Liquid Fund - Regular - Growth,2025-01-01,0.38764580148294675
120507,ICICI Pru Liquid Fund - Regular - Growth,2025-01-02,0.06531560840140428
120507,ICICI Pru Liquid Fund - Regular - Growth,2025-01-03,-0.06123012697586814
120507,ICICI Pru Liquid Fund - Regular - Growth,2025-01-06,0.25393004132859925
120507,ICICI Pru Liquid Fund - Regular - Growth,2025-01-07,0.16732908134652127
120507,ICICI Pru Liquid Fund - Regular - Growth,2025-01-08,0.24505470901451532
120507,ICICI Pru Liquid Fund - Regular - Growth,2025-01-09,0.07395456612060679
120507,ICICI Pru Liquid Fund - Regular - Growth,2025-01-10,0.42888934107486987
120507,ICICI Pru Liquid Fund - Regular - Growth,2025-01-13,0.132520702307958
120507,ICICI Pru Liquid Fund - Regular - Growth,2025-01-14,0.23080138806046974
120507,ICICI Pru Liquid Fund - Regular - Growth,2025-01-15,0.28145602808658915
120507,ICICI Pru Liquid Fund - Regular - Growth,2025-01-16,0.23547494668134503
120507,ICICI Pru Liquid Fund - Regular - Growth,2025-01-17,0.35528365713121124
120507,ICICI Pru Liquid Fund - Regular - Growth,2025-01-20,0.689841682221462
120507,ICICI Pru Liquid Fund - Regular - Growth,2025-01-21,0.4866153436299099
120507,ICICI Pru Liquid Fund - Regular - Growth,2025-01-22,0.4776624978915626
120507,ICICI Pru Liquid Fund - Regular - Growth,2025-01-23,0.380838681109571
120507,ICICI Pru Liquid Fund - Regular - Growth,2025-01-24,0.8820704000708361
120507,ICICI Pru Liquid Fund - Regular - Growth,2025-01-27,0.9117662744499008
120507,ICICI Pru Liquid Fund - Regular - Growth,2025-01-28,0.667055071645033
120507,ICICI Pru Liquid Fund - Regular - Growth,2025-01-29,0.5626904488655261
120507,ICICI Pru Liquid Fund - Regular - Growth,2025-01-30,0.739290185287414
120507,ICICI Pru Liquid Fund - Regular - Growth,2025-01-31,0.7631029947767216
120507,ICICI Pru Liquid Fund - Regular - Growth,2025-02-03,1.1187544539100271
120507,ICICI Pru Liquid Fund - Regular - Growth,2025-02-04,1.2792084076654977
120507,ICICI Pru Liquid Fund - Regular - Growth,2025-02-05,1.0398683047591668
120507,ICICI Pru Liquid Fund - Regular - Growth,2025-02-06,1.4830331148284641
120507,ICICI Pru Liquid Fund - Regular - Growth,2025-02-07,1.820947879860624
120507,ICICI Pru Liquid Fund - Regular - Growth,2025-02-10,1.8529973967090658
120507,ICICI Pru Liquid Fund - Regular - Growth,2025-02-11,1.8756924441494256
120507,ICICI Pru Liquid Fund - Regular - Growth,2025-02-12,2.0105515647447763
120507,ICICI Pru Liquid Fund - Regular - Growth,2025-02-13,2.0704241132894534
120507,ICICI Pru Liquid Fund - Regular - Growth,2025-02-14,1.8668263288583857
120507,ICICI Pru Liquid Fund - Regular - Growth,2025-02-17,1.733251877824749
120507,ICICI Pru Liquid Fund - Regular - Growth,2025-02-18,1.8646579424232461
120507,ICICI Pru Liquid Fund - Regular - Growth,2025-02-19,1.7155287608339493
120507,ICICI Pru Liquid Fund - Regular - Growth,2025-02-20,1.4103483404905979
120507,ICICI Pru Liquid Fund - Regular - Growth,2025-02-21,1.4473731333865474
120507,ICICI Pru Liquid Fund - Regular - Growth,2025-02-24,1.3014968461424543
120507,ICICI Pru Liquid Fund - Regular - Growth,2025-02-25,1.276309616300491
120507,ICICI Pru Liquid Fund - Regular - Growth,2025-02-26,1.3107846661091636
120507,ICICI Pru Liquid Fund - Regular - Growth,2025-02-27,1.657451723183404
120507,ICICI Pru Liquid Fund - Regular - Growth,2025-02-28,1.5962015641201932
120507,ICICI Pru Liquid Fund - Regular - Growth,2025-03-03,1.5265728791162687
120507,ICICI Pru Liquid Fund - Regular - Growth,2025-03-04,1.283804029085872
120507,ICICI Pru Liquid Fund - Regular - Growth,2025-03-05,1.3408549893137298
120507,ICICI Pru Liquid Fund - Regular - Growth,2025-03-06,1.2179225887728782
120507,ICICI Pru Liquid Fund - Regular - Growth,2025-03-07,1.506360887914392
120507,ICICI Pru Liquid Fund - Regular - Growth,2025-03-10,2.0293479991000316
120507,ICICI Pru Liquid Fund - Regular - Growth,2025-03-11,1.9774348407687057
120507,ICICI Pru Liquid Fund - Regular - Growth,2025-03-12,2.0562303090211422
120507,ICICI Pru Liquid Fund - Regular - Growth,2025-03-13,2.285017032932305
120507,ICICI Pru Liquid Fund - Regular - Growth,2025-03-14,2.136894245305898
120507,ICICI Pru Liquid Fund - Regular - Growth,2025-03-17,1.8491391147766318
120507,ICICI Pru Liquid Fund - Regular - Growth,2025-03-18,1.818298277645694
120507,ICICI Pru Liquid Fund - Regular - Growth,2025-03-19,2.158560288118439
120507,ICICI Pru Liquid Fund - Regular - Growth,2025-03-20,2.0008757320060626
120507,ICICI Pru Liquid Fund - Regular - Growth,2025-03-21,1.810865467990811
120507,ICICI Pru Liquid Fund - Regular - Growth,2025-03-24,1.484401413044201
120507,ICICI Pru Liquid Fund - Regular - Growth,2025-03-25,1.4136267389694928
120507,ICICI Pru Liquid Fund - Regular - Growth,2025-03-26,1.2521931768039212
120507,ICICI Pru Liquid Fund - Regular - Growth,2025-03-27,1.4533151691222228
120507,ICICI Pru Liquid Fund - Regular - Growth,2025-03-28,1.5631170454533532
120507,ICICI Pru Liquid Fund - Regular - Growth,2025-03-31,1.5009790524925242
120507,ICICI Pru Liquid Fund - Regular - Growth,2025-04-01,1.3212244113284575
120507,ICICI Pru Liquid Fund - Regular - Growth,2025-04-02,1.15939349130246
120507,ICICI Pru Liquid Fund - Regular - Growth,2025-04-03,1.1105619296051084
120507,ICICI Pru Liquid Fund - Regular - Growth,2025-04-04,1.0000659745734966
120507,ICICI Pru Liquid Fund - Regular - Growth,2025-04-07,1.0706425781675302
120507,ICICI Pru Liquid Fund - Regular - Growth,2025-04-08,0.8840735648872247
120507,ICICI Pru Liquid Fund - Regular - Growth,2025-04-09,0.8462819837801606
120507,ICICI Pru Liquid Fund - Regular - Growth,2025-04-10,1.3463409845488297
120507,ICICI Pru Liquid Fund - Regular - Growth,2025-04-11,1.6137039958266872
120507,ICICI Pru Liquid Fund - Regular - Growth,2025-04-14,1.610056442037546
120507,ICICI Pru Liquid Fund - Regular - Growth,2025-04-15,1.5403635724859766
120507,ICICI Pru Liquid Fund - Regular - Growth,2025-04-16,1.6923197209165708
120507,ICICI Pru Liquid Fund - Regular - Growth,2025-04-17,1.2163166785945945
120507,ICICI Pru Liquid Fund - Regular - Growth,2025-04-18,1.46250218257381
120507,ICICI Pru Liquid Fund - Regular - Growth,2025-04-21,1.3396491778382567
120507,ICICI Pru Liquid Fund - Regular - Growth,2025-04-22,1.5426272569891153
120507,ICICI Pru Liquid Fund - Regular - Growth,2025-04-23,1.6212205691491224
120507,ICICI Pru Liquid Fund - Regular - Growth,2025-04-24,1.3062569705462033
120507,ICICI Pru Liquid Fund - Regular - Growth,2025-04-25,1.6931848938559402
120507,ICICI Pru Liquid Fund - Regular - Growth,2025-04-28,1.5932737499726404
120507,ICICI Pru Liquid Fund - Regular - Growth,2025-04-29,1.761848989316062
120507,ICICI Pru Liquid Fund - Regular - Growth,2025-04-30,2.121054925201642
120507,ICICI Pru Liquid Fund - Regular - Growth,2025-05-01,1.7412535002936809
120507,ICICI Pru Liquid Fund - Regular - Growth,2025-05-02,1.8035631224402995
120507,ICICI Pru Liquid Fund - Regular - Growth,2025-05-05,1.8036204152622441
120507,ICICI Pru Liquid Fund - Regular - Growth,2025-05-06,1.883264310834405
120507,ICICI Pru Liquid Fund - Regular - Growth,2025-05-07,2.0975947788996043
120507,ICICI Pru Liquid Fund - Regular - Growth,2025-05-08,1.9030096059240798
120507,ICICI Pru Liquid Fund - Regular - Growth,2025-05-09,1.6050997038481818
120507,ICICI Pru Liquid Fund - Regular - Growth,2025-05-12,1.3720225775197195
120507,ICICI Pru Liquid Fund - Regular - Growth,2025-05-13,1.983315499712477
120507,ICICI Pru Liquid Fund - Regular - Growth,2025-05-14,1.9746203208116346
120507,ICICI Pru Liquid Fund - Regular - Growth,2025-05-15,1.9454164553180542
120507,ICICI Pru Liquid Fund - Regular - Growth,2025-05-16,1.8020744562459443
120507,ICICI Pru Liquid Fund - Regular - Growth,2025-05-19,1.7450897182845357
120507,ICICI Pru Liquid Fund - Regular - Growth,2025-05-20,1.6805865934228226
120507,ICICI Pru Liquid Fund - Regular - Growth,2025-05-21,1.0774275490189278
120507,ICICI Pru Liquid Fund - Regular - Growth,2025-05-22,1.0502053683477979
120507,ICICI Pru Liquid Fund - Regular - Growth,2025-05-23,0.6726628624232256
120507,ICICI Pru Liquid Fund - Regular - Growth,2025-05-26,0.5545519282620329
120507,ICICI Pru Liquid Fund - Regular - Growth,2025-05-27,0.4209388995735701
120507,ICICI Pru Liquid Fund - Regular - Growth,2025-05-28,0.3058510774877431
120507,ICICI Pru Liquid Fund - Regular - Growth,2025-05-29,0.27578733030960717
120507,ICICI Pru Liquid Fund - Regular - Growth,2025-05-30,-0.24907819386086597
120507,ICICI Pru Liquid Fund - Regular - Growth,2025-06-02,-0.04642865963509938
120507,ICICI Pru Liquid Fund - Regular - Growth,2025-06-03,0.22980647889675632
120507,ICICI Pru Liquid Fund - Regular - Growth,2025-06-04,-0.0014388369119679699
120507,ICICI Pru Liquid Fund - Regular - Growth,2025-06-05,0.06368927483936503
120507,ICICI Pru Liquid Fund - Regular - Growth,2025-06-06,0.04973908116597946
120507,ICICI Pru Liquid Fund - Regular - Growth,2025-06-09,-0.22695578514284623
120507,ICICI Pru Liquid Fund - Regular - Growth,2025-06-10,-0.08572464084006905
120507,ICICI Pru Liquid Fund - Regular - Growth,2025-06-11,0.2825329289146304
120507,ICICI Pru Liquid Fund - Regular - Growth,2025-06-12,0.3469037885965555
120507,ICICI Pru Liquid Fund - Regular - Growth,2025-06-13,-0.14223452377877296
120507,ICICI Pru Liquid Fund - Regular - Growth,2025-06-16,0.0077939976755392795
120507,ICICI Pru Liquid Fund - Regular - Growth,2025-06-17,0.2043699331624063
120507,ICICI Pru Liquid Fund - Regular - Growth,2025-06-18,0.7302101573911269
120507,ICICI Pru Liquid Fund - Regular - Growth,2025-06-19,0.7665068871954143
120507,ICICI Pru Liquid Fund - Regular - Growth,2025-06-20,0.5465317221768582
120507,ICICI Pru Liquid Fund - Regular - Growth,2025-06-23,0.32129793312308497
120507,ICICI Pru Liquid Fund - Regular - Growth,2025-06-24,0.5191666709603152
120507,ICICI Pru Liquid Fund - Regular - Growth,2025-06-25,0.538852374021059
120507,ICICI Pru Liquid Fund - Regular - Growth,2025-06-26,0.5111399614172034
120507,ICICI Pru Liquid Fund - Regular - Growth,2025-06-27,0.641838103808659
120507,ICICI Pru Liquid Fund - Regular - Growth,2025-06-30,0.35745061052770366
120507,ICICI Pru Liquid Fund - Regular - Growth,2025-07-01,0.2056138095230384
120507,ICICI Pru Liquid Fund - Regular - Growth,2025-07-02,0.03680316513345066
120507,ICICI Pru Liquid Fund - Regular - Growth,2025-07-03,-0.23676349522795212
120507,ICICI Pru Liquid Fund - Regular - Growth,2025-07-04,-0.2456842306603743
120507,ICICI Pru Liquid Fund - Regular - Growth,2025-07-07,0.003903956759911846
120507,ICICI Pru Liquid Fund - Regular - Growth,2025-07-08,-0.06568405983412864
120507,ICICI Pru Liquid Fund - Regular - Growth,2025-07-09,0.09964897514450775
120507,ICICI Pru Liquid Fund - Regular - Growth,2025-07-10,0.23083412166137304
120507,ICICI Pru Liquid Fund - Regular - Growth,2025-07-11,0.12227668040450165
120507,ICICI Pru Liquid Fund - Regular - Growth,2025-07-14,0.220535580137337
120507,ICICI Pru Liquid Fund - Regular - Growth,2025-07-15,0.09914865855508889
120507,ICICI Pru Liquid Fund - Regular - Growth,2025-07-16,0.41179563877462017
120507,ICICI Pru Liquid Fund - Regular - Growth,2025-07-17,0.27836185891657195
120507,ICICI Pru Liquid Fund - Regular - Growth,2025-07-18,0.2633092304689707
120507,ICICI Pru Liquid Fund - Regular - Growth,2025-07-21,0.5360625237107984
120507,ICICI Pru Liquid Fund - Regular - Growth,2025-07-22,0.5729455684815667
120507,ICICI Pru Liquid Fund - Regular - Growth,2025-07-23,0.06911773468152321
120507,ICICI Pru Liquid Fund - Regular - Growth,2025-07-24,0.08256092355518446
120507,ICICI Pru Liquid Fund - Regular - Growth,2025-07-25,0.24322729429910947
120507,ICICI Pru Liquid Fund - Regular - Growth,2025-07-28,0.2986518652258474
120507,ICICI Pru Liquid Fund - Regular - Growth,2025-07-29,0.408044884481105
120507,ICICI Pru Liquid Fund - Regular - Growth,2025-07-30,0.5649571979250371
120507,ICICI Pru Liquid Fund - Regular - Growth,2025-07-31,0.20664133251085517
120507,ICICI Pru Liquid Fund - Regular - Growth,2025-08-01,-0.0011947886809869045
120507,ICICI Pru Liquid Fund - Regular - Growth,2025-08-04,-0.05161567577850198
120507,ICICI Pru Liquid Fund - Regular - Growth,2025-08-05,0.22208452522013847
120507,ICICI Pru Liquid Fund - Regular - Growth,2025-08-06,0.17134593246611143
120507,ICICI Pru Liquid Fund - Regular - Growth,2025-08-07,0.04082012683891566
120507,ICICI Pru Liquid Fund - Regular - Growth,2025-08-08,0.15505740430945028
120507,ICICI Pru Liquid Fund - Regular - Growth,2025-08-11,-0.1677806715879241
120507,ICICI Pru Liquid Fund - Regular - Growth,2025-08-12,-0.1030929458788989
120507,ICICI Pru Liquid Fund - Regular - Growth,2025-08-13,-0.1419160593645692
120507,ICICI Pru Liquid Fund - Regular - Growth,2025-08-14,-0.515589595223635
120507,ICICI Pru Liquid Fund - Regular - Growth,2025-08-15,-0.7944423976706845
120507,ICICI Pru Liquid Fund - Regular - Growth,2025-08-18,-1.1119888845642587
120507,ICICI Pru Liquid Fund - Regular - Growth,2025-08-19,-1.464553042282053
120507,ICICI Pru Liquid Fund - Regular - Growth,2025-08-20,-1.6992345590723537
120507,ICICI Pru Liquid Fund - Regular - Growth,2025-08-21,-1.2772863223938833
120507,ICICI Pru Liquid Fund - Regular - Growth,2025-08-22,-1.377724143926413
120507,ICICI Pru Liquid Fund - Regular - Growth,2025-08-25,-1.1764584969790808
120507,ICICI Pru Liquid Fund - Regular - Growth,2025-08-26,-1.5365764488184859
120507,ICICI Pru Liquid Fund - Regular - Growth,2025-08-27,-0.5905326480749175
120507,ICICI Pru Liquid Fund - Regular - Growth,2025-08-28,-0.6035583756612994
120507,ICICI Pru Liquid Fund - Regular - Growth,2025-08-29,-0.3878439139223919
120507,ICICI Pru Liquid Fund - Regular - Growth,2025-09-01,0.1946238389767921
120507,ICICI Pru Liquid Fund - Regular - Growth,2025-09-02,0.43346075476860924
120507,ICICI Pru Liquid Fund - Regular - Growth,2025-09-03,0.15418469282874248
120507,ICICI Pru Liquid Fund - Regular - Growth,2025-09-04,0.29244773336729907
120507,ICICI Pru Liquid Fund - Regular - Growth,2025-09-05,-0.0007726087896540642
120507,ICICI Pru Liquid Fund - Regular - Growth,2025-09-08,0.3916975297440455
120507,ICICI Pru Liquid Fund - Regular - Growth,2025-09-09,0.5511490718256985
120507,ICICI Pru Liquid Fund - Regular - Growth,2025-09-10,0.37291819134090454
120507,ICICI Pru Liquid Fund - Regular - Growth,2025-09-11,0.3629702271401325
120507,ICICI Pru Liquid Fund - Regular - Growth,2025-09-12,0.3609829248642088
120507,ICICI Pru Liquid Fund - Regular - Growth,2025-09-15,0.4629221776196934
120507,ICICI Pru Liquid Fund - Regular - Growth,2025-09-16,0.2544657265204571
120507,ICICI Pru Liquid Fund - Regular - Growth,2025-09-17,0.31675405217153274
120507,ICICI Pru Liquid Fund - Regular - Growth,2025-09-18,0.23838155345172451
120507,ICICI Pru Liquid Fund - Regular - Growth,2025-09-19,-0.10243319119341916
120507,ICICI Pru Liquid Fund - Regular - Growth,2025-09-22,0.0856755391670488
120507,ICICI Pru Liquid Fund - Regular - Growth,2025-09-23,0.04413102076899979
120507,ICICI Pru Liquid Fund - Regular - Growth,2025-09-24,0.7892971518137596
120507,ICICI Pru Liquid Fund - Regular - Growth,2025-09-25,0.9456068890476738
120507,ICICI Pru Liquid Fund - Regular - Growth,2025-09-26,1.084974615800593
120507,ICICI Pru Liquid Fund - Regular - Growth,2025-09-29,1.2041453795469126
120507,ICICI Pru Liquid Fund - Regular - Growth,2025-09-30,1.3188691497549947
120507,ICICI Pru Liquid Fund - Regular - Growth,2025-10-01,1.351525511559032
120507,ICICI Pru Liquid Fund - Regular - Growth,2025-10-02,1.2303433081332558
120507,ICICI Pru Liquid Fund - Regular - Growth,2025-10-03,1.6697212744814818
120507,ICICI Pru Liquid Fund - Regular - Growth,2025-10-06,1.6066725497271175
120507,ICICI Pru Liquid Fund - Regular - Growth,2025-10-07,1.3173568349203089
120507,ICICI Pru Liquid Fund - Regular - Growth,2025-10-08,1.5043902444972868
120507,ICICI Pru Liquid Fund - Regular - Growth,2025-10-09,1.7104131520443
120507,ICICI Pru Liquid Fund - Regular - Growth,2025-10-10,1.6959637567199057
120507,ICICI Pru Liquid Fund - Regular - Growth,2025-10-13,1.801164654449992
120507,ICICI Pru Liquid Fund - Regular - Growth,2025-10-14,1.5652714715542868
120507,ICICI Pru Liquid Fund - Regular - Growth,2025-10-15,0.672783291147276
120507,ICICI Pru Liquid Fund - Regular - Growth,2025-10-16,0.7539683237073431
120507,ICICI Pru Liquid Fund - Regular - Growth,2025-10-17,0.060707352043050423
120507,ICICI Pru Liquid Fund - Regular - Growth,2025-10-20,-0.2787447909250562
120507,ICICI Pru Liquid Fund - Regular - Growth,2025-10-21,-0.20723823805496808
120507,ICICI Pru Liquid Fund - Regular - Growth,2025-10-22,-0.3827320679648881
120507,ICICI Pru Liquid Fund - Regular - Growth,2025-10-23,-0.5041352437835516
120507,ICICI Pru Liquid Fund - Regular - Growth,2025-10-24,-0.2919496900315647
120507,ICICI Pru Liquid Fund - Regular - Growth,2025-10-27,-0.46805421707891076
120507,ICICI Pru Liquid Fund - Regular - Growth,2025-10-28,-0.4280653539038944
120507,ICICI Pru Liquid Fund - Regular - Growth,2025-10-29,-0.4275196970341194
120507,ICICI Pru Liquid Fund - Regular - Growth,2025-10-30,-0.3073706667510784
120507,ICICI Pru Liquid Fund - Regular - Growth,2025-10-31,-0.5150648681624103
120507,ICICI Pru Liquid Fund - Regular - Growth,2025-11-03,-0.32793740033574054
120507,ICICI Pru Liquid Fund - Regular - Growth,2025-11-04,-0.3064386873011579
120507,ICICI Pru Liquid Fund - Regular - Growth,2025-11-05,-0.6681242841936134
120507,ICICI Pru Liquid Fund - Regular - Growth,2025-11-06,-0.15611746882513602
120507,ICICI Pru Liquid Fund - Regular - Growth,2025-11-07,0.029079303746950915
120507,ICICI Pru Liquid Fund - Regular - Growth,2025-11-10,-0.4343182888517027
120507,ICICI Pru Liquid Fund - Regular - Growth,2025-11-11,-0.2847438689814405
120507,ICICI Pru Liquid Fund - Regular - Growth,2025-11-12,-0.4243639869947277
120507,ICICI Pru Liquid Fund - Regular - Growth,2025-11-13,-0.2483920817503358
120507,ICICI Pru Liquid Fund - Regular - Growth,2025-11-14,-0.66925949632224
120507,ICICI Pru Liquid Fund - Regular - Growth,2025-11-17,-0.9267325318305567
120507,ICICI Pru Liquid Fund - Regular - Growth,2025-11-18,-1.2410221058112219
120507,ICICI Pru Liquid Fund - Regular - Growth,2025-11-19,-1.3830466327255315
120507,ICICI Pru Liquid Fund - Regular - Growth,2025-11-20,-1.605430820036433
120507,ICICI Pru Liquid Fund - Regular - Growth,2025-11-21,-1.499439210385562
120507,ICICI Pru Liquid Fund - Regular - Growth,2025-11-24,-1.6644396342506562
120507,ICICI Pru Liquid Fund - Regular - Growth,2025-11-25,-1.7520001401451948
120507,ICICI Pru Liquid Fund - Regular - Growth,2025-11-26,-1.6090959447767013
120507,ICICI Pru Liquid Fund - Regular - Growth,2025-11-27,-1.465172760607345
120507,ICICI Pru Liquid Fund - Regular - Growth,2025-11-28,-1.4498076870798635
120507,ICICI Pru Liquid Fund - Regular - Growth,2025-12-01,-1.4971123675507958
120507,ICICI Pru Liquid Fund - Regular - Growth,2025-12-02,-1.6732231814834315
120507,ICICI Pru Liquid Fund - Regular - Growth,2025-12-03,-1.6918408862221264
120507,ICICI Pru Liquid Fund - Regular - Growth,2025-12-04,-1.3237453981863163
120507,ICICI Pru Liquid Fund - Regular - Growth,2025-12-05,-1.6864252548012
120507,ICICI Pru Liquid Fund - Regular - Growth,2025-12-08,-1.6250529077528948
120507,ICICI Pru Liquid Fund - Regular - Growth,2025-12-09,-1.6125947433382444
120507,ICICI Pru Liquid Fund - Regular - Growth,2025-12-10,-1.4968964996244374
120507,ICICI Pru Liquid Fund - Regular - Growth,2025-12-11,-1.3186675338293736
120507,ICICI Pru Liquid Fund - Regular - Growth,2025-12-12,-1.8361174899747374
120507,ICICI Pru Liquid Fund - Regular - Growth,2025-12-15,-1.8643621626121942
120507,ICICI Pru Liquid Fund - Regular - Growth,2025-12-16,-1.5509306082177543
120507,ICICI Pru Liquid Fund - Regular - Growth,2025-12-17,-1.5005698626231188
120507,ICICI Pru Liquid Fund - Regular - Growth,2025-12-18,-1.5519963284708798
120507,ICICI Pru Liquid Fund - Regular - Growth,2025-12-19,-1.4728334903234535
120507,ICICI Pru Liquid Fund - Regular - Growth,2025-12-22,-1.249346442161717
120507,ICICI Pru Liquid Fund - Regular - Growth,2025-12-23,-1.21593054281345
120507,ICICI Pru Liquid Fund - Regular - Growth,2025-12-24,-1.1530241624149207
120507,ICICI Pru Liquid Fund - Regular - Growth,2025-12-25,-1.1068669462201892
120507,ICICI Pru Liquid Fund - Regular - Growth,2025-12-26,-0.8756034785152135
120507,ICICI Pru Liquid Fund - Regular - Growth,2025-12-29,-0.6026455111352021
120507,ICICI Pru Liquid Fund - Regular - Growth,2025-12-30,-0.00340534748115144
120507,ICICI Pru Liquid Fund - Regular - Growth,2025-12-31,-0.528513622854633
120507,ICICI Pru Liquid Fund - Regular - Growth,2026-01-01,-0.1511598061029235
120507,ICICI Pru Liquid Fund - Regular - Growth,2026-01-02,-0.38819969570467733
120507,ICICI Pru Liquid Fund - Regular - Growth,2026-01-05,-0.6673460524553375
120507,ICICI Pru Liquid Fund - Regular - Growth,2026-01-06,-0.6774008679968008
120507,ICICI Pru Liquid Fund - Regular - Growth,2026-01-07,-0.7129059103001403
120507,ICICI Pru Liquid Fund - Regular - Growth,2026-01-08,-0.686258092687096
120507,ICICI Pru Liquid Fund - Regular - Growth,2026-01-09,-0.38765995324384667
120507,ICICI Pru Liquid Fund - Regular - Growth,2026-01-12,-0.6608724081003492
120507,ICICI Pru Liquid Fund - Regular - Growth,2026-01-13,-0.4657973964952776
120507,ICICI Pru Liquid Fund - Regular - Growth,2026-01-14,-0.607850515804498
120507,ICICI Pru Liquid Fund - Regular - Growth,2026-01-15,-0.10674702179047367
120507,ICICI Pru Liquid Fund - Regular - Growth,2026-01-16,0.2777139131655512
120507,ICICI Pru Liquid Fund - Regular - Growth,2026-01-19,0.09988904244994655
120507,ICICI Pru Liquid Fund - Regular - Growth,2026-01-20,0.012688087748893875
120507,ICICI Pru Liquid Fund - Regular - Growth,2026-01-21,-0.10731991727785303
120507,ICICI Pru Liquid Fund - Regular - Growth,2026-01-22,0.0068025032204788866
120507,ICICI Pru Liquid Fund - Regular - Growth,2026-01-23,0.2455821749918882
120507,ICICI Pru Liquid Fund - Regular - Growth,2026-01-26,0.2938755979700688
120507,ICICI Pru Liquid Fund - Regular - Growth,2026-01-27,0.6063051520543096
120507,ICICI Pru Liquid Fund - Regular - Growth,2026-01-28,0.491287161944139
120507,ICICI Pru Liquid Fund - Regular - Growth,2026-01-29,0.4139544269736438
120507,ICICI Pru Liquid Fund - Regular - Growth,2026-01-30,0.36258619270092085
120507,ICICI Pru Liquid Fund - Regular - Growth,2026-02-02,0.21525367424440045
120507,ICICI Pru Liquid Fund - Regular - Growth,2026-02-03,-0.0757223559265366
120507,ICICI Pru Liquid Fund - Regular - Growth,2026-02-04,-0.3999232092341238
120507,ICICI Pru Liquid Fund - Regular - Growth,2026-02-05,-0.0068305928245169035
120507,ICICI Pru Liquid Fund - Regular - Growth,2026-02-06,-0.05710616857048746
120507,ICICI Pru Liquid Fund - Regular - Growth,2026-02-09,-0.3709182995574388
120507,ICICI Pru Liquid Fund - Regular - Growth,2026-02-10,-0.22130803434122887
120507,ICICI Pru Liquid Fund - Regular - Growth,2026-02-11,-0.32670175241475014
120507,ICICI Pru Liquid Fund - Regular - Growth,2026-02-12,-0.7198465333511623
120507,ICICI Pru Liquid Fund - Regular - Growth,2026-02-13,-0.7430865738688918
120507,ICICI Pru Liquid Fund - Regular - Growth,2026-02-16,-0.5720438659067351
120507,ICICI Pru Liquid Fund - Regular - Growth,2026-02-17,-0.6026610883548137
120507,ICICI Pru Liquid Fund - Regular - Growth,2026-02-18,-0.690012027692092
120507,ICICI Pru Liquid Fund - Regular - Growth,2026-02-19,-0.6766109252180165
120507,ICICI Pru Liquid Fund - Regular - Growth,2026-02-20,-0.3024092363728448
120507,ICICI Pru Liquid Fund - Regular - Growth,2026-02-23,-0.2812677597483229
120507,ICICI Pru Liquid Fund - Regular - Growth,2026-02-24,-0.41895711159595006
120507,ICICI Pru Liquid Fund - Regular - Growth,2026-02-25,-0.41987884558415595
120507,ICICI Pru Liquid Fund - Regular - Growth,2026-02-26,-0.25060307981473356
120507,ICICI Pru Liquid Fund - Regular - Growth,2026-02-27,0.018019654731088443
120507,ICICI Pru Liquid Fund - Regular - Growth,2026-03-02,0.29528203742973685
120507,ICICI Pru Liquid Fund - Regular - Growth,2026-03-03,0.1867531818417191
120507,ICICI Pru Liquid Fund - Regular - Growth,2026-03-04,0.02973547469239605
120507,ICICI Pru Liquid Fund - Regular - Growth,2026-03-05,-0.21432325883090653
120507,ICICI Pru Liquid Fund - Regular - Growth,2026-03-06,-0.07311664062488567
120507,ICICI Pru Liquid Fund - Regular - Growth,2026-03-09,-0.07812340645976622
120507,ICICI Pru Liquid Fund - Regular - Growth,2026-03-10,-0.027213836334410175
120507,ICICI Pru Liquid Fund - Regular - Growth,2026-03-11,0.3518613450581692
120507,ICICI Pru Liquid Fund - Regular - Growth,2026-03-12,-0.1265552336607211
120507,ICICI Pru Liquid Fund - Regular - Growth,2026-03-13,-0.5000121366483056
120507,ICICI Pru Liquid Fund - Regular - Growth,2026-03-16,-0.2786858011588953
120507,ICICI Pru Liquid Fund - Regular - Growth,2026-03-17,-0.021677984719965508
120507,ICICI Pru Liquid Fund - Regular - Growth,2026-03-18,0.28706187522662263
120507,ICICI Pru Liquid Fund - Regular - Growth,2026-03-19,0.2403807262627646
120507,ICICI Pru Liquid Fund - Regular - Growth,2026-03-20,0.6224413488244244
120507,ICICI Pru Liquid Fund - Regular - Growth,2026-03-23,0.7556474309577843
120507,ICICI Pru Liquid Fund - Regular - Growth,2026-03-24,1.079896784663965
120507,ICICI Pru Liquid Fund - Regular - Growth,2026-03-25,0.9445194633471022
120507,ICICI Pru Liquid Fund - Regular - Growth,2026-03-26,1.032812957764137
120507,ICICI Pru Liquid Fund - Regular - Growth,2026-03-27,0.7777103459272738
120507,ICICI Pru Liquid Fund - Regular - Growth,2026-03-30,0.8626073310396012
120507,ICICI Pru Liquid Fund - Regular - Growth,2026-03-31,1.2635825383355863
120507,ICICI Pru Liquid Fund - Regular - Growth,2026-04-01,1.2966247164532156
120507,ICICI Pru Liquid Fund - Regular - Growth,2026-04-02,1.055997641482528
120507,ICICI Pru Liquid Fund - Regular - Growth,2026-04-03,0.9508037089023981
120507,ICICI Pru Liquid Fund - Regular - Growth,2026-04-06,0.8355362283217141
120507,ICICI Pru Liquid Fund - Regular - Growth,2026-04-07,0.9237157101755313
120507,ICICI Pru Liquid Fund - Regular - Growth,2026-04-08,1.1160194822794964
120507,ICICI Pru Liquid Fund - Regular - Growth,2026-04-09,1.1409303254020087
120507,ICICI Pru Liquid Fund - Regular - Growth,2026-04-10,1.925090771765984
120507,ICICI Pru Liquid Fund - Regular - Growth,2026-04-13,2.049009756919258
120507,ICICI Pru Liquid Fund - Regular - Growth,2026-04-14,2.031599674866771
120507,ICICI Pru Liquid Fund - Regular - Growth,2026-04-15,2.131590910610674
120507,ICICI Pru Liquid Fund - Regular - Growth,2026-04-16,2.122552461170948
120507,ICICI Pru Liquid Fund - Regular - Growth,2026-04-17,2.4356239514293043
120507,ICICI Pru Liquid Fund - Regular - Growth,2026-04-20,2.7236804265773786
120507,ICICI Pru Liquid Fund - Regular - Growth,2026-04-21,2.616373571100678
120507,ICICI Pru Liquid Fund - Regular - Growth,2026-04-22,2.5701722869975683
120507,ICICI Pru Liquid Fund - Regular - Growth,2026-04-23,2.6742415949301424
120507,ICICI Pru Liquid Fund - Regular - Growth,2026-04-24,2.8697941253846637
120507,ICICI Pru Liquid Fund - Regular - Growth,2026-04-27,2.948357200030435
120507,ICICI Pru Liquid Fund - Regular - Growth,2026-04-28,2.5491360094577735
120507,ICICI Pru Liquid Fund - Regular - Growth,2026-04-29,2.6316131727071155
120507,ICICI Pru Liquid Fund - Regular - Growth,2026-04-30,2.530038398919352
120507,ICICI Pru Liquid Fund - Regular - Growth,2026-05-01,2.4519897415045206
120507,ICICI Pru Liquid Fund - Regular - Growth,2026-05-04,2.4556991097793994
120507,ICICI Pru Liquid Fund - Regular - Growth,2026-05-05,2.3229453494367354
120507,ICICI Pru Liquid Fund - Regular - Growth,2026-05-06,2.2308165341686395
120507,ICICI Pru Liquid Fund - Regular - Growth,2026-05-07,1.8186919243429045
120507,ICICI Pru Liquid Fund - Regular - Growth,2026-05-08,2.150919603390261
120507,ICICI Pru Liquid Fund - Regular - Growth,2026-05-11,1.9802277705166982
120507,ICICI Pru Liquid Fund - Regular - Growth,2026-05-12,1.5669146408094636
120507,ICICI Pru Liquid Fund - Regular - Growth,2026-05-13,1.7488545216828664
120507,ICICI Pru Liquid Fund - Regular - Growth,2026-05-14,1.6353435669162035
120507,ICICI Pru Liquid Fund - Regular - Growth,2026-05-15,1.7663221115489303
120507,ICICI Pru Liquid Fund - Regular - Growth,2026-05-18,1.9446217732635152
120507,ICICI Pru Liquid Fund - Regular - Growth,2026-05-19,1.7082997298052203
120507,ICICI Pru Liquid Fund - Regular - Growth,2026-05-20,1.9050886980825021
120507,ICICI Pru Liquid Fund - Regular - Growth,2026-05-21,1.855692838172981
120507,ICICI Pru Liquid Fund - Regular - Growth,2026-05-22,1.7496874020117512
120507,ICICI Pru Liquid Fund - Regular - Growth,2026-05-25,1.6910749131864709
120507,ICICI Pru Liquid Fund - Regular - Growth,2026-05-26,1.6168530622763877
120507,ICICI Pru Liquid Fund - Regular - Growth,2026-05-27,1.6966028032653815
120507,ICICI Pru Liquid Fund - Regular - Growth,2026-05-28,1.5385278753366867
120507,ICICI Pru Liquid Fund - Regular - Growth,2026-05-29,1.7194923162238
120844,Kotak Liquid Fund - Regular - Growth,2022-01-03,
120844,Kotak Liquid Fund - Regular - Growth,2022-01-04,
120844,Kotak Liquid Fund - Regular - Growth,2022-01-05,
120844,Kotak Liquid Fund - Regular - Growth,2022-01-06,
120844,Kotak Liquid Fund - Regular - Growth,2022-01-07,
120844,Kotak Liquid Fund - Regular - Growth,2022-01-10,
120844,Kotak Liquid Fund - Regular - Growth,2022-01-11,
120844,Kotak Liquid Fund - Regular - Growth,2022-01-12,
120844,Kotak Liquid Fund - Regular - Growth,2022-01-13,
120844,Kotak Liquid Fund - Regular - Growth,2022-01-14,
120844,Kotak Liquid Fund - Regular - Growth,2022-01-17,
120844,Kotak Liquid Fund - Regular - Growth,2022-01-18,
120844,Kotak Liquid Fund - Regular - Growth,2022-01-19,
120844,Kotak Liquid Fund - Regular - Growth,2022-01-20,
120844,Kotak Liquid Fund - Regular - Growth,2022-01-21,
120844,Kotak Liquid Fund - Regular - Growth,2022-01-24,
120844,Kotak Liquid Fund - Regular - Growth,2022-01-25,
120844,Kotak Liquid Fund - Regular - Growth,2022-01-26,
120844,Kotak Liquid Fund - Regular - Growth,2022-01-27,
120844,Kotak Liquid Fund - Regular - Growth,2022-01-28,
120844,Kotak Liquid Fund - Regular - Growth,2022-01-31,
120844,Kotak Liquid Fund - Regular - Growth,2022-02-01,
120844,Kotak Liquid Fund - Regular - Growth,2022-02-02,
120844,Kotak Liquid Fund - Regular - Growth,2022-02-03,
120844,Kotak Liquid Fund - Regular - Growth,2022-02-04,
120844,Kotak Liquid Fund - Regular - Growth,2022-02-07,
120844,Kotak Liquid Fund - Regular - Growth,2022-02-08,
120844,Kotak Liquid Fund - Regular - Growth,2022-02-09,
120844,Kotak Liquid Fund - Regular - Growth,2022-02-10,
120844,Kotak Liquid Fund - Regular - Growth,2022-02-11,
120844,Kotak Liquid Fund - Regular - Growth,2022-02-14,
120844,Kotak Liquid Fund - Regular - Growth,2022-02-15,
120844,Kotak Liquid Fund - Regular - Growth,2022-02-16,
120844,Kotak Liquid Fund - Regular - Growth,2022-02-17,
120844,Kotak Liquid Fund - Regular - Growth,2022-02-18,
120844,Kotak Liquid Fund - Regular - Growth,2022-02-21,
120844,Kotak Liquid Fund - Regular - Growth,2022-02-22,
120844,Kotak Liquid Fund - Regular - Growth,2022-02-23,
120844,Kotak Liquid Fund - Regular - Growth,2022-02-24,
120844,Kotak Liquid Fund - Regular - Growth,2022-02-25,
120844,Kotak Liquid Fund - Regular - Growth,2022-02-28,
120844,Kotak Liquid Fund - Regular - Growth,2022-03-01,
120844,Kotak Liquid Fund - Regular - Growth,2022-03-02,
120844,Kotak Liquid Fund - Regular - Growth,2022-03-03,
120844,Kotak Liquid Fund - Regular - Growth,2022-03-04,
120844,Kotak Liquid Fund - Regular - Growth,2022-03-07,
120844,Kotak Liquid Fund - Regular - Growth,2022-03-08,
120844,Kotak Liquid Fund - Regular - Growth,2022-03-09,
120844,Kotak Liquid Fund - Regular - Growth,2022-03-10,
120844,Kotak Liquid Fund - Regular - Growth,2022-03-11,
120844,Kotak Liquid Fund - Regular - Growth,2022-03-14,
120844,Kotak Liquid Fund - Regular - Growth,2022-03-15,
120844,Kotak Liquid Fund - Regular - Growth,2022-03-16,
120844,Kotak Liquid Fund - Regular - Growth,2022-03-17,
120844,Kotak Liquid Fund - Regular - Growth,2022-03-18,
120844,Kotak Liquid Fund - Regular - Growth,2022-03-21,
120844,Kotak Liquid Fund - Regular - Growth,2022-03-22,
120844,Kotak Liquid Fund - Regular - Growth,2022-03-23,
120844,Kotak Liquid Fund - Regular - Growth,2022-03-24,
120844,Kotak Liquid Fund - Regular - Growth,2022-03-25,
120844,Kotak Liquid Fund - Regular - Growth,2022-03-28,
120844,Kotak Liquid Fund - Regular - Growth,2022-03-29,
120844,Kotak Liquid Fund - Regular - Growth,2022-03-30,
120844,Kotak Liquid Fund - Regular - Growth,2022-03-31,
120844,Kotak Liquid Fund - Regular - Growth,2022-04-01,
120844,Kotak Liquid Fund - Regular - Growth,2022-04-04,
120844,Kotak Liquid Fund - Regular - Growth,2022-04-05,
120844,Kotak Liquid Fund - Regular - Growth,2022-04-06,
120844,Kotak Liquid Fund - Regular - Growth,2022-04-07,
120844,Kotak Liquid Fund - Regular - Growth,2022-04-08,
120844,Kotak Liquid Fund - Regular - Growth,2022-04-11,
120844,Kotak Liquid Fund - Regular - Growth,2022-04-12,
120844,Kotak Liquid Fund - Regular - Growth,2022-04-13,
120844,Kotak Liquid Fund - Regular - Growth,2022-04-14,
120844,Kotak Liquid Fund - Regular - Growth,2022-04-15,
120844,Kotak Liquid Fund - Regular - Growth,2022-04-18,
120844,Kotak Liquid Fund - Regular - Growth,2022-04-19,
120844,Kotak Liquid Fund - Regular - Growth,2022-04-20,
120844,Kotak Liquid Fund - Regular - Growth,2022-04-21,
120844,Kotak Liquid Fund - Regular - Growth,2022-04-22,
120844,Kotak Liquid Fund - Regular - Growth,2022-04-25,
120844,Kotak Liquid Fund - Regular - Growth,2022-04-26,
120844,Kotak Liquid Fund - Regular - Growth,2022-04-27,
120844,Kotak Liquid Fund - Regular - Growth,2022-04-28,
120844,Kotak Liquid Fund - Regular - Growth,2022-04-29,
120844,Kotak Liquid Fund - Regular - Growth,2022-05-02,
120844,Kotak Liquid Fund - Regular - Growth,2022-05-03,
120844,Kotak Liquid Fund - Regular - Growth,2022-05-04,
120844,Kotak Liquid Fund - Regular - Growth,2022-05-05,
120844,Kotak Liquid Fund - Regular - Growth,2022-05-06,
120844,Kotak Liquid Fund - Regular - Growth,2022-05-09,2.6033234156060954
120844,Kotak Liquid Fund - Regular - Growth,2022-05-10,2.3965928984476035
120844,Kotak Liquid Fund - Regular - Growth,2022-05-11,2.4531886797862854
120844,Kotak Liquid Fund - Regular - Growth,2022-05-12,2.3217647738119127
120844,Kotak Liquid Fund - Regular - Growth,2022-05-13,2.345935770979568
120844,Kotak Liquid Fund - Regular - Growth,2022-05-16,1.7856556600642532
120844,Kotak Liquid Fund - Regular - Growth,2022-05-17,1.689350500588918
120844,Kotak Liquid Fund - Regular - Growth,2022-05-18,1.8549978486603176
120844,Kotak Liquid Fund - Regular - Growth,2022-05-19,1.3104230551755987
120844,Kotak Liquid Fund - Regular - Growth,2022-05-20,1.2472474033221623
120844,Kotak Liquid Fund - Regular - Growth,2022-05-23,1.4790252522709026
120844,Kotak Liquid Fund - Regular - Growth,2022-05-24,1.5157663295511175
120844,Kotak Liquid Fund - Regular - Growth,2022-05-25,1.3597542739775619
120844,Kotak Liquid Fund - Regular - Growth,2022-05-26,1.4324006093127668
120844,Kotak Liquid Fund - Regular - Growth,2022-05-27,0.8466825276789764
120844,Kotak Liquid Fund - Regular - Growth,2022-05-30,1.066783164838688
120844,Kotak Liquid Fund - Regular - Growth,2022-05-31,0.9106802385510895
120844,Kotak Liquid Fund - Regular - Growth,2022-06-01,0.9126800388869477
120844,Kotak Liquid Fund - Regular - Growth,2022-06-02,1.0948187856535472
120844,Kotak Liquid Fund - Regular - Growth,2022-06-03,0.9384701569439585
120844,Kotak Liquid Fund - Regular - Growth,2022-06-06,0.9631148530286149
120844,Kotak Liquid Fund - Regular - Growth,2022-06-07,1.0806003902033465
120844,Kotak Liquid Fund - Regular - Growth,2022-06-08,1.3844685071127263
120844,Kotak Liquid Fund - Regular - Growth,2022-06-09,1.1312723000887115
120844,Kotak Liquid Fund - Regular - Growth,2022-06-10,1.0146973773497205
120844,Kotak Liquid Fund - Regular - Growth,2022-06-13,1.167434584521841
120844,Kotak Liquid Fund - Regular - Growth,2022-06-14,0.8098577896997087
120844,Kotak Liquid Fund - Regular - Growth,2022-06-15,0.4244990119780692
120844,Kotak Liquid Fund - Regular - Growth,2022-06-16,0.30158801920580247
120844,Kotak Liquid Fund - Regular - Growth,2022-06-17,0.09801241590066911
120844,Kotak Liquid Fund - Regular - Growth,2022-06-20,-0.009510713112813358
120844,Kotak Liquid Fund - Regular - Growth,2022-06-21,0.4701700356140523
120844,Kotak Liquid Fund - Regular - Growth,2022-06-22,0.7379299642438021
120844,Kotak Liquid Fund - Regular - Growth,2022-06-23,0.8348115427269832
120844,Kotak Liquid Fund - Regular - Growth,2022-06-24,0.6687278189568439
120844,Kotak Liquid Fund - Regular - Growth,2022-06-27,0.8141713763442152
120844,Kotak Liquid Fund - Regular - Growth,2022-06-28,1.0588117407509112
120844,Kotak Liquid Fund - Regular - Growth,2022-06-29,1.0930818598954881
120844,Kotak Liquid Fund - Regular - Growth,2022-06-30,1.566527122387577
120844,Kotak Liquid Fund - Regular - Growth,2022-07-01,1.383067164582573
120844,Kotak Liquid Fund - Regular - Growth,2022-07-04,1.5897223010855746
120844,Kotak Liquid Fund - Regular - Growth,2022-07-05,1.856169969975138
120844,Kotak Liquid Fund - Regular - Growth,2022-07-06,1.6438593806261361
120844,Kotak Liquid Fund - Regular - Growth,2022-07-07,1.251108391389902
120844,Kotak Liquid Fund - Regular - Growth,2022-07-08,1.1669526885565848
120844,Kotak Liquid Fund - Regular - Growth,2022-07-11,0.7899727745753926
120844,Kotak Liquid Fund - Regular - Growth,2022-07-12,0.8368251493960822
120844,Kotak Liquid Fund - Regular - Growth,2022-07-13,0.6777094369282963
120844,Kotak Liquid Fund - Regular - Growth,2022-07-14,0.8936286861402347
120844,Kotak Liquid Fund - Regular - Growth,2022-07-15,0.7714472696279289
120844,Kotak Liquid Fund - Regular - Growth,2022-07-18,0.7844326357832424
120844,Kotak Liquid Fund - Regular - Growth,2022-07-19,0.6436886456253871
120844,Kotak Liquid Fund - Regular - Growth,2022-07-20,0.7067533731438121
120844,Kotak Liquid Fund - Regular - Growth,2022-07-21,0.5637295266243275
120844,Kotak Liquid Fund - Regular - Growth,2022-07-22,0.5127846676339477
120844,Kotak Liquid Fund - Regular - Growth,2022-07-25,0.49849781284104566
120844,Kotak Liquid Fund - Regular - Growth,2022-07-26,0.36853906224530963
120844,Kotak Liquid Fund - Regular - Growth,2022-07-27,-0.14997169636549174
120844,Kotak Liquid Fund - Regular - Growth,2022-07-28,0.07000326553988022
120844,Kotak Liquid Fund - Regular - Growth,2022-07-29,-0.4391384072761461
120844,Kotak Liquid Fund - Regular - Growth,2022-08-01,-0.4717002510336476
120844,Kotak Liquid Fund - Regular - Growth,2022-08-02,-0.47333189175261914
120844,Kotak Liquid Fund - Regular - Growth,2022-08-03,-0.5403827189713717
120844,Kotak Liquid Fund - Regular - Growth,2022-08-04,-0.8045030928638395
120844,Kotak Liquid Fund - Regular - Growth,2022-08-05,-0.9234983627232524
120844,Kotak Liquid Fund - Regular - Growth,2022-08-08,-1.313417360653448
120844,Kotak Liquid Fund - Regular - Growth,2022-08-09,-1.1976464021009259
120844,Kotak Liquid Fund - Regular - Growth,2022-08-10,-0.8808091895475618
120844,Kotak Liquid Fund - Regular - Growth,2022-08-11,-0.987999117158463
120844,Kotak Liquid Fund - Regular - Growth,2022-08-12,-0.7058879417148892
120844,Kotak Liquid Fund - Regular - Growth,2022-08-15,-0.5403933978960114
120844,Kotak Liquid Fund - Regular - Growth,2022-08-16,-0.42440549613528955
120844,Kotak Liquid Fund - Regular - Growth,2022-08-17,-0.9004644052443572
120844,Kotak Liquid Fund - Regular - Growth,2022-08-18,-0.735163168213941
120844,Kotak Liquid Fund - Regular - Growth,2022-08-19,-0.6311809073295216
120844,Kotak Liquid Fund - Regular - Growth,2022-08-22,-0.9492823530947679
120844,Kotak Liquid Fund - Regular - Growth,2022-08-23,-0.9602841303891484
120844,Kotak Liquid Fund - Regular - Growth,2022-08-24,-0.742735804713473
120844,Kotak Liquid Fund - Regular - Growth,2022-08-25,-0.8090003805418251
120844,Kotak Liquid Fund - Regular - Growth,2022-08-26,-0.5972522437759066
120844,Kotak Liquid Fund - Regular - Growth,2022-08-29,-0.15348913432074904
120844,Kotak Liquid Fund - Regular - Growth,2022-08-30,-0.0629418638430753
120844,Kotak Liquid Fund - Regular - Growth,2022-08-31,-0.06821575858218068
120844,Kotak Liquid Fund - Regular - Growth,2022-09-01,-0.14625544876764968
120844,Kotak Liquid Fund - Regular - Growth,2022-09-02,0.12504420987347936
120844,Kotak Liquid Fund - Regular - Growth,2022-09-05,0.18171425467392524
120844,Kotak Liquid Fund - Regular - Growth,2022-09-06,-0.03191462321781923
120844,Kotak Liquid Fund - Regular - Growth,2022-09-07,-0.23014767379457957
120844,Kotak Liquid Fund - Regular - Growth,2022-09-08,0.3614796466354785
120844,Kotak Liquid Fund - Regular - Growth,2022-09-09,0.2363786933035598
120844,Kotak Liquid Fund - Regular - Growth,2022-09-12,0.1458291619000168
120844,Kotak Liquid Fund - Regular - Growth,2022-09-13,0.49451802150123386
120844,Kotak Liquid Fund - Regular - Growth,2022-09-14,0.2968544791724328
120844,Kotak Liquid Fund - Regular - Growth,2022-09-15,0.03091708886603057
120844,Kotak Liquid Fund - Regular - Growth,2022-09-16,0.1412400895018901
120844,Kotak Liquid Fund - Regular - Growth,2022-09-19,0.27566489904090574
120844,Kotak Liquid Fund - Regular - Growth,2022-09-20,0.6978535330839577
120844,Kotak Liquid Fund - Regular - Growth,2022-09-21,0.4283862116194781
120844,Kotak Liquid Fund - Regular - Growth,2022-09-22,0.6688795623604723
120844,Kotak Liquid Fund - Regular - Growth,2022-09-23,0.7378665007688933
120844,Kotak Liquid Fund - Regular - Growth,2022-09-26,0.9085786643452
120844,Kotak Liquid Fund - Regular - Growth,2022-09-27,0.8834199672097099
120844,Kotak Liquid Fund - Regular - Growth,2022-09-28,1.5517512596545722
120844,Kotak Liquid Fund - Regular - Growth,2022-09-29,1.72031389010711
120844,Kotak Liquid Fund - Regular - Growth,2022-09-30,2.1672029339030905
120844,Kotak Liquid Fund - Regular - Growth,2022-10-03,1.956708464499388
120844,Kotak Liquid Fund - Regular - Growth,2022-10-04,2.0588634157734798
120844,Kotak Liquid Fund - Regular - Growth,2022-10-05,2.326158245631488
120844,Kotak Liquid Fund - Regular - Growth,2022-10-06,2.0057218630098474
120844,Kotak Liquid Fund - Regular - Growth,2022-10-07,2.2775982834809607
120844,Kotak Liquid Fund - Regular - Growth,2022-10-10,1.991370474153488
120844,Kotak Liquid Fund - Regular - Growth,2022-10-11,1.7730709965519675
120844,Kotak Liquid Fund - Regular - Growth,2022-10-12,1.4401252545050993
120844,Kotak Liquid Fund - Regular - Growth,2022-10-13,1.820970729108005
120844,Kotak Liquid Fund - Regular - Growth,2022-10-14,1.4937435301844484
120844,Kotak Liquid Fund - Regular - Growth,2022-10-17,1.1255141249161382
120844,Kotak Liquid Fund - Regular - Growth,2022-10-18,1.3893957413917142
120844,Kotak Liquid Fund - Regular - Growth,2022-10-19,1.5306062161742904
120844,Kotak Liquid Fund - Regular - Growth,2022-10-20,1.2125020305606646
120844,Kotak Liquid Fund - Regular - Growth,2022-10-21,1.245626978080505
120844,Kotak Liquid Fund - Regular - Growth,2022-10-24,1.4448843331686816
120844,Kotak Liquid Fund - Regular - Growth,2022-10-25,0.992649840438023
120844,Kotak Liquid Fund - Regular - Growth,2022-10-26,0.7927291769386245
120844,Kotak Liquid Fund - Regular - Growth,2022-10-27,0.4556830159613877
120844,Kotak Liquid Fund - Regular - Growth,2022-10-28,0.35699387332505794
120844,Kotak Liquid Fund - Regular - Growth,2022-10-31,0.07624910254384112
120844,Kotak Liquid Fund - Regular - Growth,2022-11-01,0.04689863052556621
120844,Kotak Liquid Fund - Regular - Growth,2022-11-02,0.26677387548443837
120844,Kotak Liquid Fund - Regular - Growth,2022-11-03,-0.03757675190935959
120844,Kotak Liquid Fund - Regular - Growth,2022-11-04,0.5264587183936128
120844,Kotak Liquid Fund - Regular - Growth,2022-11-07,0.19586967960776186
120844,Kotak Liquid Fund - Regular - Growth,2022-11-08,-0.14695207243759445
120844,Kotak Liquid Fund - Regular - Growth,2022-11-09,-0.0624375909328248
120844,Kotak Liquid Fund - Regular - Growth,2022-11-10,0.3612270915660059
120844,Kotak Liquid Fund - Regular - Growth,2022-11-11,0.33586207040905813
120844,Kotak Liquid Fund - Regular - Growth,2022-11-14,0.16008858113881907
120844,Kotak Liquid Fund - Regular - Growth,2022-11-15,0.2760340222146028
120844,Kotak Liquid Fund - Regular - Growth,2022-11-16,0.5688998307867191
120844,Kotak Liquid Fund - Regular - Growth,2022-11-17,0.4232109103775667
120844,Kotak Liquid Fund - Regular - Growth,2022-11-18,0.5859167162884059
120844,Kotak Liquid Fund - Regular - Growth,2022-11-21,0.9653680000409803
120844,Kotak Liquid Fund - Regular - Growth,2022-11-22,0.9100286701533525
120844,Kotak Liquid Fund - Regular - Growth,2022-11-23,1.2839982971043074
120844,Kotak Liquid Fund - Regular - Growth,2022-11-24,1.2728624486340299
120844,Kotak Liquid Fund - Regular - Growth,2022-11-25,0.5689332784950158
120844,Kotak Liquid Fund - Regular - Growth,2022-11-28,0.374898789000288
120844,Kotak Liquid Fund - Regular - Growth,2022-11-29,0.25061690750079485
120844,Kotak Liquid Fund - Regular - Growth,2022-11-30,0.22971541810674256
120844,Kotak Liquid Fund - Regular - Growth,2022-12-01,0.13378448271344523
120844,Kotak Liquid Fund - Regular - Growth,2022-12-02,-0.0013140633053034013
120844,Kotak Liquid Fund - Regular - Growth,2022-12-05,0.07751282893003647
120844,Kotak Liquid Fund - Regular - Growth,2022-12-06,-0.30674394317815323
120844,Kotak Liquid Fund - Regular - Growth,2022-12-07,0.029041859616505145
120844,Kotak Liquid Fund - Regular - Growth,2022-12-08,-0.23492401350299494
120844,Kotak Liquid Fund - Regular - Growth,2022-12-09,-0.6997145830503665
120844,Kotak Liquid Fund - Regular - Growth,2022-12-12,-0.39296364242646636
120844,Kotak Liquid Fund - Regular - Growth,2022-12-13,-0.6475675145995635
120844,Kotak Liquid Fund - Regular - Growth,2022-12-14,-0.4246638534280363
120844,Kotak Liquid Fund - Regular - Growth,2022-12-15,-0.31323511607429233
120844,Kotak Liquid Fund - Regular - Growth,2022-12-16,-0.15934432087763695
120844,Kotak Liquid Fund - Regular - Growth,2022-12-19,-0.07250638582779681
120844,Kotak Liquid Fund - Regular - Growth,2022-12-20,-0.1846353982588395
120844,Kotak Liquid Fund - Regular - Growth,2022-12-21,-0.17450864719364492
120844,Kotak Liquid Fund - Regular - Growth,2022-12-22,-0.14752851240689685
120844,Kotak Liquid Fund - Regular - Growth,2022-12-23,-0.23846838269612314
120844,Kotak Liquid Fund - Regular - Growth,2022-12-26,-0.06379376500026895
120844,Kotak Liquid Fund - Regular - Growth,2022-12-27,0.2725440494490754
120844,Kotak Liquid Fund - Regular - Growth,2022-12-28,-0.28080109782950896
120844,Kotak Liquid Fund - Regular - Growth,2022-12-29,-0.01957458443968333
120844,Kotak Liquid Fund - Regular - Growth,2022-12-30,0.1733195224398687
120844,Kotak Liquid Fund - Regular - Growth,2023-01-02,0.18283548336395797
120844,Kotak Liquid Fund - Regular - Growth,2023-01-03,0.3714582872795745
120844,Kotak Liquid Fund - Regular - Growth,2023-01-04,0.35166843737390774
120844,Kotak Liquid Fund - Regular - Growth,2023-01-05,0.47741372536338683
120844,Kotak Liquid Fund - Regular - Growth,2023-01-06,0.21476967915904582
120844,Kotak Liquid Fund - Regular - Growth,2023-01-09,0.398167097566948
120844,Kotak Liquid Fund - Regular - Growth,2023-01-10,0.413253270350472
120844,Kotak Liquid Fund - Regular - Growth,2023-01-11,0.6177688375796517
120844,Kotak Liquid Fund - Regular - Growth,2023-01-12,0.2438123954852657
120844,Kotak Liquid Fund - Regular - Growth,2023-01-13,0.036286132582319636
120844,Kotak Liquid Fund - Regular - Growth,2023-01-16,-0.13662228353881792
120844,Kotak Liquid Fund - Regular - Growth,2023-01-17,-0.2512451893701188
120844,Kotak Liquid Fund - Regular - Growth,2023-01-18,-0.31663874619044513
120844,Kotak Liquid Fund - Regular - Growth,2023-01-19,-0.15525143344085396
120844,Kotak Liquid Fund - Regular - Growth,2023-01-20,-0.05959301618671899
120844,Kotak Liquid Fund - Regular - Growth,2023-01-23,0.11653771961827
120844,Kotak Liquid Fund - Regular - Growth,2023-01-24,-0.017468227445357892
120844,Kotak Liquid Fund - Regular - Growth,2023-01-25,-0.025584685309855436
120844,Kotak Liquid Fund - Regular - Growth,2023-01-26,-0.03210066727648836
120844,Kotak Liquid Fund - Regular - Growth,2023-01-27,-0.2145194189542561
120844,Kotak Liquid Fund - Regular - Growth,2023-01-30,-0.32069843568461914
120844,Kotak Liquid Fund - Regular - Growth,2023-01-31,-0.337586842024239
120844,Kotak Liquid Fund - Regular - Growth,2023-02-01,-0.5469764850680194
120844,Kotak Liquid Fund - Regular - Growth,2023-02-02,-0.7687354982362893
120844,Kotak Liquid Fund - Regular - Growth,2023-02-03,-0.9027414099361017
120844,Kotak Liquid Fund - Regular - Growth,2023-02-06,-0.7858933927522361
120844,Kotak Liquid Fund - Regular - Growth,2023-02-07,-0.9137038798820108
120844,Kotak Liquid Fund - Regular - Growth,2023-02-08,-0.7420011607653185
120844,Kotak Liquid Fund - Regular - Growth,2023-02-09,-0.41105011354273924
120844,Kotak Liquid Fund - Regular - Growth,2023-02-10,-0.8317328018362015
120844,Kotak Liquid Fund - Regular - Growth,2023-02-13,-0.5343066841286379
120844,Kotak Liquid Fund - Regular - Growth,2023-02-14,-0.7260809018143127
120844,Kotak Liquid Fund - Regular - Growth,2023-02-15,-0.46858205032000255
120844,Kotak Liquid Fund - Regular - Growth,2023-02-16,-0.7062462911208977
120844,Kotak Liquid Fund - Regular - Growth,2023-02-17,-0.5154410734876137
120844,Kotak Liquid Fund - Regular - Growth,2023-02-20,-0.5355750240287689
120844,Kotak Liquid Fund - Regular - Growth,2023-02-21,-0.9120265638649245
120844,Kotak Liquid Fund - Regular - Growth,2023-02-22,-0.7612003248935278
120844,Kotak Liquid Fund - Regular - Growth,2023-02-23,-0.7028449661003023
120844,Kotak Liquid Fund - Regular - Growth,2023-02-24,-0.7164445119302888
120844,Kotak Liquid Fund - Regular - Growth,2023-02-27,-0.7733368225966678
120844,Kotak Liquid Fund - Regular - Growth,2023-02-28,-0.2910312926338769
120844,Kotak Liquid Fund - Regular - Growth,2023-03-01,-0.11864082581801895
120844,Kotak Liquid Fund - Regular - Growth,2023-03-02,-0.2216938835667756
120844,Kotak Liquid Fund - Regular - Growth,2023-03-03,0.2578300596172269
120844,Kotak Liquid Fund - Regular - Growth,2023-03-06,0.12620316933763948
120844,Kotak Liquid Fund - Regular - Growth,2023-03-07,0.28586316421678737
120844,Kotak Liquid Fund - Regular - Growth,2023-03-08,0.1428633142686355
120844,Kotak Liquid Fund - Regular - Growth,2023-03-09,0.427461207998715
120844,Kotak Liquid Fund - Regular - Growth,2023-03-10,0.18472421536988923
120844,Kotak Liquid Fund - Regular - Growth,2023-03-13,0.22453836684311881
120844,Kotak Liquid Fund - Regular - Growth,2023-03-14,0.21049094351108058
120844,Kotak Liquid Fund - Regular - Growth,2023-03-15,0.1255141488434498
120844,Kotak Liquid Fund - Regular - Growth,2023-03-16,-0.13328669542420193
120844,Kotak Liquid Fund - Regular - Growth,2023-03-17,-0.16075410143428817
120844,Kotak Liquid Fund - Regular - Growth,2023-03-20,-0.20188275317539178
120844,Kotak Liquid Fund - Regular - Growth,2023-03-21,-0.39834620441388907
120844,Kotak Liquid Fund - Regular - Growth,2023-03-22,-0.305561431408758
120844,Kotak Liquid Fund - Regular - Growth,2023-03-23,-0.43616596451074524
120844,Kotak Liquid Fund - Regular - Growth,2023-03-24,-0.45491339590238483
120844,Kotak Liquid Fund - Regular - Growth,2023-03-27,-0.3598687340892528
120844,Kotak Liquid Fund - Regular - Growth,2023-03-28,-0.048686606750109364
120844,Kotak Liquid Fund - Regular - Growth,2023-03-29,-0.11731226606819407
120844,Kotak Liquid Fund - Regular - Growth,2023-03-30,0.04017212608284012
120844,Kotak Liquid Fund - Regular - Growth,2023-03-31,0.5710512062588647
120844,Kotak Liquid Fund - Regular - Growth,2023-04-03,0.7004367130587077
120844,Kotak Liquid Fund - Regular - Growth,2023-04-04,0.8226278139347029
120844,Kotak Liquid Fund - Regular - Growth,2023-04-05,1.2411021423909412
120844,Kotak Liquid Fund - Regular - Growth,2023-04-06,1.3224133186693068
120844,Kotak Liquid Fund - Regular - Growth,2023-04-07,1.2468801219904793
120844,Kotak Liquid Fund - Regular - Growth,2023-04-10,1.3293701988475153
120844,Kotak Liquid Fund - Regular - Growth,2023-04-11,1.750007952899567
120844,Kotak Liquid Fund - Regular - Growth,2023-04-12,1.5726591418599845
120844,Kotak Liquid Fund - Regular - Growth,2023-04-13,1.8982772099024772
120844,Kotak Liquid Fund - Regular - Growth,2023-04-14,2.474155961502601
120844,Kotak Liquid Fund - Regular - Growth,2023-04-17,2.1011469389022897
120844,Kotak Liquid Fund - Regular - Growth,2023-04-18,2.1957212518128535
120844,Kotak Liquid Fund - Regular - Growth,2023-04-19,2.041094459066219
120844,Kotak Liquid Fund - Regular - Growth,2023-04-20,1.8445725981312138
120844,Kotak Liquid Fund - Regular - Growth,2023-04-21,1.8752802495297376
120844,Kotak Liquid Fund - Regular - Growth,2023-04-24,1.916396209327599
120844,Kotak Liquid Fund - Regular - Growth,2023-04-25,2.091372009405386
120844,Kotak Liquid Fund - Regular - Growth,2023-04-26,2.380366036607621
120844,Kotak Liquid Fund - Regular - Growth,2023-04-27,2.1518763745793796
120844,Kotak Liquid Fund - Regular - Growth,2023-04-28,2.1636463348158936
120844,Kotak Liquid Fund - Regular - Growth,2023-05-01,2.3611864286501087
120844,Kotak Liquid Fund - Regular - Growth,2023-05-02,2.247108529015155
120844,Kotak Liquid Fund - Regular - Growth,2023-05-03,2.8076763702975396
120844,Kotak Liquid Fund - Regular - Growth,2023-05-04,2.2172563720059264
120844,Kotak Liquid Fund - Regular - Growth,2023-05-05,2.0274607951486243
120844,Kotak Liquid Fund - Regular - Growth,2023-05-08,1.54239489532745
120844,Kotak Liquid Fund - Regular - Growth,2023-05-09,1.1534796544870816
120844,Kotak Liquid Fund - Regular - Growth,2023-05-10,1.3002471820471124
120844,Kotak Liquid Fund - Regular - Growth,2023-05-11,1.2830004762981084
120844,Kotak Liquid Fund - Regular - Growth,2023-05-12,1.6494268834320067
120844,Kotak Liquid Fund - Regular - Growth,2023-05-15,1.3075334866262263
120844,Kotak Liquid Fund - Regular - Growth,2023-05-16,1.5989628379168561
120844,Kotak Liquid Fund - Regular - Growth,2023-05-17,1.4903512429302326
120844,Kotak Liquid Fund - Regular - Growth,2023-05-18,1.0511210793320345
120844,Kotak Liquid Fund - Regular - Growth,2023-05-19,1.352364429913267
120844,Kotak Liquid Fund - Regular - Growth,2023-05-22,1.260925916591363
120844,Kotak Liquid Fund - Regular - Growth,2023-05-23,0.9814676277038007
120844,Kotak Liquid Fund - Regular - Growth,2023-05-24,0.900977247456574
120844,Kotak Liquid Fund - Regular - Growth,2023-05-25,0.731721194003142
120844,Kotak Liquid Fund - Regular - Growth,2023-05-26,0.4466523446171998
120844,Kotak Liquid Fund - Regular - Growth,2023-05-29,0.21866935548868385
120844,Kotak Liquid Fund - Regular - Growth,2023-05-30,-0.16476992855457226
120844,Kotak Liquid Fund - Regular - Growth,2023-05-31,0.028326294095199652
120844,Kotak Liquid Fund - Regular - Growth,2023-06-01,-0.034625696878771865
120844,Kotak Liquid Fund - Regular - Growth,2023-06-02,-0.2430441834289947
120844,Kotak Liquid Fund - Regular - Growth,2023-06-05,-0.34948114194752417
120844,Kotak Liquid Fund - Regular - Growth,2023-06-06,-0.5517800572608949
120844,Kotak Liquid Fund - Regular - Growth,2023-06-07,-0.8572969777638231
120844,Kotak Liquid Fund - Regular - Growth,2023-06-08,-0.7093388083991241
120844,Kotak Liquid Fund - Regular - Growth,2023-06-09,-0.7344238050069622
120844,Kotak Liquid Fund - Regular - Growth,2023-06-12,-0.8848577600539377
120844,Kotak Liquid Fund - Regular - Growth,2023-06-13,-0.6575438387536154
120844,Kotak Liquid Fund - Regular - Growth,2023-06-14,-0.7104384702424049
120844,Kotak Liquid Fund - Regular - Growth,2023-06-15,-0.8167825546779106
120844,Kotak Liquid Fund - Regular - Growth,2023-06-16,-1.0046141365694818
120844,Kotak Liquid Fund - Regular - Growth,2023-06-19,-1.3213416187872145
120844,Kotak Liquid Fund - Regular - Growth,2023-06-20,-1.0234930732980152
120844,Kotak Liquid Fund - Regular - Growth,2023-06-21,-1.2376036542004514
120844,Kotak Liquid Fund - Regular - Growth,2023-06-22,-1.1770371156675654
120844,Kotak Liquid Fund - Regular - Growth,2023-06-23,-1.4004386187555058
120844,Kotak Liquid Fund - Regular - Growth,2023-06-26,-1.3231911118858577
120844,Kotak Liquid Fund - Regular - Growth,2023-06-27,-0.7639589216989138
120844,Kotak Liquid Fund - Regular - Growth,2023-06-28,-0.8392647165723754
120844,Kotak Liquid Fund - Regular - Growth,2023-06-29,-0.6132348727161667
120844,Kotak Liquid Fund - Regular - Growth,2023-06-30,-0.472524052902522
120844,Kotak Liquid Fund - Regular - Growth,2023-07-03,-0.7077365101847152
120844,Kotak Liquid Fund - Regular - Growth,2023-07-04,-1.126347927043708
120844,Kotak Liquid Fund - Regular - Growth,2023-07-05,-1.486753568941729
120844,Kotak Liquid Fund - Regular - Growth,2023-07-06,-1.5520424640071226
120844,Kotak Liquid Fund - Regular - Growth,2023-07-07,-1.8250815604907813
120844,Kotak Liquid Fund - Regular - Growth,2023-07-10,-1.5325035475001774
120844,Kotak Liquid Fund - Regular - Growth,2023-07-11,-1.3016925193151145
120844,Kotak Liquid Fund - Regular - Growth,2023-07-12,-1.175814688260083
120844,Kotak Liquid Fund - Regular - Growth,2023-07-13,-1.6966168388718703
120844,Kotak Liquid Fund - Regular - Growth,2023-07-14,-1.6517936968477476
120844,Kotak Liquid Fund - Regular - Growth,2023-07-17,-1.42423043975158
120844,Kotak Liquid Fund - Regular - Growth,2023-07-18,-1.1301572486837206
120844,Kotak Liquid Fund - Regular - Growth,2023-07-19,-0.88317289987251
120844,Kotak Liquid Fund - Regular - Growth,2023-07-20,-0.4192408698634703
120844,Kotak Liquid Fund - Regular - Growth,2023-07-21,-0.3368629392722808
120844,Kotak Liquid Fund - Regular - Growth,2023-07-24,-0.004264852190425961
120844,Kotak Liquid Fund - Regular - Growth,2023-07-25,0.08418266143464344
120844,Kotak Liquid Fund - Regular - Growth,2023-07-26,-0.10085278042776401
120844,Kotak Liquid Fund - Regular - Growth,2023-07-27,0.015080874855406087
120844,Kotak Liquid Fund - Regular - Growth,2023-07-28,-0.047276802245562105
120844,Kotak Liquid Fund - Regular - Growth,2023-07-31,-0.2924092835122631
120844,Kotak Liquid Fund - Regular - Growth,2023-08-01,-0.3183583779141141
120844,Kotak Liquid Fund - Regular - Growth,2023-08-02,-0.22532228252360503
120844,Kotak Liquid Fund - Regular - Growth,2023-08-03,-0.40404457966298446
120844,Kotak Liquid Fund - Regular - Growth,2023-08-04,-0.4105523690088678
120844,Kotak Liquid Fund - Regular - Growth,2023-08-07,-0.15696740418795563
120844,Kotak Liquid Fund - Regular - Growth,2023-08-08,-0.17213273759062353
120844,Kotak Liquid Fund - Regular - Growth,2023-08-09,-0.3764973810972767
120844,Kotak Liquid Fund - Regular - Growth,2023-08-10,-0.5088454458825487
120844,Kotak Liquid Fund - Regular - Growth,2023-08-11,-0.22406955661345482
120844,Kotak Liquid Fund - Regular - Growth,2023-08-14,-0.45737943970395295
120844,Kotak Liquid Fund - Regular - Growth,2023-08-15,-0.6103778409723564
120844,Kotak Liquid Fund - Regular - Growth,2023-08-16,-0.7655781369154304
120844,Kotak Liquid Fund - Regular - Growth,2023-08-17,-0.9953023514556713
120844,Kotak Liquid Fund - Regular - Growth,2023-08-18,-1.2006271923283076
120844,Kotak Liquid Fund - Regular - Growth,2023-08-21,-0.9695454451337734
120844,Kotak Liquid Fund - Regular - Growth,2023-08-22,-0.8739800544384735
120844,Kotak Liquid Fund - Regular - Growth,2023-08-23,-1.034346072318314
120844,Kotak Liquid Fund - Regular - Growth,2023-08-24,-0.8220134244056557
120844,Kotak Liquid Fund - Regular - Growth,2023-08-25,-0.9323290131589335
120844,Kotak Liquid Fund - Regular - Growth,2023-08-28,-1.2292079688671953
120844,Kotak Liquid Fund - Regular - Growth,2023-08-29,-1.6270590859938199
120844,Kotak Liquid Fund - Regular - Growth,2023-08-30,-2.1832662556627054
120844,Kotak Liquid Fund - Regular - Growth,2023-08-31,-2.4114878540929574
120844,Kotak Liquid Fund - Regular - Growth,2023-09-01,-2.418534968648785
120844,Kotak Liquid Fund - Regular - Growth,2023-09-04,-2.6304107705949358
120844,Kotak Liquid Fund - Regular - Growth,2023-09-05,-2.7081844767782806
120844,Kotak Liquid Fund - Regular - Growth,2023-09-06,-2.839018031439576
120844,Kotak Liquid Fund - Regular - Growth,2023-09-07,-2.348645651452426
120844,Kotak Liquid Fund - Regular - Growth,2023-09-08,-2.201650829829258
120844,Kotak Liquid Fund - Regular - Growth,2023-09-11,-1.9784259797620034
120844,Kotak Liquid Fund - Regular - Growth,2023-09-12,-1.5558374776677537
120844,Kotak Liquid Fund - Regular - Growth,2023-09-13,-2.023823689986979
120844,Kotak Liquid Fund - Regular - Growth,2023-09-14,-1.6124352500071406
120844,Kotak Liquid Fund - Regular - Growth,2023-09-15,-1.6134060133187538
120844,Kotak Liquid Fund - Regular - Growth,2023-09-18,-1.5561546352261926
120844,Kotak Liquid Fund - Regular - Growth,2023-09-19,-1.9175107323413303
120844,Kotak Liquid Fund - Regular - Growth,2023-09-20,-1.951773603616786
120844,Kotak Liquid Fund - Regular - Growth,2023-09-21,-1.5231866414182296
120844,Kotak Liquid Fund - Regular - Growth,2023-09-22,-1.4464290361824352
120844,Kotak Liquid Fund - Regular - Growth,2023-09-25,-0.958914922058645
120844,Kotak Liquid Fund - Regular - Growth,2023-09-26,-0.8336276195122221
120844,Kotak Liquid Fund - Regular - Growth,2023-09-27,-0.8418952562844181
120844,Kotak Liquid Fund - Regular - Growth,2023-09-28,-0.6224489040208322
120844,Kotak Liquid Fund - Regular - Growth,2023-09-29,-0.3766606178544294
120844,Kotak Liquid Fund - Regular - Growth,2023-10-02,-0.18366178694734162
120844,Kotak Liquid Fund - Regular - Growth,2023-10-03,0.35601792817939515
120844,Kotak Liquid Fund - Regular - Growth,2023-10-04,0.07520050256883078
120844,Kotak Liquid Fund - Regular - Growth,2023-10-05,0.2042685221688428
120844,Kotak Liquid Fund - Regular - Growth,2023-10-06,0.7803077944805981
120844,Kotak Liquid Fund - Regular - Growth,2023-10-09,1.0816551458742092
120844,Kotak Liquid Fund - Regular - Growth,2023-10-10,1.033839864684672
120844,Kotak Liquid Fund - Regular - Growth,2023-10-11,0.9853456712323817
120844,Kotak Liquid Fund - Regular - Growth,2023-10-12,0.7891007541283666
120844,Kotak Liquid Fund - Regular - Growth,2023-10-13,1.4021960416164414
120844,Kotak Liquid Fund - Regular - Growth,2023-10-16,1.5783660534825124
120844,Kotak Liquid Fund - Regular - Growth,2023-10-17,1.4744905541038036
120844,Kotak Liquid Fund - Regular - Growth,2023-10-18,1.3837732398787428
120844,Kotak Liquid Fund - Regular - Growth,2023-10-19,1.4599327866982752
120844,Kotak Liquid Fund - Regular - Growth,2023-10-20,2.0266655112635092
120844,Kotak Liquid Fund - Regular - Growth,2023-10-23,2.473025347530602
120844,Kotak Liquid Fund - Regular - Growth,2023-10-24,2.2075526464959423
120844,Kotak Liquid Fund - Regular - Growth,2023-10-25,2.0989866249685885
120844,Kotak Liquid Fund - Regular - Growth,2023-10-26,2.3687908244865414
120844,Kotak Liquid Fund - Regular - Growth,2023-10-27,2.577336384552672
120844,Kotak Liquid Fund - Regular - Growth,2023-10-30,2.611845259350662
120844,Kotak Liquid Fund - Regular - Growth,2023-10-31,1.9943251742614718
120844,Kotak Liquid Fund - Regular - Growth,2023-11-01,1.8225820709307348
120844,Kotak Liquid Fund - Regular - Growth,2023-11-02,1.7031103447259035
120844,Kotak Liquid Fund - Regular - Growth,2023-11-03,1.790156100959909
120844,Kotak Liquid Fund - Regular - Growth,2023-11-06,1.7160590652939913
120844,Kotak Liquid Fund - Regular - Growth,2023-11-07,1.8011047737531036
120844,Kotak Liquid Fund - Regular - Growth,2023-11-08,1.947677213821905
120844,Kotak Liquid Fund - Regular - Growth,2023-11-09,2.5016401854845327
120844,Kotak Liquid Fund - Regular - Growth,2023-11-10,2.816082514836995
120844,Kotak Liquid Fund - Regular - Growth,2023-11-13,2.7017503725156575
120844,Kotak Liquid Fund - Regular - Growth,2023-11-14,2.624226960377243
120844,Kotak Liquid Fund - Regular - Growth,2023-11-15,2.565427062518441
120844,Kotak Liquid Fund - Regular - Growth,2023-11-16,2.7603915196358675
120844,Kotak Liquid Fund - Regular - Growth,2023-11-17,2.6817821130318475
120844,Kotak Liquid Fund - Regular - Growth,2023-11-20,2.6318886467582945
120844,Kotak Liquid Fund - Regular - Growth,2023-11-21,2.4088756739697614
120844,Kotak Liquid Fund - Regular - Growth,2023-11-22,2.2774137047109866
120844,Kotak Liquid Fund - Regular - Growth,2023-11-23,1.9692052679610124
120844,Kotak Liquid Fund - Regular - Growth,2023-11-24,1.7558631474823085
120844,Kotak Liquid Fund - Regular - Growth,2023-11-27,2.055031334656481
120844,Kotak Liquid Fund - Regular - Growth,2023-11-28,1.8351001486862684
120844,Kotak Liquid Fund - Regular - Growth,2023-11-29,2.0040282464548893
120844,Kotak Liquid Fund - Regular - Growth,2023-11-30,2.155903183140222
120844,Kotak Liquid Fund - Regular - Growth,2023-12-01,2.0025467470341813
120844,Kotak Liquid Fund - Regular - Growth,2023-12-04,2.270937092558519
120844,Kotak Liquid Fund - Regular - Growth,2023-12-05,1.9785233480380573
120844,Kotak Liquid Fund - Regular - Growth,2023-12-06,2.061272000068958
120844,Kotak Liquid Fund - Regular - Growth,2023-12-07,1.8527579281644861
120844,Kotak Liquid Fund - Regular - Growth,2023-12-08,1.5783043746407086
120844,Kotak Liquid Fund - Regular - Growth,2023-12-11,1.660607120759384
120844,Kotak Liquid Fund - Regular - Growth,2023-12-12,1.393447377428931
120844,Kotak Liquid Fund - Regular - Growth,2023-12-13,0.9887978948232862
120844,Kotak Liquid Fund - Regular - Growth,2023-12-14,0.6999716541876171
120844,Kotak Liquid Fund - Regular - Growth,2023-12-15,0.9155448909534083
120844,Kotak Liquid Fund - Regular - Growth,2023-12-18,0.6459463463771826
120844,Kotak Liquid Fund - Regular - Growth,2023-12-19,0.4174659906293888
120844,Kotak Liquid Fund - Regular - Growth,2023-12-20,0.3449346977936403
120844,Kotak Liquid Fund - Regular - Growth,2023-12-21,0.4363970317463121
120844,Kotak Liquid Fund - Regular - Growth,2023-12-22,0.47757825745024746
120844,Kotak Liquid Fund - Regular - Growth,2023-12-25,0.31357027762472706
120844,Kotak Liquid Fund - Regular - Growth,2023-12-26,0.5954985238607139
120844,Kotak Liquid Fund - Regular - Growth,2023-12-27,0.41201106219190814
120844,Kotak Liquid Fund - Regular - Growth,2023-12-28,0.27931031781204607
120844,Kotak Liquid Fund - Regular - Growth,2023-12-29,0.27257005589351335
120844,Kotak Liquid Fund - Regular - Growth,2024-01-01,0.1555742686611334
120844,Kotak Liquid Fund - Regular - Growth,2024-01-02,0.41267052026840384
120844,Kotak Liquid Fund - Regular - Growth,2024-01-03,0.4847469642140917
120844,Kotak Liquid Fund - Regular - Growth,2024-01-04,0.8048117450424842
120844,Kotak Liquid Fund - Regular - Growth,2024-01-05,0.7622647254468792
120844,Kotak Liquid Fund - Regular - Growth,2024-01-08,0.5490833748099034
120844,Kotak Liquid Fund - Regular - Growth,2024-01-09,0.8457734548750659
120844,Kotak Liquid Fund - Regular - Growth,2024-01-10,1.1887296369619664
120844,Kotak Liquid Fund - Regular - Growth,2024-01-11,0.9934143212482195
120844,Kotak Liquid Fund - Regular - Growth,2024-01-12,0.6930971097502122
120844,Kotak Liquid Fund - Regular - Growth,2024-01-15,0.939616681125644
120844,Kotak Liquid Fund - Regular - Growth,2024-01-16,1.0318802530266578
120844,Kotak Liquid Fund - Regular - Growth,2024-01-17,1.3561194634493587
120844,Kotak Liquid Fund - Regular - Growth,2024-01-18,1.0275981078697145
120844,Kotak Liquid Fund - Regular - Growth,2024-01-19,0.9003996780486196
120844,Kotak Liquid Fund - Regular - Growth,2024-01-22,0.5945231907891275
120844,Kotak Liquid Fund - Regular - Growth,2024-01-23,0.6959734516848758
120844,Kotak Liquid Fund - Regular - Growth,2024-01-24,1.0392620863515887
120844,Kotak Liquid Fund - Regular - Growth,2024-01-25,0.9132366620723674
120844,Kotak Liquid Fund - Regular - Growth,2024-01-26,0.637203154462442
120844,Kotak Liquid Fund - Regular - Growth,2024-01-29,0.6097698542209852
120844,Kotak Liquid Fund - Regular - Growth,2024-01-30,0.6200301571820105
120844,Kotak Liquid Fund - Regular - Growth,2024-01-31,0.7642644094648375
120844,Kotak Liquid Fund - Regular - Growth,2024-02-01,0.5202186786768604
120844,Kotak Liquid Fund - Regular - Growth,2024-02-02,0.22611666018337717
120844,Kotak Liquid Fund - Regular - Growth,2024-02-05,0.3442828878064587
120844,Kotak Liquid Fund - Regular - Growth,2024-02-06,0.12477741956325816
120844,Kotak Liquid Fund - Regular - Growth,2024-02-07,-0.00732198738140134
120844,Kotak Liquid Fund - Regular - Growth,2024-02-08,0.012252355635579628
120844,Kotak Liquid Fund - Regular - Growth,2024-02-09,-0.19585643674227401
120844,Kotak Liquid Fund - Regular - Growth,2024-02-12,-0.5245754556363847
120844,Kotak Liquid Fund - Regular - Growth,2024-02-13,-0.11350094812659994
120844,Kotak Liquid Fund - Regular - Growth,2024-02-14,0.19872692684699084
120844,Kotak Liquid Fund - Regular - Growth,2024-02-15,0.24684498498850188
120844,Kotak Liquid Fund - Regular - Growth,2024-02-16,-0.2624983980071778
120844,Kotak Liquid Fund - Regular - Growth,2024-02-19,-0.21875393780345986
120844,Kotak Liquid Fund - Regular - Growth,2024-02-20,-0.11313681340558898
120844,Kotak Liquid Fund - Regular - Growth,2024-02-21,-0.3580302604345391
120844,Kotak Liquid Fund - Regular - Growth,2024-02-22,-0.37825327512632817
120844,Kotak Liquid Fund - Regular - Growth,2024-02-23,-0.3462616778856122
120844,Kotak Liquid Fund - Regular - Growth,2024-02-26,-0.5975651784589948
120844,Kotak Liquid Fund - Regular - Growth,2024-02-27,-0.477558503722365
120844,Kotak Liquid Fund - Regular - Growth,2024-02-28,-0.195584160163612
120844,Kotak Liquid Fund - Regular - Growth,2024-02-29,-0.42884378597392414
120844,Kotak Liquid Fund - Regular - Growth,2024-03-01,-0.5527319864144369
120844,Kotak Liquid Fund - Regular - Growth,2024-03-04,-0.40135977607201156
120844,Kotak Liquid Fund - Regular - Growth,2024-03-05,-0.030435738563966187
120844,Kotak Liquid Fund - Regular - Growth,2024-03-06,-0.17127383666991397
120844,Kotak Liquid Fund - Regular - Growth,2024-03-07,-0.23426869021060004
120844,Kotak Liquid Fund - Regular - Growth,2024-03-08,-0.12709275658613164
120844,Kotak Liquid Fund - Regular - Growth,2024-03-11,-0.09890323808429934
120844,Kotak Liquid Fund - Regular - Growth,2024-03-12,-0.11866017149918506
120844,Kotak Liquid Fund - Regular - Growth,2024-03-13,0.1483149426271134
120844,Kotak Liquid Fund - Regular - Growth,2024-03-14,0.09069077952383638
120844,Kotak Liquid Fund - Regular - Growth,2024-03-15,-0.45063906699467726
120844,Kotak Liquid Fund - Regular - Growth,2024-03-18,-0.403225156821835
120844,Kotak Liquid Fund - Regular - Growth,2024-03-19,-0.32463722221610697
120844,Kotak Liquid Fund - Regular - Growth,2024-03-20,-0.22543337884971526
120844,Kotak Liquid Fund - Regular - Growth,2024-03-21,-0.26643006929277496
120844,Kotak Liquid Fund - Regular - Growth,2024-03-22,-0.3952363001733423
120844,Kotak Liquid Fund - Regular - Growth,2024-03-25,-0.4339275058709701
120844,Kotak Liquid Fund - Regular - Growth,2024-03-26,-0.09950983119149992
120844,Kotak Liquid Fund - Regular - Growth,2024-03-27,-0.1447286899325765
120844,Kotak Liquid Fund - Regular - Growth,2024-03-28,-0.05597310286708958
120844,Kotak Liquid Fund - Regular - Growth,2024-03-29,-0.17959002464824944
120844,Kotak Liquid Fund - Regular - Growth,2024-04-01,-0.6898972905983148
120844,Kotak Liquid Fund - Regular - Growth,2024-04-02,-0.7094188072207657
120844,Kotak Liquid Fund - Regular - Growth,2024-04-03,-0.4877438914841597
120844,Kotak Liquid Fund - Regular - Growth,2024-04-04,-0.5635456771501177
120844,Kotak Liquid Fund - Regular - Growth,2024-04-05,-0.30743753991361933
120844,Kotak Liquid Fund - Regular - Growth,2024-04-08,-0.4918731656710326
120844,Kotak Liquid Fund - Regular - Growth,2024-04-09,-0.42890872239288175
120844,Kotak Liquid Fund - Regular - Growth,2024-04-10,-0.4501540483983174
120844,Kotak Liquid Fund - Regular - Growth,2024-04-11,0.15476979922744477
120844,Kotak Liquid Fund - Regular - Growth,2024-04-12,0.35637075675974417
120844,Kotak Liquid Fund - Regular - Growth,2024-04-15,-0.44319788485531825
120844,Kotak Liquid Fund - Regular - Growth,2024-04-16,-0.49633111023320314
120844,Kotak Liquid Fund - Regular - Growth,2024-04-17,-0.09254173966537588
120844,Kotak Liquid Fund - Regular - Growth,2024-04-18,-0.13668393077866917
120844,Kotak Liquid Fund - Regular - Growth,2024-04-19,-0.6227480991101871
120844,Kotak Liquid Fund - Regular - Growth,2024-04-22,-0.29346692238233835
120844,Kotak Liquid Fund - Regular - Growth,2024-04-23,-0.5584358495476436
120844,Kotak Liquid Fund - Regular - Growth,2024-04-24,-0.3647919966013437
120844,Kotak Liquid Fund - Regular - Growth,2024-04-25,-0.5261875817261507
120844,Kotak Liquid Fund - Regular - Growth,2024-04-26,-0.7135259764436382
120844,Kotak Liquid Fund - Regular - Growth,2024-04-29,-0.770302482248045
120844,Kotak Liquid Fund - Regular - Growth,2024-04-30,-1.3233220033549054
120844,Kotak Liquid Fund - Regular - Growth,2024-05-01,-1.0213373720894836
120844,Kotak Liquid Fund - Regular - Growth,2024-05-02,-0.772451135823778
120844,Kotak Liquid Fund - Regular - Growth,2024-05-03,-0.9021582928159737
120844,Kotak Liquid Fund - Regular - Growth,2024-05-06,-0.8343412411798546
120844,Kotak Liquid Fund - Regular - Growth,2024-05-07,-1.001786437892346
120844,Kotak Liquid Fund - Regular - Growth,2024-05-08,-1.1259948978832015
120844,Kotak Liquid Fund - Regular - Growth,2024-05-09,-1.420794878523404
120844,Kotak Liquid Fund - Regular - Growth,2024-05-10,-1.677174083184794
120844,Kotak Liquid Fund - Regular - Growth,2024-05-13,-1.5687030303858311
120844,Kotak Liquid Fund - Regular - Growth,2024-05-14,-1.5001166761606342
120844,Kotak Liquid Fund - Regular - Growth,2024-05-15,-2.054941067151594
120844,Kotak Liquid Fund - Regular - Growth,2024-05-16,-2.451739100454824
120844,Kotak Liquid Fund - Regular - Growth,2024-05-17,-2.4015700154880397
120844,Kotak Liquid Fund - Regular - Growth,2024-05-20,-2.9659282799062603
120844,Kotak Liquid Fund - Regular - Growth,2024-05-21,-3.3779799811779325
120844,Kotak Liquid Fund - Regular - Growth,2024-05-22,-3.355416303578716
120844,Kotak Liquid Fund - Regular - Growth,2024-05-23,-3.3037540684799045
120844,Kotak Liquid Fund - Regular - Growth,2024-05-24,-3.2963530247472095
120844,Kotak Liquid Fund - Regular - Growth,2024-05-27,-3.098747336157448
120844,Kotak Liquid Fund - Regular - Growth,2024-05-28,-3.282718863376423
120844,Kotak Liquid Fund - Regular - Growth,2024-05-29,-3.6960343780287785
120844,Kotak Liquid Fund - Regular - Growth,2024-05-30,-3.4393875221970642
120844,Kotak Liquid Fund - Regular - Growth,2024-05-31,-2.8491569500327474
120844,Kotak Liquid Fund - Regular - Growth,2024-06-03,-2.9914963819870803
120844,Kotak Liquid Fund - Regular - Growth,2024-06-04,-2.8971808361335403
120844,Kotak Liquid Fund - Regular - Growth,2024-06-05,-2.7857332247986193
120844,Kotak Liquid Fund - Regular - Growth,2024-06-06,-2.2604007300081506
120844,Kotak Liquid Fund - Regular - Growth,2024-06-07,-2.1695164695444182
120844,Kotak Liquid Fund - Regular - Growth,2024-06-10,-2.1787144396704736
120844,Kotak Liquid Fund - Regular - Growth,2024-06-11,-2.344035189368762
120844,Kotak Liquid Fund - Regular - Growth,2024-06-12,-2.1454946640058505
120844,Kotak Liquid Fund - Regular - Growth,2024-06-13,-1.97716096470504
120844,Kotak Liquid Fund - Regular - Growth,2024-06-14,-2.086878295086631
120844,Kotak Liquid Fund - Regular - Growth,2024-06-17,-2.0436915449379383
120844,Kotak Liquid Fund - Regular - Growth,2024-06-18,-2.087391393664719
120844,Kotak Liquid Fund - Regular - Growth,2024-06-19,-2.1209269087696176
120844,Kotak Liquid Fund - Regular - Growth,2024-06-20,-1.9149046426604281
120844,Kotak Liquid Fund - Regular - Growth,2024-06-21,-1.7798460411032941
120844,Kotak Liquid Fund - Regular - Growth,2024-06-24,-1.838746087868357
120844,Kotak Liquid Fund - Regular - Growth,2024-06-25,-1.491459655990811
120844,Kotak Liquid Fund - Regular - Growth,2024-06-26,-1.3323669120628518
120844,Kotak Liquid Fund - Regular - Growth,2024-06-27,-1.9331952728481845
120844,Kotak Liquid Fund - Regular - Growth,2024-06-28,-2.0415410810225736
120844,Kotak Liquid Fund - Regular - Growth,2024-07-01,-2.0749934844273494
120844,Kotak Liquid Fund - Regular - Growth,2024-07-02,-1.8538760320800702
120844,Kotak Liquid Fund - Regular - Growth,2024-07-03,-2.077713839989036
120844,Kotak Liquid Fund - Regular - Growth,2024-07-04,-1.8547829042890154
120844,Kotak Liquid Fund - Regular - Growth,2024-07-05,-1.6453391009623137
120844,Kotak Liquid Fund - Regular - Growth,2024-07-08,-1.7412026376550822
120844,Kotak Liquid Fund - Regular - Growth,2024-07-09,-1.898916608446008
120844,Kotak Liquid Fund - Regular - Growth,2024-07-10,-1.7763267322032037
120844,Kotak Liquid Fund - Regular - Growth,2024-07-11,-1.6856539562336579
120844,Kotak Liquid Fund - Regular - Growth,2024-07-12,-2.0055703492480803
120844,Kotak Liquid Fund - Regular - Growth,2024-07-15,-1.964351825085757
120844,Kotak Liquid Fund - Regular - Growth,2024-07-16,-2.0575147668949185
120844,Kotak Liquid Fund - Regular - Growth,2024-07-17,-2.283707569333177
120844,Kotak Liquid Fund - Regular - Growth,2024-07-18,-2.0477427916346675
120844,Kotak Liquid Fund - Regular - Growth,2024-07-19,-2.0349480548661187
120844,Kotak Liquid Fund - Regular - Growth,2024-07-22,-2.2985475430638567
120844,Kotak Liquid Fund - Regular - Growth,2024-07-23,-2.277626369852624
120844,Kotak Liquid Fund - Regular - Growth,2024-07-24,-2.2647283595373477
120844,Kotak Liquid Fund - Regular - Growth,2024-07-25,-2.533865527890396
120844,Kotak Liquid Fund - Regular - Growth,2024-07-26,-2.634868402128894
120844,Kotak Liquid Fund - Regular - Growth,2024-07-29,-2.6056701850570394
120844,Kotak Liquid Fund - Regular - Growth,2024-07-30,-2.76570936981276
120844,Kotak Liquid Fund - Regular - Growth,2024-07-31,-2.9614938532589745
120844,Kotak Liquid Fund - Regular - Growth,2024-08-01,-3.0830536239260424
120844,Kotak Liquid Fund - Regular - Growth,2024-08-02,-3.063443954397014
120844,Kotak Liquid Fund - Regular - Growth,2024-08-05,-3.3357831464292382
120844,Kotak Liquid Fund - Regular - Growth,2024-08-06,-2.9027543839142638
120844,Kotak Liquid Fund - Regular - Growth,2024-08-07,-3.3080566099255675
120844,Kotak Liquid Fund - Regular - Growth,2024-08-08,-3.2399414176860324
120844,Kotak Liquid Fund - Regular - Growth,2024-08-09,-3.4982793719805616
120844,Kotak Liquid Fund - Regular - Growth,2024-08-12,-3.2464640419306487
120844,Kotak Liquid Fund - Regular - Growth,2024-08-13,-3.1496550632680274
120844,Kotak Liquid Fund - Regular - Growth,2024-08-14,-3.2069079107376255
120844,Kotak Liquid Fund - Regular - Growth,2024-08-15,-3.8334020203292956
120844,Kotak Liquid Fund - Regular - Growth,2024-08-16,-3.9257626353129886
120844,Kotak Liquid Fund - Regular - Growth,2024-08-19,-3.4734211895816043
120844,Kotak Liquid Fund - Regular - Growth,2024-08-20,-3.1326184442381497
120844,Kotak Liquid Fund - Regular - Growth,2024-08-21,-3.329669936109686
120844,Kotak Liquid Fund - Regular - Growth,2024-08-22,-3.3420990249401927
120844,Kotak Liquid Fund - Regular - Growth,2024-08-23,-3.1870560119668725
120844,Kotak Liquid Fund - Regular - Growth,2024-08-26,-3.5412893781411676
120844,Kotak Liquid Fund - Regular - Growth,2024-08-27,-3.3995010660514247
120844,Kotak Liquid Fund - Regular - Growth,2024-08-28,-3.007078134184187
120844,Kotak Liquid Fund - Regular - Growth,2024-08-29,-2.5804618068653746
120844,Kotak Liquid Fund - Regular - Growth,2024-08-30,-2.2864490838372107
120844,Kotak Liquid Fund - Regular - Growth,2024-09-02,-2.115813780534409
120844,Kotak Liquid Fund - Regular - Growth,2024-09-03,-2.229718983396059
120844,Kotak Liquid Fund - Regular - Growth,2024-09-04,-2.4168931506809717
120844,Kotak Liquid Fund - Regular - Growth,2024-09-05,-2.668454546389947
120844,Kotak Liquid Fund - Regular - Growth,2024-09-06,-2.720634810223012
120844,Kotak Liquid Fund - Regular - Growth,2024-09-09,-2.6840990605905355
120844,Kotak Liquid Fund - Regular - Growth,2024-09-10,-2.3957960265179516
120844,Kotak Liquid Fund - Regular - Growth,2024-09-11,-2.3160528303299754
120844,Kotak Liquid Fund - Regular - Growth,2024-09-12,-2.181471705658119
120844,Kotak Liquid Fund - Regular - Growth,2024-09-13,-1.823236737589976
120844,Kotak Liquid Fund - Regular - Growth,2024-09-16,-1.8354671496123431
120844,Kotak Liquid Fund - Regular - Growth,2024-09-17,-2.2477396910158753
120844,Kotak Liquid Fund - Regular - Growth,2024-09-18,-2.2546702375829484
120844,Kotak Liquid Fund - Regular - Growth,2024-09-19,-1.847781680975771
120844,Kotak Liquid Fund - Regular - Growth,2024-09-20,-1.8096036673842817
120844,Kotak Liquid Fund - Regular - Growth,2024-09-23,-1.6172972822947527
120844,Kotak Liquid Fund - Regular - Growth,2024-09-24,-1.7348201652790567
120844,Kotak Liquid Fund - Regular - Growth,2024-09-25,-1.8954528358293026
120844,Kotak Liquid Fund - Regular - Growth,2024-09-26,-1.799953896848211
120844,Kotak Liquid Fund - Regular - Growth,2024-09-27,-1.848364639693945
120844,Kotak Liquid Fund - Regular - Growth,2024-09-30,-1.6816436741333993
120844,Kotak Liquid Fund - Regular - Growth,2024-10-01,-1.6316740604483728
120844,Kotak Liquid Fund - Regular - Growth,2024-10-02,-1.726217565263127
120844,Kotak Liquid Fund - Regular - Growth,2024-10-03,-1.9420813383144528
120844,Kotak Liquid Fund - Regular - Growth,2024-10-04,-2.3067827717909295
120844,Kotak Liquid Fund - Regular - Growth,2024-10-07,-2.1309026467664367
120844,Kotak Liquid Fund - Regular - Growth,2024-10-08,-2.18045503888145
120844,Kotak Liquid Fund - Regular - Growth,2024-10-09,-2.135067717299987
120844,Kotak Liquid Fund - Regular - Growth,2024-10-10,-2.3511797313092737
120844,Kotak Liquid Fund - Regular - Growth,2024-10-11,-2.2882032721307057
120844,Kotak Liquid Fund - Regular - Growth,2024-10-14,-2.568143125838122
120844,Kotak Liquid Fund - Regular - Growth,2024-10-15,-2.2954895873208505
120844,Kotak Liquid Fund - Regular - Growth,2024-10-16,-2.5035051640451065
120844,Kotak Liquid Fund - Regular - Growth,2024-10-17,-2.6888721253300867
120844,Kotak Liquid Fund - Regular - Growth,2024-10-18,-2.494845106435981
120844,Kotak Liquid Fund - Regular - Growth,2024-10-21,-2.4421180466057932
120844,Kotak Liquid Fund - Regular - Growth,2024-10-22,-2.6896018178187733
120844,Kotak Liquid Fund - Regular - Growth,2024-10-23,-2.9410933050446255
120844,Kotak Liquid Fund - Regular - Growth,2024-10-24,-3.390631936537769
120844,Kotak Liquid Fund - Regular - Growth,2024-10-25,-3.2689732040969526
120844,Kotak Liquid Fund - Regular - Growth,2024-10-28,-3.2936297523146028
120844,Kotak Liquid Fund - Regular - Growth,2024-10-29,-3.811116772971153
120844,Kotak Liquid Fund - Regular - Growth,2024-10-30,-3.8617773408269587
120844,Kotak Liquid Fund - Regular - Growth,2024-10-31,-3.246628500277377
120844,Kotak Liquid Fund - Regular - Growth,2024-11-01,-2.766982796898063
120844,Kotak Liquid Fund - Regular - Growth,2024-11-04,-2.6545780723626153
120844,Kotak Liquid Fund - Regular - Growth,2024-11-05,-2.8395915305345087
120844,Kotak Liquid Fund - Regular - Growth,2024-11-06,-2.9461295207357714
120844,Kotak Liquid Fund - Regular - Growth,2024-11-07,-3.4021860045238697
120844,Kotak Liquid Fund - Regular - Growth,2024-11-08,-3.7797734101929823
120844,Kotak Liquid Fund - Regular - Growth,2024-11-11,-3.7494134083628974
120844,Kotak Liquid Fund - Regular - Growth,2024-11-12,-4.018187382751348
120844,Kotak Liquid Fund - Regular - Growth,2024-11-13,-3.666685849689589
120844,Kotak Liquid Fund - Regular - Growth,2024-11-14,-3.6206485397407566
120844,Kotak Liquid Fund - Regular - Growth,2024-11-15,-3.535224496375886
120844,Kotak Liquid Fund - Regular - Growth,2024-11-18,-3.3268908364494805
120844,Kotak Liquid Fund - Regular - Growth,2024-11-19,-3.450239700849551
120844,Kotak Liquid Fund - Regular - Growth,2024-11-20,-3.55746166136148
120844,Kotak Liquid Fund - Regular - Growth,2024-11-21,-4.290631036433785
120844,Kotak Liquid Fund - Regular - Growth,2024-11-22,-4.071752165603166
120844,Kotak Liquid Fund - Regular - Growth,2024-11-25,-3.931867004157964
120844,Kotak Liquid Fund - Regular - Growth,2024-11-26,-4.140291091365741
120844,Kotak Liquid Fund - Regular - Growth,2024-11-27,-4.141538667092186
120844,Kotak Liquid Fund - Regular - Growth,2024-11-28,-3.5634279387355794
120844,Kotak Liquid Fund - Regular - Growth,2024-11-29,-3.4493593797874635
120844,Kotak Liquid Fund - Regular - Growth,2024-12-02,-3.45965969809118
120844,Kotak Liquid Fund - Regular - Growth,2024-12-03,-3.712539421044063
120844,Kotak Liquid Fund - Regular - Growth,2024-12-04,-3.349455938368629
120844,Kotak Liquid Fund - Regular - Growth,2024-12-05,-3.382103346968936
120844,Kotak Liquid Fund - Regular - Growth,2024-12-06,-3.214204730285865
120844,Kotak Liquid Fund - Regular - Growth,2024-12-09,-2.9475261325838376
120844,Kotak Liquid Fund - Regular - Growth,2024-12-10,-3.1542015327937043
120844,Kotak Liquid Fund - Regular - Growth,2024-12-11,-2.951281522836076
120844,Kotak Liquid Fund - Regular - Growth,2024-12-12,-2.8328182791801675
120844,Kotak Liquid Fund - Regular - Growth,2024-12-13,-2.735951206932458
120844,Kotak Liquid Fund - Regular - Growth,2024-12-16,-2.957001331571726
120844,Kotak Liquid Fund - Regular - Growth,2024-12-17,-2.790627568237009
120844,Kotak Liquid Fund - Regular - Growth,2024-12-18,-2.753504843602582
120844,Kotak Liquid Fund - Regular - Growth,2024-12-19,-2.5351563328346365
120844,Kotak Liquid Fund - Regular - Growth,2024-12-20,-2.5603295962482004
120844,Kotak Liquid Fund - Regular - Growth,2024-12-23,-2.6829109135901175
120844,Kotak Liquid Fund - Regular - Growth,2024-12-24,-2.627968904173917
120844,Kotak Liquid Fund - Regular - Growth,2024-12-25,-2.113423966302518
120844,Kotak Liquid Fund - Regular - Growth,2024-12-26,-2.141884177812226
120844,Kotak Liquid Fund - Regular - Growth,2024-12-27,-2.1608257659477097
120844,Kotak Liquid Fund - Regular - Growth,2024-12-30,-1.6155898519329457
120844,Kotak Liquid Fund - Regular - Growth,2024-12-31,-1.348437366946234
120844,Kotak Liquid Fund - Regular - Growth,2025-01-01,-1.5153579282579468
120844,Kotak Liquid Fund - Regular - Growth,2025-01-02,-1.690627665003178
120844,Kotak Liquid Fund - Regular - Growth,2025-01-03,-1.9757607308466145
120844,Kotak Liquid Fund - Regular - Growth,2025-01-06,-2.226602553227699
120844,Kotak Liquid Fund - Regular - Growth,2025-01-07,-1.8236412731165674
120844,Kotak Liquid Fund - Regular - Growth,2025-01-08,-1.4681540608756427
120844,Kotak Liquid Fund - Regular - Growth,2025-01-09,-1.3805634279685908
120844,Kotak Liquid Fund - Regular - Growth,2025-01-10,-1.531844739055904
120844,Kotak Liquid Fund - Regular - Growth,2025-01-13,-1.659308245584095
120844,Kotak Liquid Fund - Regular - Growth,2025-01-14,-1.7950074692565117
120844,Kotak Liquid Fund - Regular - Growth,2025-01-15,-1.758468407815177
120844,Kotak Liquid Fund - Regular - Growth,2025-01-16,-1.6678246221882602
120844,Kotak Liquid Fund - Regular - Growth,2025-01-17,-1.5960020297438349
120844,Kotak Liquid Fund - Regular - Growth,2025-01-20,-1.5590199907082078
120844,Kotak Liquid Fund - Regular - Growth,2025-01-21,-1.4796228128982267
120844,Kotak Liquid Fund - Regular - Growth,2025-01-22,-1.4394125878718433
120844,Kotak Liquid Fund - Regular - Growth,2025-01-23,-1.3781453299021633
120844,Kotak Liquid Fund - Regular - Growth,2025-01-24,-1.1510175120330295
120844,Kotak Liquid Fund - Regular - Growth,2025-01-27,-1.3631686231175741
120844,Kotak Liquid Fund - Regular - Growth,2025-01-28,-1.2375553134130255
120844,Kotak Liquid Fund - Regular - Growth,2025-01-29,-0.8593251901605492
120844,Kotak Liquid Fund - Regular - Growth,2025-01-30,-1.3164447502321686
120844,Kotak Liquid Fund - Regular - Growth,2025-01-31,-1.264519524397002
120844,Kotak Liquid Fund - Regular - Growth,2025-02-03,-1.6085734743360693
120844,Kotak Liquid Fund - Regular - Growth,2025-02-04,-1.5262021379681572
120844,Kotak Liquid Fund - Regular - Growth,2025-02-05,-1.8144756840100633
120844,Kotak Liquid Fund - Regular - Growth,2025-02-06,-1.4947604775291943
120844,Kotak Liquid Fund - Regular - Growth,2025-02-07,-1.5358181127758692
120844,Kotak Liquid Fund - Regular - Growth,2025-02-10,-1.8239550451139628
120844,Kotak Liquid Fund - Regular - Growth,2025-02-11,-1.6841599581111806
120844,Kotak Liquid Fund - Regular - Growth,2025-02-12,-2.0100341740619023
120844,Kotak Liquid Fund - Regular - Growth,2025-02-13,-2.276167469314804
120844,Kotak Liquid Fund - Regular - Growth,2025-02-14,-1.9505362486834725
120844,Kotak Liquid Fund - Regular - Growth,2025-02-17,-1.4316211013415896
120844,Kotak Liquid Fund - Regular - Growth,2025-02-18,-1.6738772822593415
120844,Kotak Liquid Fund - Regular - Growth,2025-02-19,-1.3167518674596377
120844,Kotak Liquid Fund - Regular - Growth,2025-02-20,-1.2490261890903884
120844,Kotak Liquid Fund - Regular - Growth,2025-02-21,-1.4736828530244526
120844,Kotak Liquid Fund - Regular - Growth,2025-02-24,-1.593320863277255
120844,Kotak Liquid Fund - Regular - Growth,2025-02-25,-1.2391537549988851
120844,Kotak Liquid Fund - Regular - Growth,2025-02-26,-1.3337325494047998
120844,Kotak Liquid Fund - Regular - Growth,2025-02-27,-0.6605443582442885
120844,Kotak Liquid Fund - Regular - Growth,2025-02-28,-1.0004547473755854
120844,Kotak Liquid Fund - Regular - Growth,2025-03-03,-0.6422447094999578
120844,Kotak Liquid Fund - Regular - Growth,2025-03-04,-0.6716222825781525
120844,Kotak Liquid Fund - Regular - Growth,2025-03-05,-0.5140943260595975
120844,Kotak Liquid Fund - Regular - Growth,2025-03-06,-0.4625693364893739
120844,Kotak Liquid Fund - Regular - Growth,2025-03-07,-0.5576178937586868
120844,Kotak Liquid Fund - Regular - Growth,2025-03-10,-0.6810474478860501
120844,Kotak Liquid Fund - Regular - Growth,2025-03-11,-0.7952898825754238
120844,Kotak Liquid Fund - Regular - Growth,2025-03-12,-0.6256475092440063
120844,Kotak Liquid Fund - Regular - Growth,2025-03-13,-0.6028867354750168
120844,Kotak Liquid Fund - Regular - Growth,2025-03-14,-0.26972618806931487
120844,Kotak Liquid Fund - Regular - Growth,2025-03-17,-0.2739111803358993
120844,Kotak Liquid Fund - Regular - Growth,2025-03-18,0.27040150119983314
120844,Kotak Liquid Fund - Regular - Growth,2025-03-19,-0.014990130204098742
120844,Kotak Liquid Fund - Regular - Growth,2025-03-20,-0.3853903001541859
120844,Kotak Liquid Fund - Regular - Growth,2025-03-21,-0.10137322218998879
120844,Kotak Liquid Fund - Regular - Growth,2025-03-24,-0.25997208902903657
120844,Kotak Liquid Fund - Regular - Growth,2025-03-25,-0.07280020676916035
120844,Kotak Liquid Fund - Regular - Growth,2025-03-26,0.2549309102247491
120844,Kotak Liquid Fund - Regular - Growth,2025-03-27,0.7474098306980635
120844,Kotak Liquid Fund - Regular - Growth,2025-03-28,0.47982386129247523
120844,Kotak Liquid Fund - Regular - Growth,2025-03-31,0.5439274946044668
120844,Kotak Liquid Fund - Regular - Growth,2025-04-01,0.3447030448209564
120844,Kotak Liquid Fund - Regular - Growth,2025-04-02,-0.08189825187104646
120844,Kotak Liquid Fund - Regular - Growth,2025-04-03,-0.22010081143548038
120844,Kotak Liquid Fund - Regular - Growth,2025-04-04,-0.14684949406152922
120844,Kotak Liquid Fund - Regular - Growth,2025-04-07,-0.08136052126106016
120844,Kotak Liquid Fund - Regular - Growth,2025-04-08,0.295336094483602
120844,Kotak Liquid Fund - Regular - Growth,2025-04-09,0.14042264593397374
120844,Kotak Liquid Fund - Regular - Growth,2025-04-10,0.3186763682003024
120844,Kotak Liquid Fund - Regular - Growth,2025-04-11,-0.05462898856005438
120844,Kotak Liquid Fund - Regular - Growth,2025-04-14,-0.037700830526558635
120844,Kotak Liquid Fund - Regular - Growth,2025-04-15,-0.07775050450863101
120844,Kotak Liquid Fund - Regular - Growth,2025-04-16,-0.30841527073186337
120844,Kotak Liquid Fund - Regular - Growth,2025-04-17,-0.42286455479977636
120844,Kotak Liquid Fund - Regular - Growth,2025-04-18,-0.3944858933102313
120844,Kotak Liquid Fund - Regular - Growth,2025-04-21,-0.28185887166240264
120844,Kotak Liquid Fund - Regular - Growth,2025-04-22,-0.3782606628522527
120844,Kotak Liquid Fund - Regular - Growth,2025-04-23,-0.33471975339238885
120844,Kotak Liquid Fund - Regular - Growth,2025-04-24,-0.14160055245061273
120844,Kotak Liquid Fund - Regular - Growth,2025-04-25,-0.22099168657665866
120844,Kotak Liquid Fund - Regular - Growth,2025-04-28,-0.16010072653764446
120844,Kotak Liquid Fund - Regular - Growth,2025-04-29,-0.26655613076255846
120844,Kotak Liquid Fund - Regular - Growth,2025-04-30,-0.7947908592796685
120844,Kotak Liquid Fund - Regular - Growth,2025-05-01,-0.2575759957010151
120844,Kotak Liquid Fund - Regular - Growth,2025-05-02,-0.17012193323032976
120844,Kotak Liquid Fund - Regular - Growth,2025-05-05,-0.4863104638063305
120844,Kotak Liquid Fund - Regular - Growth,2025-05-06,-0.673611394264146
120844,Kotak Liquid Fund - Regular - Growth,2025-05-07,-0.9444693135306206
120844,Kotak Liquid Fund - Regular - Growth,2025-05-08,-1.1538535182744534
120844,Kotak Liquid Fund - Regular - Growth,2025-05-09,-0.9394453158244085
120844,Kotak Liquid Fund - Regular - Growth,2025-05-12,-0.9332405622908665
120844,Kotak Liquid Fund - Regular - Growth,2025-05-13,-0.7883280520072572
120844,Kotak Liquid Fund - Regular - Growth,2025-05-14,-0.7784458274802024
120844,Kotak Liquid Fund - Regular - Growth,2025-05-15,-0.6960804225177154
120844,Kotak Liquid Fund - Regular - Growth,2025-05-16,-0.42638206181018684
120844,Kotak Liquid Fund - Regular - Growth,2025-05-19,-0.08574971116583423
120844,Kotak Liquid Fund - Regular - Growth,2025-05-20,-0.2525565012861913
120844,Kotak Liquid Fund - Regular - Growth,2025-05-21,-0.31660408773272763
120844,Kotak Liquid Fund - Regular - Growth,2025-05-22,-0.13131455419770985
120844,Kotak Liquid Fund - Regular - Growth,2025-05-23,-0.2603447489765703
120844,Kotak Liquid Fund - Regular - Growth,2025-05-26,-0.17239349779123003
120844,Kotak Liquid Fund - Regular - Growth,2025-05-27,-0.17299331024879216
120844,Kotak Liquid Fund - Regular - Growth,2025-05-28,-0.20950203325486264
120844,Kotak Liquid Fund - Regular - Growth,2025-05-29,0.07590653872332111
120844,Kotak Liquid Fund - Regular - Growth,2025-05-30,-0.053870586425814035
120844,Kotak Liquid Fund - Regular - Growth,2025-06-02,0.22561132374411247
120844,Kotak Liquid Fund - Regular - Growth,2025-06-03,0.34902672192974576
120844,Kotak Liquid Fund - Regular - Growth,2025-06-04,-0.00656844416594078
120844,Kotak Liquid Fund - Regular - Growth,2025-06-05,0.5009662893749246
120844,Kotak Liquid Fund - Regular - Growth,2025-06-06,0.4066232828050448
120844,Kotak Liquid Fund - Regular - Growth,2025-06-09,0.9216276367251552
120844,Kotak Liquid Fund - Regular - Growth,2025-06-10,0.9794086780120868
120844,Kotak Liquid Fund - Regular - Growth,2025-06-11,1.6337393143972045
120844,Kotak Liquid Fund - Regular - Growth,2025-06-12,0.9244451513089698
120844,Kotak Liquid Fund - Regular - Growth,2025-06-13,0.7786154771098778
120844,Kotak Liquid Fund - Regular - Growth,2025-06-16,0.868765156567557
120844,Kotak Liquid Fund - Regular - Growth,2025-06-17,0.4563252726724672
120844,Kotak Liquid Fund - Regular - Growth,2025-06-18,0.7338313190266068
120844,Kotak Liquid Fund - Regular - Growth,2025-06-19,0.9838083249217345
120844,Kotak Liquid Fund - Regular - Growth,2025-06-20,0.5644687107175013
120844,Kotak Liquid Fund - Regular - Growth,2025-06-23,0.2588994272114251
120844,Kotak Liquid Fund - Regular - Growth,2025-06-24,0.49976614219341997
120844,Kotak Liquid Fund - Regular - Growth,2025-06-25,-0.0460473980085359
120844,Kotak Liquid Fund - Regular - Growth,2025-06-26,-0.3196528593074302
120844,Kotak Liquid Fund - Regular - Growth,2025-06-27,-0.13964856821603125
120844,Kotak Liquid Fund - Regular - Growth,2025-06-30,0.022009865231275502
120844,Kotak Liquid Fund - Regular - Growth,2025-07-01,-0.25581681058993505
120844,Kotak Liquid Fund - Regular - Growth,2025-07-02,0.1451620725779946
120844,Kotak Liquid Fund - Regular - Growth,2025-07-03,-0.17341260168612724
120844,Kotak Liquid Fund - Regular - Growth,2025-07-04,0.053297578406587345
120844,Kotak Liquid Fund - Regular - Growth,2025-07-07,-0.47920820335875913
120844,Kotak Liquid Fund - Regular - Growth,2025-07-08,-0.39855678294184954
120844,Kotak Liquid Fund - Regular - Growth,2025-07-09,-0.5992799454914801
120844,Kotak Liquid Fund - Regular - Growth,2025-07-10,-0.5865385780879883
120844,Kotak Liquid Fund - Regular - Growth,2025-07-11,-0.8147635200673169
120844,Kotak Liquid Fund - Regular - Growth,2025-07-14,-0.8296680749044825
120844,Kotak Liquid Fund - Regular - Growth,2025-07-15,-0.5183415297777693
120844,Kotak Liquid Fund - Regular - Growth,2025-07-16,-0.40040989322399484
120844,Kotak Liquid Fund - Regular - Growth,2025-07-17,-0.31547365167244834
120844,Kotak Liquid Fund - Regular - Growth,2025-07-18,-0.4225732345213755
120844,Kotak Liquid Fund - Regular - Growth,2025-07-21,-0.33444168982928607
120844,Kotak Liquid Fund - Regular - Growth,2025-07-22,-0.30731783578977007
120844,Kotak Liquid Fund - Regular - Growth,2025-07-23,-0.1663911123263337
120844,Kotak Liquid Fund - Regular - Growth,2025-07-24,0.2894902562079161
120844,Kotak Liquid Fund - Regular - Growth,2025-07-25,-0.06301183169653442
120844,Kotak Liquid Fund - Regular - Growth,2025-07-28,-0.0345603992128741
120844,Kotak Liquid Fund - Regular - Growth,2025-07-29,0.2023876907459344
120844,Kotak Liquid Fund - Regular - Growth,2025-07-30,-0.0682727218826402
120844,Kotak Liquid Fund - Regular - Growth,2025-07-31,-0.2106663189282364
120844,Kotak Liquid Fund - Regular - Growth,2025-08-01,-0.3210093608405976
120844,Kotak Liquid Fund - Regular - Growth,2025-08-04,-0.3789314275895038
120844,Kotak Liquid Fund - Regular - Growth,2025-08-05,-0.2358941713030129
120844,Kotak Liquid Fund - Regular - Growth,2025-08-06,-0.16143193761565602
120844,Kotak Liquid Fund - Regular - Growth,2025-08-07,-0.021189935232213665
120844,Kotak Liquid Fund - Regular - Growth,2025-08-08,-0.24996187837217412
120844,Kotak Liquid Fund - Regular - Growth,2025-08-11,-0.2450798271860561
120844,Kotak Liquid Fund - Regular - Growth,2025-08-12,-0.4534325077475925
120844,Kotak Liquid Fund - Regular - Growth,2025-08-13,-0.595662729855032
120844,Kotak Liquid Fund - Regular - Growth,2025-08-14,-0.47355194731792816
120844,Kotak Liquid Fund - Regular - Growth,2025-08-15,-0.5051830577113758
120844,Kotak Liquid Fund - Regular - Growth,2025-08-18,-0.4847380384674614
120844,Kotak Liquid Fund - Regular - Growth,2025-08-19,-0.8648319233586413
120844,Kotak Liquid Fund - Regular - Growth,2025-08-20,-0.9974797167160404
120844,Kotak Liquid Fund - Regular - Growth,2025-08-21,-1.223993157677772
120844,Kotak Liquid Fund - Regular - Growth,2025-08-22,-1.318100803194127
120844,Kotak Liquid Fund - Regular - Growth,2025-08-25,-1.5298630039107748
120844,Kotak Liquid Fund - Regular - Growth,2025-08-26,-1.4271808380455018
120844,Kotak Liquid Fund - Regular - Growth,2025-08-27,-1.5789045571500235
120844,Kotak Liquid Fund - Regular - Growth,2025-08-28,-1.671064281368113
120844,Kotak Liquid Fund - Regular - Growth,2025-08-29,-1.4795075503451847
120844,Kotak Liquid Fund - Regular - Growth,2025-09-01,-1.594331032752971
120844,Kotak Liquid Fund - Regular - Growth,2025-09-02,-1.7243870454655685
120844,Kotak Liquid Fund - Regular - Growth,2025-09-03,-1.6267014898803522
120844,Kotak Liquid Fund - Regular - Growth,2025-09-04,-1.7099980703765085
120844,Kotak Liquid Fund - Regular - Growth,2025-09-05,-1.928196203301349
120844,Kotak Liquid Fund - Regular - Growth,2025-09-08,-1.758956672762336
120844,Kotak Liquid Fund - Regular - Growth,2025-09-09,-1.525834358345681
120844,Kotak Liquid Fund - Regular - Growth,2025-09-10,-1.3593837449598873
120844,Kotak Liquid Fund - Regular - Growth,2025-09-11,-1.4176808442530628
120844,Kotak Liquid Fund - Regular - Growth,2025-09-12,-1.3257110099116776
120844,Kotak Liquid Fund - Regular - Growth,2025-09-15,-1.0439289878513387
120844,Kotak Liquid Fund - Regular - Growth,2025-09-16,-1.2341254716184875
120844,Kotak Liquid Fund - Regular - Growth,2025-09-17,-1.526802180774934
120844,Kotak Liquid Fund - Regular - Growth,2025-09-18,-1.7283359340908973
120844,Kotak Liquid Fund - Regular - Growth,2025-09-19,-1.7757641825338792
120844,Kotak Liquid Fund - Regular - Growth,2025-09-22,-2.19091539402106
120844,Kotak Liquid Fund - Regular - Growth,2025-09-23,-2.145655721135153
120844,Kotak Liquid Fund - Regular - Growth,2025-09-24,-1.8271688546730724
120844,Kotak Liquid Fund - Regular - Growth,2025-09-25,-1.8962332559113113
120844,Kotak Liquid Fund - Regular - Growth,2025-09-26,-2.0320479196822525
120844,Kotak Liquid Fund - Regular - Growth,2025-09-29,-1.6839768775811579
120844,Kotak Liquid Fund - Regular - Growth,2025-09-30,-1.2095122282910968
120844,Kotak Liquid Fund - Regular - Growth,2025-10-01,-1.133937274971979
120844,Kotak Liquid Fund - Regular - Growth,2025-10-02,-1.4171492930239724
120844,Kotak Liquid Fund - Regular - Growth,2025-10-03,-1.796229409540387
120844,Kotak Liquid Fund - Regular - Growth,2025-10-06,-2.0436688799604137
120844,Kotak Liquid Fund - Regular - Growth,2025-10-07,-2.168862226715171
120844,Kotak Liquid Fund - Regular - Growth,2025-10-08,-2.1356574620809208
120844,Kotak Liquid Fund - Regular - Growth,2025-10-09,-1.9227523844072374
120844,Kotak Liquid Fund - Regular - Growth,2025-10-10,-1.7006202445070464
120844,Kotak Liquid Fund - Regular - Growth,2025-10-13,-1.8873851934167651
120844,Kotak Liquid Fund - Regular - Growth,2025-10-14,-1.8353786274763164
120844,Kotak Liquid Fund - Regular - Growth,2025-10-15,-2.2201806953710874
120844,Kotak Liquid Fund - Regular - Growth,2025-10-16,-1.920083720304999
120844,Kotak Liquid Fund - Regular - Growth,2025-10-17,-1.6569365031685148
120844,Kotak Liquid Fund - Regular - Growth,2025-10-20,-1.7205421356425912
120844,Kotak Liquid Fund - Regular - Growth,2025-10-21,-1.2259617378118532
120844,Kotak Liquid Fund - Regular - Growth,2025-10-22,-1.2027874533518153
120844,Kotak Liquid Fund - Regular - Growth,2025-10-23,-1.2647415933123736
120844,Kotak Liquid Fund - Regular - Growth,2025-10-24,-1.4075551462661005
120844,Kotak Liquid Fund - Regular - Growth,2025-10-27,-1.0486505207502141
120844,Kotak Liquid Fund - Regular - Growth,2025-10-28,-1.2485829998042415
120844,Kotak Liquid Fund - Regular - Growth,2025-10-29,-0.32164393588370077
120844,Kotak Liquid Fund - Regular - Growth,2025-10-30,0.0388027954576126
120844,Kotak Liquid Fund - Regular - Growth,2025-10-31,0.06239612863897891
120844,Kotak Liquid Fund - Regular - Growth,2025-11-03,0.14215787657324258
120844,Kotak Liquid Fund - Regular - Growth,2025-11-04,-0.2211423921755284
120844,Kotak Liquid Fund - Regular - Growth,2025-11-05,-0.19569096708956826
120844,Kotak Liquid Fund - Regular - Growth,2025-11-06,0.1805821471260574
120844,Kotak Liquid Fund - Regular - Growth,2025-11-07,-0.3046452002597054
120844,Kotak Liquid Fund - Regular - Growth,2025-11-10,-0.11527374019794911
120844,Kotak Liquid Fund - Regular - Growth,2025-11-11,-0.15895093008694153
120844,Kotak Liquid Fund - Regular - Growth,2025-11-12,0.0473175480998145
120844,Kotak Liquid Fund - Regular - Growth,2025-11-13,0.15741187791847425
120844,Kotak Liquid Fund - Regular - Growth,2025-11-14,0.19311341719006095
120844,Kotak Liquid Fund - Regular - Growth,2025-11-17,0.6619319610262318
120844,Kotak Liquid Fund - Regular - Growth,2025-11-18,0.5490298916174029
120844,Kotak Liquid Fund - Regular - Growth,2025-11-19,0.5304391807450655
120844,Kotak Liquid Fund - Regular - Growth,2025-11-20,0.7270082667115393
120844,Kotak Liquid Fund - Regular - Growth,2025-11-21,0.9867033067744695
120844,Kotak Liquid Fund - Regular - Growth,2025-11-24,0.9710132591259876
120844,Kotak Liquid Fund - Regular - Growth,2025-11-25,0.9057833740664702
120844,Kotak Liquid Fund - Regular - Growth,2025-11-26,0.6580450045766447
120844,Kotak Liquid Fund - Regular - Growth,2025-11-27,0.4895003285458402
120844,Kotak Liquid Fund - Regular - Growth,2025-11-28,0.46500720281234403
120844,Kotak Liquid Fund - Regular - Growth,2025-12-01,0.423789431480867
120844,Kotak Liquid Fund - Regular - Growth,2025-12-02,0.15317689807616858
120844,Kotak Liquid Fund - Regular - Growth,2025-12-03,0.4035051607194725
120844,Kotak Liquid Fund - Regular - Growth,2025-12-04,0.23539747817663076
120844,Kotak Liquid Fund - Regular - Growth,2025-12-05,0.17279350612984368
120844,Kotak Liquid Fund - Regular - Growth,2025-12-08,0.07380895191285103
120844,Kotak Liquid Fund - Regular - Growth,2025-12-09,0.29249440755613304
120844,Kotak Liquid Fund - Regular - Growth,2025-12-10,0.30781521506178894
120844,Kotak Liquid Fund - Regular - Growth,2025-12-11,0.1565390884152731
120844,Kotak Liquid Fund - Regular - Growth,2025-12-12,0.2476047213334328
120844,Kotak Liquid Fund - Regular - Growth,2025-12-15,0.25378024572934216
120844,Kotak Liquid Fund - Regular - Growth,2025-12-16,0.18412189724382186
120844,Kotak Liquid Fund - Regular - Growth,2025-12-17,0.6171932054290569
120844,Kotak Liquid Fund - Regular - Growth,2025-12-18,0.6791660359048914
120844,Kotak Liquid Fund - Regular - Growth,2025-12-19,1.014562759213443
120844,Kotak Liquid Fund - Regular - Growth,2025-12-22,0.9717280016630635
120844,Kotak Liquid Fund - Regular - Growth,2025-12-23,1.6010784446145812
120844,Kotak Liquid Fund - Regular - Growth,2025-12-24,1.7631873336182056
120844,Kotak Liquid Fund - Regular - Growth,2025-12-25,1.9608155411879835
120844,Kotak Liquid Fund - Regular - Growth,2025-12-26,1.9616732049656451
120844,Kotak Liquid Fund - Regular - Growth,2025-12-29,2.0852120267581498
120844,Kotak Liquid Fund - Regular - Growth,2025-12-30,1.637213649390123
120844,Kotak Liquid Fund - Regular - Growth,2025-12-31,1.75022439640856
120844,Kotak Liquid Fund - Regular - Growth,2026-01-01,1.6399046455479296
120844,Kotak Liquid Fund - Regular - Growth,2026-01-02,1.9055132532948234
120844,Kotak Liquid Fund - Regular - Growth,2026-01-05,1.6733147489476174
120844,Kotak Liquid Fund - Regular - Growth,2026-01-06,1.750035811485926
120844,Kotak Liquid Fund - Regular - Growth,2026-01-07,1.5075069075798695
120844,Kotak Liquid Fund - Regular - Growth,2026-01-08,1.0084300195069338
120844,Kotak Liquid Fund - Regular - Growth,2026-01-09,0.9746790650784758
120844,Kotak Liquid Fund - Regular - Growth,2026-01-12,0.9259583627125626
120844,Kotak Liquid Fund - Regular - Growth,2026-01-13,1.0735640491816858
120844,Kotak Liquid Fund - Regular - Growth,2026-01-14,1.0202386332056927
120844,Kotak Liquid Fund - Regular - Growth,2026-01-15,1.3431198907967454
120844,Kotak Liquid Fund - Regular - Growth,2026-01-16,1.1754606188546524
120844,Kotak Liquid Fund - Regular - Growth,2026-01-19,1.1853315847695736
120844,Kotak Liquid Fund - Regular - Growth,2026-01-20,1.0482903862372692
120844,Kotak Liquid Fund - Regular - Growth,2026-01-21,0.9926371049015407
120844,Kotak Liquid Fund - Regular - Growth,2026-01-22,0.7732375375995352
120844,Kotak Liquid Fund - Regular - Growth,2026-01-23,0.8517550507703218
120844,Kotak Liquid Fund - Regular - Growth,2026-01-26,1.0769382487687296
120844,Kotak Liquid Fund - Regular - Growth,2026-01-27,1.1948789186303583
120844,Kotak Liquid Fund - Regular - Growth,2026-01-28,1.098164359666321
120844,Kotak Liquid Fund - Regular - Growth,2026-01-29,1.2521922764699827
120844,Kotak Liquid Fund - Regular - Growth,2026-01-30,1.3342831491596863
120844,Kotak Liquid Fund - Regular - Growth,2026-02-02,1.3244364810376812
120844,Kotak Liquid Fund - Regular - Growth,2026-02-03,1.0119308366115036
120844,Kotak Liquid Fund - Regular - Growth,2026-02-04,0.921749390735537
120844,Kotak Liquid Fund - Regular - Growth,2026-02-05,0.9254695344147836
120844,Kotak Liquid Fund - Regular - Growth,2026-02-06,1.2719696086299945
120844,Kotak Liquid Fund - Regular - Growth,2026-02-09,1.5943564355870068
120844,Kotak Liquid Fund - Regular - Growth,2026-02-10,1.6335201367965466
120844,Kotak Liquid Fund - Regular - Growth,2026-02-11,1.6687551048130709
120844,Kotak Liquid Fund - Regular - Growth,2026-02-12,1.5406001523177362
120844,Kotak Liquid Fund - Regular - Growth,2026-02-13,1.3120493083796567
120844,Kotak Liquid Fund - Regular - Growth,2026-02-16,1.2626540635032366
120844,Kotak Liquid Fund - Regular - Growth,2026-02-17,1.4544734048508656
120844,Kotak Liquid Fund - Regular - Growth,2026-02-18,1.5548741538671735
120844,Kotak Liquid Fund - Regular - Growth,2026-02-19,1.805380012604031
120844,Kotak Liquid Fund - Regular - Growth,2026-02-20,1.8267545603855437
120844,Kotak Liquid Fund - Regular - Growth,2026-02-23,2.054215974180594
120844,Kotak Liquid Fund - Regular - Growth,2026-02-24,1.8196588926147614
120844,Kotak Liquid Fund - Regular - Growth,2026-02-25,1.7466368645399777
120844,Kotak Liquid Fund - Regular - Growth,2026-02-26,1.517403245022819
120844,Kotak Liquid Fund - Regular - Growth,2026-02-27,2.060861043942689
120844,Kotak Liquid Fund - Regular - Growth,2026-03-02,1.4839903796652334
120844,Kotak Liquid Fund - Regular - Growth,2026-03-03,1.4620161755515044
120844,Kotak Liquid Fund - Regular - Growth,2026-03-04,0.938431864081876
120844,Kotak Liquid Fund - Regular - Growth,2026-03-05,0.9417264702070322
120844,Kotak Liquid Fund - Regular - Growth,2026-03-06,1.2520339216668546
120844,Kotak Liquid Fund - Regular - Growth,2026-03-09,1.2824051264202059
120844,Kotak Liquid Fund - Regular - Growth,2026-03-10,2.007607638613487
120844,Kotak Liquid Fund - Regular - Growth,2026-03-11,1.6390308209185829
120844,Kotak Liquid Fund - Regular - Growth,2026-03-12,1.0830243262819605
120844,Kotak Liquid Fund - Regular - Growth,2026-03-13,1.283375995492063
120844,Kotak Liquid Fund - Regular - Growth,2026-03-16,1.3468220438748706
120844,Kotak Liquid Fund - Regular - Growth,2026-03-17,1.1993862789519547
120844,Kotak Liquid Fund - Regular - Growth,2026-03-18,0.9510216781553553
120844,Kotak Liquid Fund - Regular - Growth,2026-03-19,0.7364816612217977
120844,Kotak Liquid Fund - Regular - Growth,2026-03-20,0.48185322139776526
120844,Kotak Liquid Fund - Regular - Growth,2026-03-23,-0.022943589320559094
120844,Kotak Liquid Fund - Regular - Growth,2026-03-24,-0.1117425757331428
120844,Kotak Liquid Fund - Regular - Growth,2026-03-25,-0.22985295530930017
120844,Kotak Liquid Fund - Regular - Growth,2026-03-26,-0.12284911611799125
120844,Kotak Liquid Fund - Regular - Growth,2026-03-27,-0.45427015358084055
120844,Kotak Liquid Fund - Regular - Growth,2026-03-30,-0.5000676827893006
120844,Kotak Liquid Fund - Regular - Growth,2026-03-31,-0.5377609164156821
120844,Kotak Liquid Fund - Regular - Growth,2026-04-01,-0.221343226875124
120844,Kotak Liquid Fund - Regular - Growth,2026-04-02,0.04659332486917488
120844,Kotak Liquid Fund - Regular - Growth,2026-04-03,0.2184681116495947
120844,Kotak Liquid Fund - Regular - Growth,2026-04-06,0.22505570477141446
120844,Kotak Liquid Fund - Regular - Growth,2026-04-07,0.3632181290698014
120844,Kotak Liquid Fund - Regular - Growth,2026-04-08,0.14663784408689726
120844,Kotak Liquid Fund - Regular - Growth,2026-04-09,0.24162717610311715
120844,Kotak Liquid Fund - Regular - Growth,2026-04-10,0.23476770946796688
120844,Kotak Liquid Fund - Regular - Growth,2026-04-13,0.589882609233326
120844,Kotak Liquid Fund - Regular - Growth,2026-04-14,0.4686355256778865
120844,Kotak Liquid Fund - Regular - Growth,2026-04-15,0.7460013538025553
120844,Kotak Liquid Fund - Regular - Growth,2026-04-16,0.22959001365183393
120844,Kotak Liquid Fund - Regular - Growth,2026-04-17,0.26754064511771525
120844,Kotak Liquid Fund - Regular - Growth,2026-04-20,0.01072310281598308
120844,Kotak Liquid Fund - Regular - Growth,2026-04-21,0.2729665884237707
120844,Kotak Liquid Fund - Regular - Growth,2026-04-22,-0.05445603426530508
120844,Kotak Liquid Fund - Regular - Growth,2026-04-23,-0.3195009505071434
120844,Kotak Liquid Fund - Regular - Growth,2026-04-24,-0.33790155153149004
120844,Kotak Liquid Fund - Regular - Growth,2026-04-27,-0.20316123732330696
120844,Kotak Liquid Fund - Regular - Growth,2026-04-28,-0.8857348069243459
120844,Kotak Liquid Fund - Regular - Growth,2026-04-29,-0.7272263135998356
120844,Kotak Liquid Fund - Regular - Growth,2026-04-30,-0.8133052351704273
120844,Kotak Liquid Fund - Regular - Growth,2026-05-01,-0.42842194623268287
120844,Kotak Liquid Fund - Regular - Growth,2026-05-04,-0.1876430882561935
120844,Kotak Liquid Fund - Regular - Growth,2026-05-05,0.26428655641432575
120844,Kotak Liquid Fund - Regular - Growth,2026-05-06,-0.05684273168220786
120844,Kotak Liquid Fund - Regular - Growth,2026-05-07,0.23764439924000896
120844,Kotak Liquid Fund - Regular - Growth,2026-05-08,0.037507037777459354
120844,Kotak Liquid Fund - Regular - Growth,2026-05-11,0.4734001265511196
120844,Kotak Liquid Fund - Regular - Growth,2026-05-12,0.515964918428437
120844,Kotak Liquid Fund - Regular - Growth,2026-05-13,0.897234766126349
120844,Kotak Liquid Fund - Regular - Growth,2026-05-14,1.328514010949876
120844,Kotak Liquid Fund - Regular - Growth,2026-05-15,1.1470638211292543
120844,Kotak Liquid Fund - Regular - Growth,2026-05-18,1.1347476064543067
120844,Kotak Liquid Fund - Regular - Growth,2026-05-19,0.9598326864189414
120844,Kotak Liquid Fund - Regular - Growth,2026-05-20,1.1537902081523663
120844,Kotak Liquid Fund - Regular - Growth,2026-05-21,0.8470219448796832
120844,Kotak Liquid Fund - Regular - Growth,2026-05-22,0.9055476072853897
120844,Kotak Liquid Fund - Regular - Growth,2026-05-25,0.523243552084202
120844,Kotak Liquid Fund - Regular - Growth,2026-05-26,0.8844280783348093
120844,Kotak Liquid Fund - Regular - Growth,2026-05-27,1.2008176585411934
120844,Kotak Liquid Fund - Regular - Growth,2026-05-28,1.6408069464549917
120844,Kotak Liquid Fund - Regular - Growth,2026-05-29,1.6525299382721774
101208,ABSL Liquid Fund - Regular - Growth,2022-01-03,
101208,ABSL Liquid Fund - Regular - Growth,2022-01-04,
101208,ABSL Liquid Fund - Regular - Growth,2022-01-05,
101208,ABSL Liquid Fund - Regular - Growth,2022-01-06,
101208,ABSL Liquid Fund - Regular - Growth,2022-01-07,
101208,ABSL Liquid Fund - Regular - Growth,2022-01-10,
101208,ABSL Liquid Fund - Regular - Growth,2022-01-11,
101208,ABSL Liquid Fund - Regular - Growth,2022-01-12,
101208,ABSL Liquid Fund - Regular - Growth,2022-01-13,
101208,ABSL Liquid Fund - Regular - Growth,2022-01-14,
101208,ABSL Liquid Fund - Regular - Growth,2022-01-17,
101208,ABSL Liquid Fund - Regular - Growth,2022-01-18,
101208,ABSL Liquid Fund - Regular - Growth,2022-01-19,
101208,ABSL Liquid Fund - Regular - Growth,2022-01-20,
101208,ABSL Liquid Fund - Regular - Growth,2022-01-21,
101208,ABSL Liquid Fund - Regular - Growth,2022-01-24,
101208,ABSL Liquid Fund - Regular - Growth,2022-01-25,
101208,ABSL Liquid Fund - Regular - Growth,2022-01-26,
101208,ABSL Liquid Fund - Regular - Growth,2022-01-27,
101208,ABSL Liquid Fund - Regular - Growth,2022-01-28,
101208,ABSL Liquid Fund - Regular - Growth,2022-01-31,
101208,ABSL Liquid Fund - Regular - Growth,2022-02-01,
101208,ABSL Liquid Fund - Regular - Growth,2022-02-02,
101208,ABSL Liquid Fund - Regular - Growth,2022-02-03,
101208,ABSL Liquid Fund - Regular - Growth,2022-02-04,
101208,ABSL Liquid Fund - Regular - Growth,2022-02-07,
101208,ABSL Liquid Fund - Regular - Growth,2022-02-08,
101208,ABSL Liquid Fund - Regular - Growth,2022-02-09,
101208,ABSL Liquid Fund - Regular - Growth,2022-02-10,
101208,ABSL Liquid Fund - Regular - Growth,2022-02-11,
101208,ABSL Liquid Fund - Regular - Growth,2022-02-14,
101208,ABSL Liquid Fund - Regular - Growth,2022-02-15,
101208,ABSL Liquid Fund - Regular - Growth,2022-02-16,
101208,ABSL Liquid Fund - Regular - Growth,2022-02-17,
101208,ABSL Liquid Fund - Regular - Growth,2022-02-18,
101208,ABSL Liquid Fund - Regular - Growth,2022-02-21,
101208,ABSL Liquid Fund - Regular - Growth,2022-02-22,
101208,ABSL Liquid Fund - Regular - Growth,2022-02-23,
101208,ABSL Liquid Fund - Regular - Growth,2022-02-24,
101208,ABSL Liquid Fund - Regular - Growth,2022-02-25,
101208,ABSL Liquid Fund - Regular - Growth,2022-02-28,
101208,ABSL Liquid Fund - Regular - Growth,2022-03-01,
101208,ABSL Liquid Fund - Regular - Growth,2022-03-02,
101208,ABSL Liquid Fund - Regular - Growth,2022-03-03,
101208,ABSL Liquid Fund - Regular - Growth,2022-03-04,
101208,ABSL Liquid Fund - Regular - Growth,2022-03-07,
101208,ABSL Liquid Fund - Regular - Growth,2022-03-08,
101208,ABSL Liquid Fund - Regular - Growth,2022-03-09,
101208,ABSL Liquid Fund - Regular - Growth,2022-03-10,
101208,ABSL Liquid Fund - Regular - Growth,2022-03-11,
101208,ABSL Liquid Fund - Regular - Growth,2022-03-14,
101208,ABSL Liquid Fund - Regular - Growth,2022-03-15,
101208,ABSL Liquid Fund - Regular - Growth,2022-03-16,
101208,ABSL Liquid Fund - Regular - Growth,2022-03-17,
101208,ABSL Liquid Fund - Regular - Growth,2022-03-18,
101208,ABSL Liquid Fund - Regular - Growth,2022-03-21,
101208,ABSL Liquid Fund - Regular - Growth,2022-03-22,
101208,ABSL Liquid Fund - Regular - Growth,2022-03-23,
101208,ABSL Liquid Fund - Regular - Growth,2022-03-24,
101208,ABSL Liquid Fund - Regular - Growth,2022-03-25,
101208,ABSL Liquid Fund - Regular - Growth,2022-03-28,
101208,ABSL Liquid Fund - Regular - Growth,2022-03-29,
101208,ABSL Liquid Fund - Regular - Growth,2022-03-30,
101208,ABSL Liquid Fund - Regular - Growth,2022-03-31,
101208,ABSL Liquid Fund - Regular - Growth,2022-04-01,
101208,ABSL Liquid Fund - Regular - Growth,2022-04-04,
101208,ABSL Liquid Fund - Regular - Growth,2022-04-05,
101208,ABSL Liquid Fund - Regular - Growth,2022-04-06,
101208,ABSL Liquid Fund - Regular - Growth,2022-04-07,
101208,ABSL Liquid Fund - Regular - Growth,2022-04-08,
101208,ABSL Liquid Fund - Regular - Growth,2022-04-11,
101208,ABSL Liquid Fund - Regular - Growth,2022-04-12,
101208,ABSL Liquid Fund - Regular - Growth,2022-04-13,
101208,ABSL Liquid Fund - Regular - Growth,2022-04-14,
101208,ABSL Liquid Fund - Regular - Growth,2022-04-15,
101208,ABSL Liquid Fund - Regular - Growth,2022-04-18,
101208,ABSL Liquid Fund - Regular - Growth,2022-04-19,
101208,ABSL Liquid Fund - Regular - Growth,2022-04-20,
101208,ABSL Liquid Fund - Regular - Growth,2022-04-21,
101208,ABSL Liquid Fund - Regular - Growth,2022-04-22,
101208,ABSL Liquid Fund - Regular - Growth,2022-04-25,
101208,ABSL Liquid Fund - Regular - Growth,2022-04-26,
101208,ABSL Liquid Fund - Regular - Growth,2022-04-27,
101208,ABSL Liquid Fund - Regular - Growth,2022-04-28,
101208,ABSL Liquid Fund - Regular - Growth,2022-04-29,
101208,ABSL Liquid Fund - Regular - Growth,2022-05-02,
101208,ABSL Liquid Fund - Regular - Growth,2022-05-03,
101208,ABSL Liquid Fund - Regular - Growth,2022-05-04,
101208,ABSL Liquid Fund - Regular - Growth,2022-05-05,
101208,ABSL Liquid Fund - Regular - Growth,2022-05-06,
101208,ABSL Liquid Fund - Regular - Growth,2022-05-09,1.1920451777944425
101208,ABSL Liquid Fund - Regular - Growth,2022-05-10,1.3581665921543853
101208,ABSL Liquid Fund - Regular - Growth,2022-05-11,1.3477598598068778
101208,ABSL Liquid Fund - Regular - Growth,2022-05-12,1.5577199442098448
101208,ABSL Liquid Fund - Regular - Growth,2022-05-13,1.6618939920201485
101208,ABSL Liquid Fund - Regular - Growth,2022-05-16,1.4663971290638553
101208,ABSL Liquid Fund - Regular - Growth,2022-05-17,1.369980943565736
101208,ABSL Liquid Fund - Regular - Growth,2022-05-18,1.346561859497854
101208,ABSL Liquid Fund - Regular - Growth,2022-05-19,1.3599068492735464
101208,ABSL Liquid Fund - Regular - Growth,2022-05-20,1.559613884577776
101208,ABSL Liquid Fund - Regular - Growth,2022-05-23,1.4541513944473379
101208,ABSL Liquid Fund - Regular - Growth,2022-05-24,1.1032604109777286
101208,ABSL Liquid Fund - Regular - Growth,2022-05-25,1.0013989399630332
101208,ABSL Liquid Fund - Regular - Growth,2022-05-26,0.6059838697828244
101208,ABSL Liquid Fund - Regular - Growth,2022-05-27,0.4276971783391994
101208,ABSL Liquid Fund - Regular - Growth,2022-05-30,0.31854608322953626
101208,ABSL Liquid Fund - Regular - Growth,2022-05-31,-0.08131002793989979
101208,ABSL Liquid Fund - Regular - Growth,2022-06-01,-0.02334761264749438
101208,ABSL Liquid Fund - Regular - Growth,2022-06-02,-0.0277377837943181
101208,ABSL Liquid Fund - Regular - Growth,2022-06-03,-0.5550335954880325
101208,ABSL Liquid Fund - Regular - Growth,2022-06-06,-0.5894361870549377
101208,ABSL Liquid Fund - Regular - Growth,2022-06-07,-0.6860484398202645
101208,ABSL Liquid Fund - Regular - Growth,2022-06-08,-0.7497259989533407
101208,ABSL Liquid Fund - Regular - Growth,2022-06-09,-0.8089959720651331
101208,ABSL Liquid Fund - Regular - Growth,2022-06-10,-1.1752763988075765
101208,ABSL Liquid Fund - Regular - Growth,2022-06-13,-0.7934815588881582
101208,ABSL Liquid Fund - Regular - Growth,2022-06-14,-1.0698433265831488
101208,ABSL Liquid Fund - Regular - Growth,2022-06-15,-1.1299513613811252
101208,ABSL Liquid Fund - Regular - Growth,2022-06-16,-0.9969885340481655
101208,ABSL Liquid Fund - Regular - Growth,2022-06-17,-1.412726545480998
101208,ABSL Liquid Fund - Regular - Growth,2022-06-20,-1.5286925489003962
101208,ABSL Liquid Fund - Regular - Growth,2022-06-21,-1.3722958887950143
101208,ABSL Liquid Fund - Regular - Growth,2022-06-22,-1.5139605560341778
101208,ABSL Liquid Fund - Regular - Growth,2022-06-23,-1.3650247202342383
101208,ABSL Liquid Fund - Regular - Growth,2022-06-24,-1.7172558360885435
101208,ABSL Liquid Fund - Regular - Growth,2022-06-27,-1.527546763950429
101208,ABSL Liquid Fund - Regular - Growth,2022-06-28,-1.8230874173307354
101208,ABSL Liquid Fund - Regular - Growth,2022-06-29,-2.112641065697437
101208,ABSL Liquid Fund - Regular - Growth,2022-06-30,-1.9626474689446367
101208,ABSL Liquid Fund - Regular - Growth,2022-07-01,-1.6989352332087198
101208,ABSL Liquid Fund - Regular - Growth,2022-07-04,-1.4953097115647467
101208,ABSL Liquid Fund - Regular - Growth,2022-07-05,-1.7304329164304266
101208,ABSL Liquid Fund - Regular - Growth,2022-07-06,-1.8788368881665969
101208,ABSL Liquid Fund - Regular - Growth,2022-07-07,-2.1353846845836824
101208,ABSL Liquid Fund - Regular - Growth,2022-07-08,-2.150891038234283
101208,ABSL Liquid Fund - Regular - Growth,2022-07-11,-2.530835827392224
101208,ABSL Liquid Fund - Regular - Growth,2022-07-12,-2.735016664310863
101208,ABSL Liquid Fund - Regular - Growth,2022-07-13,-2.648831403931376
101208,ABSL Liquid Fund - Regular - Growth,2022-07-14,-2.680494621914338
101208,ABSL Liquid Fund - Regular - Growth,2022-07-15,-2.2030549982886054
101208,ABSL Liquid Fund - Regular - Growth,2022-07-18,-2.399606482587526
101208,ABSL Liquid Fund - Regular - Growth,2022-07-19,-2.6500490767868907
101208,ABSL Liquid Fund - Regular - Growth,2022-07-20,-3.0377636636405105
101208,ABSL Liquid Fund - Regular - Growth,2022-07-21,-3.029281328204672
101208,ABSL Liquid Fund - Regular - Growth,2022-07-22,-2.2966752568482893
101208,ABSL Liquid Fund - Regular - Growth,2022-07-25,-2.054441370517438
101208,ABSL Liquid Fund - Regular - Growth,2022-07-26,-2.2039086605979707
101208,ABSL Liquid Fund - Regular - Growth,2022-07-27,-1.9875949245079716
101208,ABSL Liquid Fund - Regular - Growth,2022-07-28,-1.6707225939992825
101208,ABSL Liquid Fund - Regular - Growth,2022-07-29,-1.6809010278861067
101208,ABSL Liquid Fund - Regular - Growth,2022-08-01,-1.252795737271782
101208,ABSL Liquid Fund - Regular - Growth,2022-08-02,-1.2844587554365317
101208,ABSL Liquid Fund - Regular - Growth,2022-08-03,-1.151558591524932
101208,ABSL Liquid Fund - Regular - Growth,2022-08-04,-0.5826167131791703
101208,ABSL Liquid Fund - Regular - Growth,2022-08-05,-0.2668888010651398
101208,ABSL Liquid Fund - Regular - Growth,2022-08-08,-0.463106448552406
101208,ABSL Liquid Fund - Regular - Growth,2022-08-09,-0.45455760924526106
101208,ABSL Liquid Fund - Regular - Growth,2022-08-10,-0.4020654177854035
101208,ABSL Liquid Fund - Regular - Growth,2022-08-11,-0.6986938370959991
101208,ABSL Liquid Fund - Regular - Growth,2022-08-12,-0.63070480368007
101208,ABSL Liquid Fund - Regular - Growth,2022-08-15,-0.9826426412474911
101208,ABSL Liquid Fund - Regular - Growth,2022-08-16,-1.414749292466919
101208,ABSL Liquid Fund - Regular - Growth,2022-08-17,-1.7301896156077867
101208,ABSL Liquid Fund - Regular - Growth,2022-08-18,-2.168772998740126
101208,ABSL Liquid Fund - Regular - Growth,2022-08-19,-2.4007680746115163
101208,ABSL Liquid Fund - Regular - Growth,2022-08-22,-2.2165958515307924
101208,ABSL Liquid Fund - Regular - Growth,2022-08-23,-2.0318936221606267
101208,ABSL Liquid Fund - Regular - Growth,2022-08-24,-1.9956798200989816
101208,ABSL Liquid Fund - Regular - Growth,2022-08-25,-2.4354506585969076
101208,ABSL Liquid Fund - Regular - Growth,2022-08-26,-2.072183310575263
101208,ABSL Liquid Fund - Regular - Growth,2022-08-29,-2.109334202119885
101208,ABSL Liquid Fund - Regular - Growth,2022-08-30,-1.8673270466269694
101208,ABSL Liquid Fund - Regular - Growth,2022-08-31,-1.8145454061856483
101208,ABSL Liquid Fund - Regular - Growth,2022-09-01,-1.8662048639310067
101208,ABSL Liquid Fund - Regular - Growth,2022-09-02,-1.4079320770187
101208,ABSL Liquid Fund - Regular - Growth,2022-09-05,-1.5082322286999028
101208,ABSL Liquid Fund - Regular - Growth,2022-09-06,-1.3252386647050542
101208,ABSL Liquid Fund - Regular - Growth,2022-09-07,-1.5001129411513663
101208,ABSL Liquid Fund - Regular - Growth,2022-09-08,-1.4987525284460836
101208,ABSL Liquid Fund - Regular - Growth,2022-09-09,-1.386354837098569
101208,ABSL Liquid Fund - Regular - Growth,2022-09-12,-1.525041947217723
101208,ABSL Liquid Fund - Regular - Growth,2022-09-13,-1.3932691362917617
101208,ABSL Liquid Fund - Regular - Growth,2022-09-14,-1.6447530464270683
101208,ABSL Liquid Fund - Regular - Growth,2022-09-15,-1.7785295509069448
101208,ABSL Liquid Fund - Regular - Growth,2022-09-16,-1.789182906393679
101208,ABSL Liquid Fund - Regular - Growth,2022-09-19,-1.6753890789356356
101208,ABSL Liquid Fund - Regular - Growth,2022-09-20,-1.5327940634069979
101208,ABSL Liquid Fund - Regular - Growth,2022-09-21,-1.220160642854364
101208,ABSL Liquid Fund - Regular - Growth,2022-09-22,-1.512435975783785
101208,ABSL Liquid Fund - Regular - Growth,2022-09-23,-1.8136714110207972
101208,ABSL Liquid Fund - Regular - Growth,2022-09-26,-1.4476790716402979
101208,ABSL Liquid Fund - Regular - Growth,2022-09-27,-1.117164444060058
101208,ABSL Liquid Fund - Regular - Growth,2022-09-28,-0.9714858365979587
101208,ABSL Liquid Fund - Regular - Growth,2022-09-29,-0.9070210914953952
101208,ABSL Liquid Fund - Regular - Growth,2022-09-30,-0.6302658925249051
101208,ABSL Liquid Fund - Regular - Growth,2022-10-03,-0.3321939417517168
101208,ABSL Liquid Fund - Regular - Growth,2022-10-04,-0.5330221519555428
101208,ABSL Liquid Fund - Regular - Growth,2022-10-05,-0.409256292545344
101208,ABSL Liquid Fund - Regular - Growth,2022-10-06,-0.3754334193067396
101208,ABSL Liquid Fund - Regular - Growth,2022-10-07,-0.1135760121350403
101208,ABSL Liquid Fund - Regular - Growth,2022-10-10,-0.21876815696964266
101208,ABSL Liquid Fund - Regular - Growth,2022-10-11,0.2545296873652075
101208,ABSL Liquid Fund - Regular - Growth,2022-10-12,0.3635613206789406
101208,ABSL Liquid Fund - Regular - Growth,2022-10-13,0.21770367515567238
101208,ABSL Liquid Fund - Regular - Growth,2022-10-14,0.3228573862110668
101208,ABSL Liquid Fund - Regular - Growth,2022-10-17,0.291038601699269
101208,ABSL Liquid Fund - Regular - Growth,2022-10-18,0.4029360166618915
101208,ABSL Liquid Fund - Regular - Growth,2022-10-19,0.7585756616131999
101208,ABSL Liquid Fund - Regular - Growth,2022-10-20,0.7101537013955413
101208,ABSL Liquid Fund - Regular - Growth,2022-10-21,0.4577878554064821
101208,ABSL Liquid Fund - Regular - Growth,2022-10-24,0.3376260571897452
101208,ABSL Liquid Fund - Regular - Growth,2022-10-25,0.5499990237074303
101208,ABSL Liquid Fund - Regular - Growth,2022-10-26,0.7121265679095568
101208,ABSL Liquid Fund - Regular - Growth,2022-10-27,0.6226753326024228
101208,ABSL Liquid Fund - Regular - Growth,2022-10-28,0.6288317142433283
101208,ABSL Liquid Fund - Regular - Growth,2022-10-31,0.6498453311961113
101208,ABSL Liquid Fund - Regular - Growth,2022-11-01,0.6610527465223882
101208,ABSL Liquid Fund - Regular - Growth,2022-11-02,0.6701540568325531
101208,ABSL Liquid Fund - Regular - Growth,2022-11-03,0.40995360896546235
101208,ABSL Liquid Fund - Regular - Growth,2022-11-04,0.5749626442864179
101208,ABSL Liquid Fund - Regular - Growth,2022-11-07,0.4709956717748534
101208,ABSL Liquid Fund - Regular - Growth,2022-11-08,0.12034141485720491
101208,ABSL Liquid Fund - Regular - Growth,2022-11-09,0.5351675905547947
101208,ABSL Liquid Fund - Regular - Growth,2022-11-10,0.6380035943015819
101208,ABSL Liquid Fund - Regular - Growth,2022-11-11,0.5954462491424258
101208,ABSL Liquid Fund - Regular - Growth,2022-11-14,0.4532384740428803
101208,ABSL Liquid Fund - Regular - Growth,2022-11-15,0.4070012720230708
101208,ABSL Liquid Fund - Regular - Growth,2022-11-16,0.747062272378022
101208,ABSL Liquid Fund - Regular - Growth,2022-11-17,0.9023413935151617
101208,ABSL Liquid Fund - Regular - Growth,2022-11-18,0.6687276421987343
101208,ABSL Liquid Fund - Regular - Growth,2022-11-21,0.3917251806749513
101208,ABSL Liquid Fund - Regular - Growth,2022-11-22,0.4601693654245225
101208,ABSL Liquid Fund - Regular - Growth,2022-11-23,0.9130192700447236
101208,ABSL Liquid Fund - Regular - Growth,2022-11-24,0.624883467270505
101208,ABSL Liquid Fund - Regular - Growth,2022-11-25,0.1298372184789061
101208,ABSL Liquid Fund - Regular - Growth,2022-11-28,-0.15960400691473042
101208,ABSL Liquid Fund - Regular - Growth,2022-11-29,0.008590471597220425
101208,ABSL Liquid Fund - Regular - Growth,2022-11-30,-0.4557567309476744
101208,ABSL Liquid Fund - Regular - Growth,2022-12-01,-0.5378203454449965
101208,ABSL Liquid Fund - Regular - Growth,2022-12-02,-0.5522062945623507
101208,ABSL Liquid Fund - Regular - Growth,2022-12-05,-0.6319184303761476
101208,ABSL Liquid Fund - Regular - Growth,2022-12-06,-0.5638431258536152
101208,ABSL Liquid Fund - Regular - Growth,2022-12-07,-0.25885889607534573
101208,ABSL Liquid Fund - Regular - Growth,2022-12-08,0.13726385673262761
101208,ABSL Liquid Fund - Regular - Growth,2022-12-09,0.0018861029796450695
101208,ABSL Liquid Fund - Regular - Growth,2022-12-12,0.05049540209867729
101208,ABSL Liquid Fund - Regular - Growth,2022-12-13,0.023479758320518015
101208,ABSL Liquid Fund - Regular - Growth,2022-12-14,0.1668957765636778
101208,ABSL Liquid Fund - Regular - Growth,2022-12-15,0.49910575567928966
101208,ABSL Liquid Fund - Regular - Growth,2022-12-16,0.4933721818377568
101208,ABSL Liquid Fund - Regular - Growth,2022-12-19,0.5767957069856056
101208,ABSL Liquid Fund - Regular - Growth,2022-12-20,0.6834138320558019
101208,ABSL Liquid Fund - Regular - Growth,2022-12-21,0.9277081912742169
101208,ABSL Liquid Fund - Regular - Growth,2022-12-22,1.4178409546068935
101208,ABSL Liquid Fund - Regular - Growth,2022-12-23,1.6373416023773872
101208,ABSL Liquid Fund - Regular - Growth,2022-12-26,1.4672967546363247
101208,ABSL Liquid Fund - Regular - Growth,2022-12-27,1.224908203101643
101208,ABSL Liquid Fund - Regular - Growth,2022-12-28,1.211620636367079
101208,ABSL Liquid Fund - Regular - Growth,2022-12-29,1.56027715187003
101208,ABSL Liquid Fund - Regular - Growth,2022-12-30,1.5165202784793685
101208,ABSL Liquid Fund - Regular - Growth,2023-01-02,1.5067501297304489
101208,ABSL Liquid Fund - Regular - Growth,2023-01-03,1.629120703917423
101208,ABSL Liquid Fund - Regular - Growth,2023-01-04,1.7116063307109046
101208,ABSL Liquid Fund - Regular - Growth,2023-01-05,1.890945292169198
101208,ABSL Liquid Fund - Regular - Growth,2023-01-06,1.5943772456101708
101208,ABSL Liquid Fund - Regular - Growth,2023-01-09,1.6141238060359777
101208,ABSL Liquid Fund - Regular - Growth,2023-01-10,1.6284436904875017
101208,ABSL Liquid Fund - Regular - Growth,2023-01-11,2.106985209042595
101208,ABSL Liquid Fund - Regular - Growth,2023-01-12,1.9563364576046889
101208,ABSL Liquid Fund - Regular - Growth,2023-01-13,1.7884348683673639
101208,ABSL Liquid Fund - Regular - Growth,2023-01-16,1.7080670101926667
101208,ABSL Liquid Fund - Regular - Growth,2023-01-17,1.3359782956077757
101208,ABSL Liquid Fund - Regular - Growth,2023-01-18,1.5551324277308523
101208,ABSL Liquid Fund - Regular - Growth,2023-01-19,1.4929382077715359
101208,ABSL Liquid Fund - Regular - Growth,2023-01-20,1.4382835981832451
101208,ABSL Liquid Fund - Regular - Growth,2023-01-23,1.3665787371979266
101208,ABSL Liquid Fund - Regular - Growth,2023-01-24,1.3960594736136538
101208,ABSL Liquid Fund - Regular - Growth,2023-01-25,1.3127552939741955
101208,ABSL Liquid Fund - Regular - Growth,2023-01-26,1.8786422978339485
101208,ABSL Liquid Fund - Regular - Growth,2023-01-27,1.813366364557293
101208,ABSL Liquid Fund - Regular - Growth,2023-01-30,1.3796470228053601
101208,ABSL Liquid Fund - Regular - Growth,2023-01-31,1.2766685139106544
101208,ABSL Liquid Fund - Regular - Growth,2023-02-01,1.1420573934851996
101208,ABSL Liquid Fund - Regular - Growth,2023-02-02,1.3621866134061935
101208,ABSL Liquid Fund - Regular - Growth,2023-02-03,1.2833117615902307
101208,ABSL Liquid Fund - Regular - Growth,2023-02-06,1.520272811705718
101208,ABSL Liquid Fund - Regular - Growth,2023-02-07,1.7951854718360492
101208,ABSL Liquid Fund - Regular - Growth,2023-02-08,1.3433551426187482
101208,ABSL Liquid Fund - Regular - Growth,2023-02-09,1.5624930284048553
101208,ABSL Liquid Fund - Regular - Growth,2023-02-10,1.4192796972051152
101208,ABSL Liquid Fund - Regular - Growth,2023-02-13,1.8281863484488425
101208,ABSL Liquid Fund - Regular - Growth,2023-02-14,1.6787633866836977
101208,ABSL Liquid Fund - Regular - Growth,2023-02-15,1.6290717369100407
101208,ABSL Liquid Fund - Regular - Growth,2023-02-16,1.6494765423507205
101208,ABSL Liquid Fund - Regular - Growth,2023-02-17,1.7539140989779718
101208,ABSL Liquid Fund - Regular - Growth,2023-02-20,1.3346616800301505
101208,ABSL Liquid Fund - Regular - Growth,2023-02-21,1.3500642568594954
101208,ABSL Liquid Fund - Regular - Growth,2023-02-22,1.0538622416894254
101208,ABSL Liquid Fund - Regular - Growth,2023-02-23,1.190089998725305
101208,ABSL Liquid Fund - Regular - Growth,2023-02-24,1.2282751937331575
101208,ABSL Liquid Fund - Regular - Growth,2023-02-27,1.4620219751781502
101208,ABSL Liquid Fund - Regular - Growth,2023-02-28,1.2874351195814837
101208,ABSL Liquid Fund - Regular - Growth,2023-03-01,1.3843384717244949
101208,ABSL Liquid Fund - Regular - Growth,2023-03-02,1.3893790514898363
101208,ABSL Liquid Fund - Regular - Growth,2023-03-03,1.5095026726765741
101208,ABSL Liquid Fund - Regular - Growth,2023-03-06,1.3729162765366616
101208,ABSL Liquid Fund - Regular - Growth,2023-03-07,1.493860757783927
101208,ABSL Liquid Fund - Regular - Growth,2023-03-08,1.5440816097076424
101208,ABSL Liquid Fund - Regular - Growth,2023-03-09,1.4223987648236456
101208,ABSL Liquid Fund - Regular - Growth,2023-03-10,1.0729505085782336
101208,ABSL Liquid Fund - Regular - Growth,2023-03-13,0.6194597540128829
101208,ABSL Liquid Fund - Regular - Growth,2023-03-14,0.7511252715062717
101208,ABSL Liquid Fund - Regular - Growth,2023-03-15,0.5313218179040572
101208,ABSL Liquid Fund - Regular - Growth,2023-03-16,0.6112174831320998
101208,ABSL Liquid Fund - Regular - Growth,2023-03-17,0.49812088163485707
101208,ABSL Liquid Fund - Regular - Growth,2023-03-20,0.5583795582044434
101208,ABSL Liquid Fund - Regular - Growth,2023-03-21,0.8990602375093892
101208,ABSL Liquid Fund - Regular - Growth,2023-03-22,0.5756048567917853
101208,ABSL Liquid Fund - Regular - Growth,2023-03-23,0.5493991682357751
101208,ABSL Liquid Fund - Regular - Growth,2023-03-24,0.26140316911126704
101208,ABSL Liquid Fund - Regular - Growth,2023-03-27,0.4496958390381756
101208,ABSL Liquid Fund - Regular - Growth,2023-03-28,0.48784328706840685
101208,ABSL Liquid Fund - Regular - Growth,2023-03-29,0.4322782063413988
101208,ABSL Liquid Fund - Regular - Growth,2023-03-30,0.12467228211024714
101208,ABSL Liquid Fund - Regular - Growth,2023-03-31,-0.18078235453901953
101208,ABSL Liquid Fund - Regular - Growth,2023-04-03,-0.11040182970063175
101208,ABSL Liquid Fund - Regular - Growth,2023-04-04,-0.07764084426359955
101208,ABSL Liquid Fund - Regular - Growth,2023-04-05,-0.17929058796086714
101208,ABSL Liquid Fund - Regular - Growth,2023-04-06,-0.11528951534221331
101208,ABSL Liquid Fund - Regular - Growth,2023-04-07,0.19383640336443833
101208,ABSL Liquid Fund - Regular - Growth,2023-04-10,0.0583804163232524
101208,ABSL Liquid Fund - Regular - Growth,2023-04-11,0.15196171831080152
101208,ABSL Liquid Fund - Regular - Growth,2023-04-12,-0.03142056876204937
101208,ABSL Liquid Fund - Regular - Growth,2023-04-13,-0.7008372392587351
101208,ABSL Liquid Fund - Regular - Growth,2023-04-14,-0.5576617827644704
101208,ABSL Liquid Fund - Regular - Growth,2023-04-17,-0.7979048259375234
101208,ABSL Liquid Fund - Regular - Growth,2023-04-18,-0.9112167979980096
101208,ABSL Liquid Fund - Regular - Growth,2023-04-19,-1.2083657331623112
101208,ABSL Liquid Fund - Regular - Growth,2023-04-20,-1.240535777964479
101208,ABSL Liquid Fund - Regular - Growth,2023-04-21,-1.4166016721909522
101208,ABSL Liquid Fund - Regular - Growth,2023-04-24,-1.3748926669495536
101208,ABSL Liquid Fund - Regular - Growth,2023-04-25,-1.2862584186582833
101208,ABSL Liquid Fund - Regular - Growth,2023-04-26,-1.4677477123085776
101208,ABSL Liquid Fund - Regular - Growth,2023-04-27,-1.5119404113689776
101208,ABSL Liquid Fund - Regular - Growth,2023-04-28,-1.5245121838813502
101208,ABSL Liquid Fund - Regular - Growth,2023-05-01,-1.379153564092279
101208,ABSL Liquid Fund - Regular - Growth,2023-05-02,-1.2351196957009658
101208,ABSL Liquid Fund - Regular - Growth,2023-05-03,-1.3921423297222058
101208,ABSL Liquid Fund - Regular - Growth,2023-05-04,-1.5347371085182646
101208,ABSL Liquid Fund - Regular - Growth,2023-05-05,-1.7101888498825855
101208,ABSL Liquid Fund - Regular - Growth,2023-05-08,-2.1363568719765302
101208,ABSL Liquid Fund - Regular - Growth,2023-05-09,-2.4350915731495286
101208,ABSL Liquid Fund - Regular - Growth,2023-05-10,-2.2274228189402026
101208,ABSL Liquid Fund - Regular - Growth,2023-05-11,-2.1095119780370766
101208,ABSL Liquid Fund - Regular - Growth,2023-05-12,-2.2461008766343697
101208,ABSL Liquid Fund - Regular - Growth,2023-05-15,-2.025299539858
101208,ABSL Liquid Fund - Regular - Growth,2023-05-16,-2.1363609746889862
101208,ABSL Liquid Fund - Regular - Growth,2023-05-17,-2.2320148304033616
101208,ABSL Liquid Fund - Regular - Growth,2023-05-18,-2.019025467866744
101208,ABSL Liquid Fund - Regular - Growth,2023-05-19,-1.9522479413895586
101208,ABSL Liquid Fund - Regular - Growth,2023-05-22,-1.8906503810772255
101208,ABSL Liquid Fund - Regular - Growth,2023-05-23,-1.4077187927668444
101208,ABSL Liquid Fund - Regular - Growth,2023-05-24,-1.5561969880053597
101208,ABSL Liquid Fund - Regular - Growth,2023-05-25,-1.384755098507414
101208,ABSL Liquid Fund - Regular - Growth,2023-05-26,-1.2018352154224197
101208,ABSL Liquid Fund - Regular - Growth,2023-05-29,-1.3992768967092946
101208,ABSL Liquid Fund - Regular - Growth,2023-05-30,-1.6112207093909312
101208,ABSL Liquid Fund - Regular - Growth,2023-05-31,-1.5531305640073856
101208,ABSL Liquid Fund - Regular - Growth,2023-06-01,-2.112462677943573
101208,ABSL Liquid Fund - Regular - Growth,2023-06-02,-1.837309078684654
101208,ABSL Liquid Fund - Regular - Growth,2023-06-05,-1.7905200619465675
101208,ABSL Liquid Fund - Regular - Growth,2023-06-06,-1.8399681940914485
101208,ABSL Liquid Fund - Regular - Growth,2023-06-07,-2.027414335785798
101208,ABSL Liquid Fund - Regular - Growth,2023-06-08,-2.014499424800891
101208,ABSL Liquid Fund - Regular - Growth,2023-06-09,-2.33358139528602
101208,ABSL Liquid Fund - Regular - Growth,2023-06-12,-2.610137013396873
101208,ABSL Liquid Fund - Regular - Growth,2023-06-13,-2.795908586467065
101208,ABSL Liquid Fund - Regular - Growth,2023-06-14,-2.152546458704558
101208,ABSL Liquid Fund - Regular - Growth,2023-06-15,-2.231662992146672
101208,ABSL Liquid Fund - Regular - Growth,2023-06-16,-1.8102561646055955
101208,ABSL Liquid Fund - Regular - Growth,2023-06-19,-2.0534653360378585
101208,ABSL Liquid Fund - Regular - Growth,2023-06-20,-2.2597308476450473
101208,ABSL Liquid Fund - Regular - Growth,2023-06-21,-1.925636153029625
101208,ABSL Liquid Fund - Regular - Growth,2023-06-22,-1.9898702794939802
101208,ABSL Liquid Fund - Regular - Growth,2023-06-23,-2.0844369441307764
101208,ABSL Liquid Fund - Regular - Growth,2023-06-26,-1.6179149912826094
101208,ABSL Liquid Fund - Regular - Growth,2023-06-27,-1.81027106798679
101208,ABSL Liquid Fund - Regular - Growth,2023-06-28,-1.6380710249170687
101208,ABSL Liquid Fund - Regular - Growth,2023-06-29,-1.7727459278465252
101208,ABSL Liquid Fund - Regular - Growth,2023-06-30,-1.702591975212588
101208,ABSL Liquid Fund - Regular - Growth,2023-07-03,-1.5149056297794585
101208,ABSL Liquid Fund - Regular - Growth,2023-07-04,-2.053188242800978
101208,ABSL Liquid Fund - Regular - Growth,2023-07-05,-2.033493120322235
101208,ABSL Liquid Fund - Regular - Growth,2023-07-06,-2.2065299504206055
101208,ABSL Liquid Fund - Regular - Growth,2023-07-07,-2.3560603607679784
101208,ABSL Liquid Fund - Regular - Growth,2023-07-10,-2.272467012318589
101208,ABSL Liquid Fund - Regular - Growth,2023-07-11,-2.2400997467827763
101208,ABSL Liquid Fund - Regular - Growth,2023-07-12,-2.47644835083035
101208,ABSL Liquid Fund - Regular - Growth,2023-07-13,-2.037013491046455
101208,ABSL Liquid Fund - Regular - Growth,2023-07-14,-1.7614721454320912
101208,ABSL Liquid Fund - Regular - Growth,2023-07-17,-0.9553024423518321
101208,ABSL Liquid Fund - Regular - Growth,2023-07-18,-0.8382796834287877
101208,ABSL Liquid Fund - Regular - Growth,2023-07-19,-0.8322806220760928
101208,ABSL Liquid Fund - Regular - Growth,2023-07-20,-1.1708932760612771
101208,ABSL Liquid Fund - Regular - Growth,2023-07-21,-1.1275092988405062
101208,ABSL Liquid Fund - Regular - Growth,2023-07-24,-1.0280399487571645
101208,ABSL Liquid Fund - Regular - Growth,2023-07-25,-0.9272356917344947
101208,ABSL Liquid Fund - Regular - Growth,2023-07-26,-0.5716047013609248
101208,ABSL Liquid Fund - Regular - Growth,2023-07-27,-0.7076560531180373
101208,ABSL Liquid Fund - Regular - Growth,2023-07-28,-0.6027508459279001
101208,ABSL Liquid Fund - Regular - Growth,2023-07-31,-0.9100695677364635
101208,ABSL Liquid Fund - Regular - Growth,2023-08-01,-0.5930690193769336
101208,ABSL Liquid Fund - Regular - Growth,2023-08-02,-1.1389094096697854
101208,ABSL Liquid Fund - Regular - Growth,2023-08-03,-0.49333258468882946
101208,ABSL Liquid Fund - Regular - Growth,2023-08-04,-0.08676261871573214
101208,ABSL Liquid Fund - Regular - Growth,2023-08-07,-0.20943620730389007
101208,ABSL Liquid Fund - Regular - Growth,2023-08-08,-0.23272709741394065
101208,ABSL Liquid Fund - Regular - Growth,2023-08-09,0.2055254841411593
101208,ABSL Liquid Fund - Regular - Growth,2023-08-10,0.15578718617923176
101208,ABSL Liquid Fund - Regular - Growth,2023-08-11,-0.10065983002076417
101208,ABSL Liquid Fund - Regular - Growth,2023-08-14,-0.5021065463040847
101208,ABSL Liquid Fund - Regular - Growth,2023-08-15,-0.5437986335573936
101208,ABSL Liquid Fund - Regular - Growth,2023-08-16,-0.8263470577817609
101208,ABSL Liquid Fund - Regular - Growth,2023-08-17,-0.766074622273742
101208,ABSL Liquid Fund - Regular - Growth,2023-08-18,-0.7675850529731398
101208,ABSL Liquid Fund - Regular - Growth,2023-08-21,-1.0064038566265177
101208,ABSL Liquid Fund - Regular - Growth,2023-08-22,-0.5730269051381836
101208,ABSL Liquid Fund - Regular - Growth,2023-08-23,-0.907021698448524
101208,ABSL Liquid Fund - Regular - Growth,2023-08-24,-0.854482419104927
101208,ABSL Liquid Fund - Regular - Growth,2023-08-25,-0.6093022764189348
101208,ABSL Liquid Fund - Regular - Growth,2023-08-28,-0.43826327149634586
101208,ABSL Liquid Fund - Regular - Growth,2023-08-29,-0.6611273917137857
101208,ABSL Liquid Fund - Regular - Growth,2023-08-30,-1.05783621485346
101208,ABSL Liquid Fund - Regular - Growth,2023-08-31,-0.8256131474492021
101208,ABSL Liquid Fund - Regular - Growth,2023-09-01,-1.121460171441078
101208,ABSL Liquid Fund - Regular - Growth,2023-09-04,-1.2385539484000487
101208,ABSL Liquid Fund - Regular - Growth,2023-09-05,-1.19737385345318
101208,ABSL Liquid Fund - Regular - Growth,2023-09-06,-1.495167062345334
101208,ABSL Liquid Fund - Regular - Growth,2023-09-07,-1.7154663216689796
101208,ABSL Liquid Fund - Regular - Growth,2023-09-08,-1.72437808281787
101208,ABSL Liquid Fund - Regular - Growth,2023-09-11,-1.9336446236455413
101208,ABSL Liquid Fund - Regular - Growth,2023-09-12,-2.2279387915728677
101208,ABSL Liquid Fund - Regular - Growth,2023-09-13,-2.3078622437099265
101208,ABSL Liquid Fund - Regular - Growth,2023-09-14,-2.4526422946144337
101208,ABSL Liquid Fund - Regular - Growth,2023-09-15,-2.2425713274147387
101208,ABSL Liquid Fund - Regular - Growth,2023-09-18,-2.190886659011512
101208,ABSL Liquid Fund - Regular - Growth,2023-09-19,-2.4422145033772558
101208,ABSL Liquid Fund - Regular - Growth,2023-09-20,-2.6915991098949936
101208,ABSL Liquid Fund - Regular - Growth,2023-09-21,-2.577981500577685
101208,ABSL Liquid Fund - Regular - Growth,2023-09-22,-2.2953955232960066
101208,ABSL Liquid Fund - Regular - Growth,2023-09-25,-2.4226784972230537
101208,ABSL Liquid Fund - Regular - Growth,2023-09-26,-2.576584642119904
101208,ABSL Liquid Fund - Regular - Growth,2023-09-27,-2.3012592055015526
101208,ABSL Liquid Fund - Regular - Growth,2023-09-28,-2.233379971447146
101208,ABSL Liquid Fund - Regular - Growth,2023-09-29,-2.4660799127971793
101208,ABSL Liquid Fund - Regular - Growth,2023-10-02,-2.4404174914983643
101208,ABSL Liquid Fund - Regular - Growth,2023-10-03,-1.9547061041126426
101208,ABSL Liquid Fund - Regular - Growth,2023-10-04,-2.0633026103134697
101208,ABSL Liquid Fund - Regular - Growth,2023-10-05,-1.7844558012087817
101208,ABSL Liquid Fund - Regular - Growth,2023-10-06,-1.842376968536882
101208,ABSL Liquid Fund - Regular - Growth,2023-10-09,-1.8914728970255554
101208,ABSL Liquid Fund - Regular - Growth,2023-10-10,-1.951755554503258
101208,ABSL Liquid Fund - Regular - Growth,2023-10-11,-1.8167053676433136
101208,ABSL Liquid Fund - Regular - Growth,2023-10-12,-2.0810231274946953
101208,ABSL Liquid Fund - Regular - Growth,2023-10-13,-1.838681381204808
101208,ABSL Liquid Fund - Regular - Growth,2023-10-16,-2.109719818566182
101208,ABSL Liquid Fund - Regular - Growth,2023-10-17,-2.113956447685134
101208,ABSL Liquid Fund - Regular - Growth,2023-10-18,-2.3686220505119477
101208,ABSL Liquid Fund - Regular - Growth,2023-10-19,-2.443942453708639
101208,ABSL Liquid Fund - Regular - Growth,2023-10-20,-2.8939867769455034
101208,ABSL Liquid Fund - Regular - Growth,2023-10-23,-3.0420914623575808
101208,ABSL Liquid Fund - Regular - Growth,2023-10-24,-2.7865701899724726
101208,ABSL Liquid Fund - Regular - Growth,2023-10-25,-2.9234930887844164
101208,ABSL Liquid Fund - Regular - Growth,2023-10-26,-2.5731170254092786
101208,ABSL Liquid Fund - Regular - Growth,2023-10-27,-2.3886400120082287
101208,ABSL Liquid Fund - Regular - Growth,2023-10-30,-2.7102734106286754
101208,ABSL Liquid Fund - Regular - Growth,2023-10-31,-2.507331944619983
101208,ABSL Liquid Fund - Regular - Growth,2023-11-01,-2.7023707508063746
101208,ABSL Liquid Fund - Regular - Growth,2023-11-02,-2.8867265177795858
101208,ABSL Liquid Fund - Regular - Growth,2023-11-03,-2.564650731756899
101208,ABSL Liquid Fund - Regular - Growth,2023-11-06,-2.421638230498333
101208,ABSL Liquid Fund - Regular - Growth,2023-11-07,-1.9443043472962813
101208,ABSL Liquid Fund - Regular - Growth,2023-11-08,-1.971545755083565
101208,ABSL Liquid Fund - Regular - Growth,2023-11-09,-1.998647949941917
101208,ABSL Liquid Fund - Regular - Growth,2023-11-10,-1.959746816326174
101208,ABSL Liquid Fund - Regular - Growth,2023-11-13,-1.9295399410949934
101208,ABSL Liquid Fund - Regular - Growth,2023-11-14,-2.0319151217545386
101208,ABSL Liquid Fund - Regular - Growth,2023-11-15,-1.728880590769452
101208,ABSL Liquid Fund - Regular - Growth,2023-11-16,-1.6096001935002897
101208,ABSL Liquid Fund - Regular - Growth,2023-11-17,-1.964232649688687
101208,ABSL Liquid Fund - Regular - Growth,2023-11-20,-2.5680949257661085
101208,ABSL Liquid Fund - Regular - Growth,2023-11-21,-2.7045668371044185
101208,ABSL Liquid Fund - Regular - Growth,2023-11-22,-2.4729366866315363
101208,ABSL Liquid Fund - Regular - Growth,2023-11-23,-2.0310653974563597
101208,ABSL Liquid Fund - Regular - Growth,2023-11-24,-1.74256839165546
101208,ABSL Liquid Fund - Regular - Growth,2023-11-27,-1.5632837905681058
101208,ABSL Liquid Fund - Regular - Growth,2023-11-28,-1.7657010309680292
101208,ABSL Liquid Fund - Regular - Growth,2023-11-29,-2.1050761260321273
101208,ABSL Liquid Fund - Regular - Growth,2023-11-30,-2.305623018912481
101208,ABSL Liquid Fund - Regular - Growth,2023-12-01,-2.2015501335240413
101208,ABSL Liquid Fund - Regular - Growth,2023-12-04,-1.9806900691552136
101208,ABSL Liquid Fund - Regular - Growth,2023-12-05,-1.9677164988837321
101208,ABSL Liquid Fund - Regular - Growth,2023-12-06,-1.679769360550368
101208,ABSL Liquid Fund - Regular - Growth,2023-12-07,-1.84508377054624
101208,ABSL Liquid Fund - Regular - Growth,2023-12-08,-1.946341550560579
101208,ABSL Liquid Fund - Regular - Growth,2023-12-11,-1.8277997249049391
101208,ABSL Liquid Fund - Regular - Growth,2023-12-12,-1.860031290204452
101208,ABSL Liquid Fund - Regular - Growth,2023-12-13,-2.3588772801148257
101208,ABSL Liquid Fund - Regular - Growth,2023-12-14,-2.2551485031275997
101208,ABSL Liquid Fund - Regular - Growth,2023-12-15,-2.280486900735886
101208,ABSL Liquid Fund - Regular - Growth,2023-12-18,-1.9365494781536545
101208,ABSL Liquid Fund - Regular - Growth,2023-12-19,-1.9222930721517344
101208,ABSL Liquid Fund - Regular - Growth,2023-12-20,-1.6699249519313215
101208,ABSL Liquid Fund - Regular - Growth,2023-12-21,-1.7309215410268741
101208,ABSL Liquid Fund - Regular - Growth,2023-12-22,-1.7760959119627344
101208,ABSL Liquid Fund - Regular - Growth,2023-12-25,-1.3191803839840721
101208,ABSL Liquid Fund - Regular - Growth,2023-12-26,-1.5877522475404362
101208,ABSL Liquid Fund - Regular - Growth,2023-12-27,-1.567741804216677
101208,ABSL Liquid Fund - Regular - Growth,2023-12-28,-1.517723389594766
101208,ABSL Liquid Fund - Regular - Growth,2023-12-29,-1.5437014325023484
101208,ABSL Liquid Fund - Regular - Growth,2024-01-01,-1.5315463084771233
101208,ABSL Liquid Fund - Regular - Growth,2024-01-02,-1.1998498472168242
101208,ABSL Liquid Fund - Regular - Growth,2024-01-03,-0.8181809541599678
101208,ABSL Liquid Fund - Regular - Growth,2024-01-04,-1.1034353259908654
101208,ABSL Liquid Fund - Regular - Growth,2024-01-05,-0.9342403574472613
101208,ABSL Liquid Fund - Regular - Growth,2024-01-08,-1.087468896949904
101208,ABSL Liquid Fund - Regular - Growth,2024-01-09,-1.0721598343248726
101208,ABSL Liquid Fund - Regular - Growth,2024-01-10,-0.3440124286598358
101208,ABSL Liquid Fund - Regular - Growth,2024-01-11,0.17946431366406726
101208,ABSL Liquid Fund - Regular - Growth,2024-01-12,0.18852541140234244
101208,ABSL Liquid Fund - Regular - Growth,2024-01-15,0.5942716854983462
101208,ABSL Liquid Fund - Regular - Growth,2024-01-16,0.7794257201265753
101208,ABSL Liquid Fund - Regular - Growth,2024-01-17,0.3706392171781392
101208,ABSL Liquid Fund - Regular - Growth,2024-01-18,0.15809547617799038
101208,ABSL Liquid Fund - Regular - Growth,2024-01-19,0.09505248130730039
101208,ABSL Liquid Fund - Regular - Growth,2024-01-22,0.08186354304656705
101208,ABSL Liquid Fund - Regular - Growth,2024-01-23,0.4982203105534446
101208,ABSL Liquid Fund - Regular - Growth,2024-01-24,0.5987892087330342
101208,ABSL Liquid Fund - Regular - Growth,2024-01-25,0.3585833342369992
101208,ABSL Liquid Fund - Regular - Growth,2024-01-26,0.01292948427576475
101208,ABSL Liquid Fund - Regular - Growth,2024-01-29,0.12842737310907526
101208,ABSL Liquid Fund - Regular - Growth,2024-01-30,0.21219010361997565
101208,ABSL Liquid Fund - Regular - Growth,2024-01-31,-0.20130260816657963
101208,ABSL Liquid Fund - Regular - Growth,2024-02-01,-0.46744902170994035
101208,ABSL Liquid Fund - Regular - Growth,2024-02-02,-0.47688592829784016
101208,ABSL Liquid Fund - Regular - Growth,2024-02-05,-0.6112014734201052
101208,ABSL Liquid Fund - Regular - Growth,2024-02-06,-1.3615125531708372
101208,ABSL Liquid Fund - Regular - Growth,2024-02-07,-1.6459487685967598
101208,ABSL Liquid Fund - Regular - Growth,2024-02-08,-1.7684747524832585
101208,ABSL Liquid Fund - Regular - Growth,2024-02-09,-1.7062111183843833
101208,ABSL Liquid Fund - Regular - Growth,2024-02-12,-1.4283275742568973
101208,ABSL Liquid Fund - Regular - Growth,2024-02-13,-1.1169230276624154
101208,ABSL Liquid Fund - Regular - Growth,2024-02-14,-1.0381950681842598
101208,ABSL Liquid Fund - Regular - Growth,2024-02-15,-0.9306941624993358
101208,ABSL Liquid Fund - Regular - Growth,2024-02-16,-1.0372333575156676
101208,ABSL Liquid Fund - Regular - Growth,2024-02-19,-0.9081463198066665
101208,ABSL Liquid Fund - Regular - Growth,2024-02-20,-0.28691012804301164
101208,ABSL Liquid Fund - Regular - Growth,2024-02-21,-0.33168266114067957
101208,ABSL Liquid Fund - Regular - Growth,2024-02-22,-0.16995914074815907
101208,ABSL Liquid Fund - Regular - Growth,2024-02-23,-0.3151225204038199
101208,ABSL Liquid Fund - Regular - Growth,2024-02-26,0.11506908135706212
101208,ABSL Liquid Fund - Regular - Growth,2024-02-27,0.0582038006923104
101208,ABSL Liquid Fund - Regular - Growth,2024-02-28,0.16717415214077613
101208,ABSL Liquid Fund - Regular - Growth,2024-02-29,0.15272566149175357
101208,ABSL Liquid Fund - Regular - Growth,2024-03-01,0.05701967869054756
101208,ABSL Liquid Fund - Regular - Growth,2024-03-04,0.3126494226749574
101208,ABSL Liquid Fund - Regular - Growth,2024-03-05,0.2556363368699515
101208,ABSL Liquid Fund - Regular - Growth,2024-03-06,0.3922936590948374
101208,ABSL Liquid Fund - Regular - Growth,2024-03-07,0.8130032687037478
101208,ABSL Liquid Fund - Regular - Growth,2024-03-08,0.916361322983205
101208,ABSL Liquid Fund - Regular - Growth,2024-03-11,0.7561323503014782
101208,ABSL Liquid Fund - Regular - Growth,2024-03-12,0.8482821499620754
101208,ABSL Liquid Fund - Regular - Growth,2024-03-13,0.22083412861592622
101208,ABSL Liquid Fund - Regular - Growth,2024-03-14,0.14295155117158645
101208,ABSL Liquid Fund - Regular - Growth,2024-03-15,0.18009506416582816
101208,ABSL Liquid Fund - Regular - Growth,2024-03-18,0.22230653302262202
101208,ABSL Liquid Fund - Regular - Growth,2024-03-19,0.10249422310552321
101208,ABSL Liquid Fund - Regular - Growth,2024-03-20,-0.3656512187266782
101208,ABSL Liquid Fund - Regular - Growth,2024-03-21,-0.7603690185103313
101208,ABSL Liquid Fund - Regular - Growth,2024-03-22,-0.4493045573462362
101208,ABSL Liquid Fund - Regular - Growth,2024-03-25,0.05319545881549678
101208,ABSL Liquid Fund - Regular - Growth,2024-03-26,0.012408089204143994
101208,ABSL Liquid Fund - Regular - Growth,2024-03-27,-0.11433706961128938
101208,ABSL Liquid Fund - Regular - Growth,2024-03-28,-0.25082434824545413
101208,ABSL Liquid Fund - Regular - Growth,2024-03-29,-0.7815821177250277
101208,ABSL Liquid Fund - Regular - Growth,2024-04-01,-1.0648893451910697
101208,ABSL Liquid Fund - Regular - Growth,2024-04-02,-0.8520396938414706
101208,ABSL Liquid Fund - Regular - Growth,2024-04-03,-0.696430843352478
101208,ABSL Liquid Fund - Regular - Growth,2024-04-04,-0.28189989707507324
101208,ABSL Liquid Fund - Regular - Growth,2024-04-05,-0.4370570826686375
101208,ABSL Liquid Fund - Regular - Growth,2024-04-08,-0.8021362955572808
101208,ABSL Liquid Fund - Regular - Growth,2024-04-09,-0.9962943830931946
101208,ABSL Liquid Fund - Regular - Growth,2024-04-10,-1.3689820392057723
101208,ABSL Liquid Fund - Regular - Growth,2024-04-11,-1.1605730315052656
101208,ABSL Liquid Fund - Regular - Growth,2024-04-12,-0.8781884921792412
101208,ABSL Liquid Fund - Regular - Growth,2024-04-15,-0.7131376463424416
101208,ABSL Liquid Fund - Regular - Growth,2024-04-16,-0.8397171071877982
101208,ABSL Liquid Fund - Regular - Growth,2024-04-17,-0.47186137155511715
101208,ABSL Liquid Fund - Regular - Growth,2024-04-18,-0.8702567663055719
101208,ABSL Liquid Fund - Regular - Growth,2024-04-19,-0.8685586225778312
101208,ABSL Liquid Fund - Regular - Growth,2024-04-22,-1.0314270281511368
101208,ABSL Liquid Fund - Regular - Growth,2024-04-23,-1.1962041810446522
101208,ABSL Liquid Fund - Regular - Growth,2024-04-24,-1.2118577911043935
101208,ABSL Liquid Fund - Regular - Growth,2024-04-25,-1.289983098275238
101208,ABSL Liquid Fund - Regular - Growth,2024-04-26,-1.1729553714270626
101208,ABSL Liquid Fund - Regular - Growth,2024-04-29,-0.9471132615876403
101208,ABSL Liquid Fund - Regular - Growth,2024-04-30,-1.1468983683336227
101208,ABSL Liquid Fund - Regular - Growth,2024-05-01,-0.9530836187694173
101208,ABSL Liquid Fund - Regular - Growth,2024-05-02,-1.2565078256519961
101208,ABSL Liquid Fund - Regular - Growth,2024-05-03,-1.4772010013215564
101208,ABSL Liquid Fund - Regular - Growth,2024-05-06,-1.614998970246577
101208,ABSL Liquid Fund - Regular - Growth,2024-05-07,-1.9253388354401455
101208,ABSL Liquid Fund - Regular - Growth,2024-05-08,-1.766616581007881
101208,ABSL Liquid Fund - Regular - Growth,2024-05-09,-1.5988583141352866
101208,ABSL Liquid Fund - Regular - Growth,2024-05-10,-1.5686356872883278
101208,ABSL Liquid Fund - Regular - Growth,2024-05-13,-1.6554578270648603
101208,ABSL Liquid Fund - Regular - Growth,2024-05-14,-1.619755576451763
101208,ABSL Liquid Fund - Regular - Growth,2024-05-15,-1.7685106837482087
101208,ABSL Liquid Fund - Regular - Growth,2024-05-16,-2.2815089508379685
101208,ABSL Liquid Fund - Regular - Growth,2024-05-17,-2.375238151009682
101208,ABSL Liquid Fund - Regular - Growth,2024-05-20,-2.683763813538902
101208,ABSL Liquid Fund - Regular - Growth,2024-05-21,-2.8300802237622653
101208,ABSL Liquid Fund - Regular - Growth,2024-05-22,-2.5896585674344617
101208,ABSL Liquid Fund - Regular - Growth,2024-05-23,-2.567563917067387
101208,ABSL Liquid Fund - Regular - Growth,2024-05-24,-2.7041901604428586
101208,ABSL Liquid Fund - Regular - Growth,2024-05-27,-2.492058800466038
101208,ABSL Liquid Fund - Regular - Growth,2024-05-28,-2.3833682003481607
101208,ABSL Liquid Fund - Regular - Growth,2024-05-29,-2.369673205957726
101208,ABSL Liquid Fund - Regular - Growth,2024-05-30,-2.1337769121644365
101208,ABSL Liquid Fund - Regular - Growth,2024-05-31,-1.8545643029418484
101208,ABSL Liquid Fund - Regular - Growth,2024-06-03,-1.6764043035026044
101208,ABSL Liquid Fund - Regular - Growth,2024-06-04,-1.7483957737280456
101208,ABSL Liquid Fund - Regular - Growth,2024-06-05,-1.3298139475394064
101208,ABSL Liquid Fund - Regular - Growth,2024-06-06,-0.9982974014968568
101208,ABSL Liquid Fund - Regular - Growth,2024-06-07,-1.1498662848152368
101208,ABSL Liquid Fund - Regular - Growth,2024-06-10,-0.9547822176186656
101208,ABSL Liquid Fund - Regular - Growth,2024-06-11,-0.7319311125847004
101208,ABSL Liquid Fund - Regular - Growth,2024-06-12,-0.2619729170111824
101208,ABSL Liquid Fund - Regular - Growth,2024-06-13,-0.32188323792765383
101208,ABSL Liquid Fund - Regular - Growth,2024-06-14,-0.5683984237769729
101208,ABSL Liquid Fund - Regular - Growth,2024-06-17,-0.499514905691423
101208,ABSL Liquid Fund - Regular - Growth,2024-06-18,-0.7465927930555116
101208,ABSL Liquid Fund - Regular - Growth,2024-06-19,-0.37396491763981204
101208,ABSL Liquid Fund - Regular - Growth,2024-06-20,-0.5650137914621032
101208,ABSL Liquid Fund - Regular - Growth,2024-06-21,-0.6112925955929858
101208,ABSL Liquid Fund - Regular - Growth,2024-06-24,-0.37704574723427986
101208,ABSL Liquid Fund - Regular - Growth,2024-06-25,-0.9766471252893859
101208,ABSL Liquid Fund - Regular - Growth,2024-06-26,-0.7819321735059378
101208,ABSL Liquid Fund - Regular - Growth,2024-06-27,-1.047279404943497
101208,ABSL Liquid Fund - Regular - Growth,2024-06-28,-0.7451743712122825
101208,ABSL Liquid Fund - Regular - Growth,2024-07-01,-1.1202492359766112
101208,ABSL Liquid Fund - Regular - Growth,2024-07-02,-1.2288255303492372
101208,ABSL Liquid Fund - Regular - Growth,2024-07-03,-1.6542571505136443
101208,ABSL Liquid Fund - Regular - Growth,2024-07-04,-1.4046494281462447
101208,ABSL Liquid Fund - Regular - Growth,2024-07-05,-1.5565575629553012
101208,ABSL Liquid Fund - Regular - Growth,2024-07-08,-1.662924286747224
101208,ABSL Liquid Fund - Regular - Growth,2024-07-09,-1.5578215762268255
101208,ABSL Liquid Fund - Regular - Growth,2024-07-10,-1.6745398852810096
101208,ABSL Liquid Fund - Regular - Growth,2024-07-11,-1.7806941349675174
101208,ABSL Liquid Fund - Regular - Growth,2024-07-12,-2.092146279206972
101208,ABSL Liquid Fund - Regular - Growth,2024-07-15,-2.357509093195436
101208,ABSL Liquid Fund - Regular - Growth,2024-07-16,-2.7760159498060166
101208,ABSL Liquid Fund - Regular - Growth,2024-07-17,-2.5990780981006227
101208,ABSL Liquid Fund - Regular - Growth,2024-07-18,-2.4428360046394104
101208,ABSL Liquid Fund - Regular - Growth,2024-07-19,-2.2708070809824843
101208,ABSL Liquid Fund - Regular - Growth,2024-07-22,-2.0511069057829454
101208,ABSL Liquid Fund - Regular - Growth,2024-07-23,-1.7729725673499082
101208,ABSL Liquid Fund - Regular - Growth,2024-07-24,-1.802563115091723
101208,ABSL Liquid Fund - Regular - Growth,2024-07-25,-1.8283239765801866
101208,ABSL Liquid Fund - Regular - Growth,2024-07-26,-2.0380152583148954
101208,ABSL Liquid Fund - Regular - Growth,2024-07-29,-1.8988608040010941
101208,ABSL Liquid Fund - Regular - Growth,2024-07-30,-1.8708495579211288
101208,ABSL Liquid Fund - Regular - Growth,2024-07-31,-2.2576338298751506
101208,ABSL Liquid Fund - Regular - Growth,2024-08-01,-2.6860995454018357
101208,ABSL Liquid Fund - Regular - Growth,2024-08-02,-2.5596235026291034
101208,ABSL Liquid Fund - Regular - Growth,2024-08-05,-2.847563285548552
101208,ABSL Liquid Fund - Regular - Growth,2024-08-06,-2.7149120190420115
101208,ABSL Liquid Fund - Regular - Growth,2024-08-07,-2.9547104497688728
101208,ABSL Liquid Fund - Regular - Growth,2024-08-08,-3.0337210637682195
101208,ABSL Liquid Fund - Regular - Growth,2024-08-09,-2.9787904128061564
101208,ABSL Liquid Fund - Regular - Growth,2024-08-12,-2.52378396223576
101208,ABSL Liquid Fund - Regular - Growth,2024-08-13,-2.6945422932787975
101208,ABSL Liquid Fund - Regular - Growth,2024-08-14,-2.517587581807838
101208,ABSL Liquid Fund - Regular - Growth,2024-08-15,-2.572397171171834
101208,ABSL Liquid Fund - Regular - Growth,2024-08-16,-2.817129830203739
101208,ABSL Liquid Fund - Regular - Growth,2024-08-19,-2.849565758852531
101208,ABSL Liquid Fund - Regular - Growth,2024-08-20,-2.851558188825235
101208,ABSL Liquid Fund - Regular - Growth,2024-08-21,-3.0457998416452674
101208,ABSL Liquid Fund - Regular - Growth,2024-08-22,-2.8745159401762095
101208,ABSL Liquid Fund - Regular - Growth,2024-08-23,-2.978606249893026
101208,ABSL Liquid Fund - Regular - Growth,2024-08-26,-3.0185213239879203
101208,ABSL Liquid Fund - Regular - Growth,2024-08-27,-2.809578927919932
101208,ABSL Liquid Fund - Regular - Growth,2024-08-28,-3.1716259242144433
101208,ABSL Liquid Fund - Regular - Growth,2024-08-29,-2.7855164058646005
101208,ABSL Liquid Fund - Regular - Growth,2024-08-30,-2.6831787970715806
101208,ABSL Liquid Fund - Regular - Growth,2024-09-02,-3.299272122900687
101208,ABSL Liquid Fund - Regular - Growth,2024-09-03,-3.3891351779580385
101208,ABSL Liquid Fund - Regular - Growth,2024-09-04,-3.228669654731692
101208,ABSL Liquid Fund - Regular - Growth,2024-09-05,-2.8508200195756315
101208,ABSL Liquid Fund - Regular - Growth,2024-09-06,-2.6067797842173017
101208,ABSL Liquid Fund - Regular - Growth,2024-09-09,-2.9481455663644924
101208,ABSL Liquid Fund - Regular - Growth,2024-09-10,-2.526459323219076
101208,ABSL Liquid Fund - Regular - Growth,2024-09-11,-2.775526585964581
101208,ABSL Liquid Fund - Regular - Growth,2024-09-12,-2.7957704145604296
101208,ABSL Liquid Fund - Regular - Growth,2024-09-13,-2.742158304000901
101208,ABSL Liquid Fund - Regular - Growth,2024-09-16,-2.291398800346304
101208,ABSL Liquid Fund - Regular - Growth,2024-09-17,-2.388380997503711
101208,ABSL Liquid Fund - Regular - Growth,2024-09-18,-2.3690780602615824
101208,ABSL Liquid Fund - Regular - Growth,2024-09-19,-2.15496971137001
101208,ABSL Liquid Fund - Regular - Growth,2024-09-20,-2.187999360229343
101208,ABSL Liquid Fund - Regular - Growth,2024-09-23,-2.137215872710858
101208,ABSL Liquid Fund - Regular - Growth,2024-09-24,-1.9224434267014157
101208,ABSL Liquid Fund - Regular - Growth,2024-09-25,-2.0870605747483504
101208,ABSL Liquid Fund - Regular - Growth,2024-09-26,-1.8629000852693796
101208,ABSL Liquid Fund - Regular - Growth,2024-09-27,-1.7059791868738248
101208,ABSL Liquid Fund - Regular - Growth,2024-09-30,-1.934948897064484
101208,ABSL Liquid Fund - Regular - Growth,2024-10-01,-2.2864885967149817
101208,ABSL Liquid Fund - Regular - Growth,2024-10-02,-1.987652767675818
101208,ABSL Liquid Fund - Regular - Growth,2024-10-03,-2.0454368345982625
101208,ABSL Liquid Fund - Regular - Growth,2024-10-04,-2.4528053884936036
101208,ABSL Liquid Fund - Regular - Growth,2024-10-07,-2.164577567921923
101208,ABSL Liquid Fund - Regular - Growth,2024-10-08,-2.2498320411189967
101208,ABSL Liquid Fund - Regular - Growth,2024-10-09,-2.6498366224796563
101208,ABSL Liquid Fund - Regular - Growth,2024-10-10,-2.9076873386660678
101208,ABSL Liquid Fund - Regular - Growth,2024-10-11,-2.946421535199178
101208,ABSL Liquid Fund - Regular - Growth,2024-10-14,-2.662756629455175
101208,ABSL Liquid Fund - Regular - Growth,2024-10-15,-2.383080770445968
101208,ABSL Liquid Fund - Regular - Growth,2024-10-16,-2.4599678309744957
101208,ABSL Liquid Fund - Regular - Growth,2024-10-17,-2.274084721716626
101208,ABSL Liquid Fund - Regular - Growth,2024-10-18,-1.9382189756901747
101208,ABSL Liquid Fund - Regular - Growth,2024-10-21,-2.154252374616637
101208,ABSL Liquid Fund - Regular - Growth,2024-10-22,-2.126489423181581
101208,ABSL Liquid Fund - Regular - Growth,2024-10-23,-2.655282050456515
101208,ABSL Liquid Fund - Regular - Growth,2024-10-24,-2.5448773518657077
101208,ABSL Liquid Fund - Regular - Growth,2024-10-25,-2.382353255813467
101208,ABSL Liquid Fund - Regular - Growth,2024-10-28,-2.9775556130403245
101208,ABSL Liquid Fund - Regular - Growth,2024-10-29,-2.885672890759064
101208,ABSL Liquid Fund - Regular - Growth,2024-10-30,-3.1019230017135864
101208,ABSL Liquid Fund - Regular - Growth,2024-10-31,-2.933005598066424
101208,ABSL Liquid Fund - Regular - Growth,2024-11-01,-3.1146126207695204
101208,ABSL Liquid Fund - Regular - Growth,2024-11-04,-2.7459522069305464
101208,ABSL Liquid Fund - Regular - Growth,2024-11-05,-2.866908719763413
101208,ABSL Liquid Fund - Regular - Growth,2024-11-06,-2.847211087086551
101208,ABSL Liquid Fund - Regular - Growth,2024-11-07,-3.0080174462442484
101208,ABSL Liquid Fund - Regular - Growth,2024-11-08,-2.645793011230844
101208,ABSL Liquid Fund - Regular - Growth,2024-11-11,-2.610682703528543
101208,ABSL Liquid Fund - Regular - Growth,2024-11-12,-2.717979112718265
101208,ABSL Liquid Fund - Regular - Growth,2024-11-13,-2.4661341123160696
101208,ABSL Liquid Fund - Regular - Growth,2024-11-14,-2.5842007707405927
101208,ABSL Liquid Fund - Regular - Growth,2024-11-15,-2.375171698549901
101208,ABSL Liquid Fund - Regular - Growth,2024-11-18,-2.165132434916452
101208,ABSL Liquid Fund - Regular - Growth,2024-11-19,-2.21329207350894
101208,ABSL Liquid Fund - Regular - Growth,2024-11-20,-1.9321306363435014
101208,ABSL Liquid Fund - Regular - Growth,2024-11-21,-2.155199438833101
101208,ABSL Liquid Fund - Regular - Growth,2024-11-22,-2.2442476857870663
101208,ABSL Liquid Fund - Regular - Growth,2024-11-25,-2.355074808124026
101208,ABSL Liquid Fund - Regular - Growth,2024-11-26,-2.531369028916311
101208,ABSL Liquid Fund - Regular - Growth,2024-11-27,-2.4415109121753327
101208,ABSL Liquid Fund - Regular - Growth,2024-11-28,-2.3407067632202065
101208,ABSL Liquid Fund - Regular - Growth,2024-11-29,-2.295332814196649
101208,ABSL Liquid Fund - Regular - Growth,2024-12-02,-2.715983357181913
101208,ABSL Liquid Fund - Regular - Growth,2024-12-03,-2.862522983568257
101208,ABSL Liquid Fund - Regular - Growth,2024-12-04,-2.7851355601214376
101208,ABSL Liquid Fund - Regular - Growth,2024-12-05,-2.6657107761331416
101208,ABSL Liquid Fund - Regular - Growth,2024-12-06,-2.4984347237047437
101208,ABSL Liquid Fund - Regular - Growth,2024-12-09,-1.8063654479964661
101208,ABSL Liquid Fund - Regular - Growth,2024-12-10,-1.9947704632080352
101208,ABSL Liquid Fund - Regular - Growth,2024-12-11,-2.0027240140844587
101208,ABSL Liquid Fund - Regular - Growth,2024-12-12,-2.1202125647737837
101208,ABSL Liquid Fund - Regular - Growth,2024-12-13,-1.7024780927387657
101208,ABSL Liquid Fund - Regular - Growth,2024-12-16,-2.109466361455238
101208,ABSL Liquid Fund - Regular - Growth,2024-12-17,-1.8487821502125543
101208,ABSL Liquid Fund - Regular - Growth,2024-12-18,-1.734974910854927
101208,ABSL Liquid Fund - Regular - Growth,2024-12-19,-1.712785202447698
101208,ABSL Liquid Fund - Regular - Growth,2024-12-20,-1.1941906143657839
101208,ABSL Liquid Fund - Regular - Growth,2024-12-23,-1.5858911396180306
101208,ABSL Liquid Fund - Regular - Growth,2024-12-24,-1.347056286149605
101208,ABSL Liquid Fund - Regular - Growth,2024-12-25,-1.2645983206348297
101208,ABSL Liquid Fund - Regular - Growth,2024-12-26,-1.4045170923533759
101208,ABSL Liquid Fund - Regular - Growth,2024-12-27,-1.2447401740992023
101208,ABSL Liquid Fund - Regular - Growth,2024-12-30,-0.912578627494257
101208,ABSL Liquid Fund - Regular - Growth,2024-12-31,-0.7404595406850084
101208,ABSL Liquid Fund - Regular - Growth,2025-01-01,-0.6942950745497197
101208,ABSL Liquid Fund - Regular - Growth,2025-01-02,-1.006855444000304
101208,ABSL Liquid Fund - Regular - Growth,2025-01-03,-0.9846513831513075
101208,ABSL Liquid Fund - Regular - Growth,2025-01-06,-0.6911918017413408
101208,ABSL Liquid Fund - Regular - Growth,2025-01-07,-0.3619195758380075
101208,ABSL Liquid Fund - Regular - Growth,2025-01-08,-0.7710397765425074
101208,ABSL Liquid Fund - Regular - Growth,2025-01-09,-1.0305785365007534
101208,ABSL Liquid Fund - Regular - Growth,2025-01-10,-1.361608922024875
101208,ABSL Liquid Fund - Regular - Growth,2025-01-13,-1.395311752487629
101208,ABSL Liquid Fund - Regular - Growth,2025-01-14,-1.9438750663251263
101208,ABSL Liquid Fund - Regular - Growth,2025-01-15,-1.9710038413700253
101208,ABSL Liquid Fund - Regular - Growth,2025-01-16,-2.139907104510679
101208,ABSL Liquid Fund - Regular - Growth,2025-01-17,-2.3232219486759687
101208,ABSL Liquid Fund - Regular - Growth,2025-01-20,-2.443008415220872
101208,ABSL Liquid Fund - Regular - Growth,2025-01-21,-2.614430557573843
101208,ABSL Liquid Fund - Regular - Growth,2025-01-22,-2.4124157511938673
101208,ABSL Liquid Fund - Regular - Growth,2025-01-23,-2.4802191961784477
101208,ABSL Liquid Fund - Regular - Growth,2025-01-24,-2.2106015838946917
101208,ABSL Liquid Fund - Regular - Growth,2025-01-27,-1.776274797912368
101208,ABSL Liquid Fund - Regular - Growth,2025-01-28,-1.9327644546703278
101208,ABSL Liquid Fund - Regular - Growth,2025-01-29,-1.7596497252006178
101208,ABSL Liquid Fund - Regular - Growth,2025-01-30,-1.9105869896918584
101208,ABSL Liquid Fund - Regular - Growth,2025-01-31,-1.8693612392478707
101208,ABSL Liquid Fund - Regular - Growth,2025-02-03,-1.914498567018604
101208,ABSL Liquid Fund - Regular - Growth,2025-02-04,-1.8659832498425188
101208,ABSL Liquid Fund - Regular - Growth,2025-02-05,-2.0425146693831566
101208,ABSL Liquid Fund - Regular - Growth,2025-02-06,-2.0683112563455097
101208,ABSL Liquid Fund - Regular - Growth,2025-02-07,-1.5060584606556138
101208,ABSL Liquid Fund - Regular - Growth,2025-02-10,-1.9067045588188716
101208,ABSL Liquid Fund - Regular - Growth,2025-02-11,-1.8669836095783747
101208,ABSL Liquid Fund - Regular - Growth,2025-02-12,-1.5611679252679467
101208,ABSL Liquid Fund - Regular - Growth,2025-02-13,-1.5931067879525156
101208,ABSL Liquid Fund - Regular - Growth,2025-02-14,-1.6259770891274883
101208,ABSL Liquid Fund - Regular - Growth,2025-02-17,-1.9514893314979602
101208,ABSL Liquid Fund - Regular - Growth,2025-02-18,-1.9533206530411578
101208,ABSL Liquid Fund - Regular - Growth,2025-02-19,-1.8508935689665305
101208,ABSL Liquid Fund - Regular - Growth,2025-02-20,-2.2567138633213397
101208,ABSL Liquid Fund - Regular - Growth,2025-02-21,-2.378320841172406
101208,ABSL Liquid Fund - Regular - Growth,2025-02-24,-2.664535507383342
101208,ABSL Liquid Fund - Regular - Growth,2025-02-25,-2.6573633016180036
101208,ABSL Liquid Fund - Regular - Growth,2025-02-26,-2.4461615471609415
101208,ABSL Liquid Fund - Regular - Growth,2025-02-27,-2.685859816369466
101208,ABSL Liquid Fund - Regular - Growth,2025-02-28,-2.5767396372234814
101208,ABSL Liquid Fund - Regular - Growth,2025-03-03,-1.7945263975018257
101208,ABSL Liquid Fund - Regular - Growth,2025-03-04,-1.6981212909528647
101208,ABSL Liquid Fund - Regular - Growth,2025-03-05,-1.7024811505225
101208,ABSL Liquid Fund - Regular - Growth,2025-03-06,-1.4060278336251215
101208,ABSL Liquid Fund - Regular - Growth,2025-03-07,-1.516234802731283
101208,ABSL Liquid Fund - Regular - Growth,2025-03-10,-1.8059379255846844
101208,ABSL Liquid Fund - Regular - Growth,2025-03-11,-1.8270413232035854
101208,ABSL Liquid Fund - Regular - Growth,2025-03-12,-1.6190589417787329
101208,ABSL Liquid Fund - Regular - Growth,2025-03-13,-1.8369178849629781
101208,ABSL Liquid Fund - Regular - Growth,2025-03-14,-2.1327046893680937
101208,ABSL Liquid Fund - Regular - Growth,2025-03-17,-2.0821293108655277
101208,ABSL Liquid Fund - Regular - Growth,2025-03-18,-2.1637477537202123
101208,ABSL Liquid Fund - Regular - Growth,2025-03-19,-2.413360531513532
101208,ABSL Liquid Fund - Regular - Growth,2025-03-20,-2.5533568858511004
101208,ABSL Liquid Fund - Regular - Growth,2025-03-21,-2.785543356471618
101208,ABSL Liquid Fund - Regular - Growth,2025-03-24,-3.175365521227277
101208,ABSL Liquid Fund - Regular - Growth,2025-03-25,-3.1590415065183826
101208,ABSL Liquid Fund - Regular - Growth,2025-03-26,-3.543656874427462
101208,ABSL Liquid Fund - Regular - Growth,2025-03-27,-3.23993173098089
101208,ABSL Liquid Fund - Regular - Growth,2025-03-28,-3.409432777561989
101208,ABSL Liquid Fund - Regular - Growth,2025-03-31,-3.417456760120138
101208,ABSL Liquid Fund - Regular - Growth,2025-04-01,-3.419591036797282
101208,ABSL Liquid Fund - Regular - Growth,2025-04-02,-3.265002404264691
101208,ABSL Liquid Fund - Regular - Growth,2025-04-03,-3.034440177756539
101208,ABSL Liquid Fund - Regular - Growth,2025-04-04,-3.251825622409417
101208,ABSL Liquid Fund - Regular - Growth,2025-04-07,-3.3576879614763264
101208,ABSL Liquid Fund - Regular - Growth,2025-04-08,-3.0960685908842343
101208,ABSL Liquid Fund - Regular - Growth,2025-04-09,-2.930809910169582
101208,ABSL Liquid Fund - Regular - Growth,2025-04-10,-2.8201587095994527
101208,ABSL Liquid Fund - Regular - Growth,2025-04-11,-2.7410711470235363
101208,ABSL Liquid Fund - Regular - Growth,2025-04-14,-3.309894824632237
101208,ABSL Liquid Fund - Regular - Growth,2025-04-15,-3.1850208600371412
101208,ABSL Liquid Fund - Regular - Growth,2025-04-16,-3.102941782402052
101208,ABSL Liquid Fund - Regular - Growth,2025-04-17,-3.0521121907486513
101208,ABSL Liquid Fund - Regular - Growth,2025-04-18,-3.511132214017451
101208,ABSL Liquid Fund - Regular - Growth,2025-04-21,-3.368743286156206
101208,ABSL Liquid Fund - Regular - Growth,2025-04-22,-3.6063301270646146
101208,ABSL Liquid Fund - Regular - Growth,2025-04-23,-3.822084934905526
101208,ABSL Liquid Fund - Regular - Growth,2025-04-24,-4.169483798023825
101208,ABSL Liquid Fund - Regular - Growth,2025-04-25,-4.456260254953442
101208,ABSL Liquid Fund - Regular - Growth,2025-04-28,-4.267305378455664
101208,ABSL Liquid Fund - Regular - Growth,2025-04-29,-4.238731905218968
101208,ABSL Liquid Fund - Regular - Growth,2025-04-30,-4.319783885837657
101208,ABSL Liquid Fund - Regular - Growth,2025-05-01,-3.8610213752710165
101208,ABSL Liquid Fund - Regular - Growth,2025-05-02,-4.003635146418199
101208,ABSL Liquid Fund - Regular - Growth,2025-05-05,-4.062396291736861
101208,ABSL Liquid Fund - Regular - Growth,2025-05-06,-4.3351605973335765
101208,ABSL Liquid Fund - Regular - Growth,2025-05-07,-3.956975692042914
101208,ABSL Liquid Fund - Regular - Growth,2025-05-08,-3.9932781706488787
101208,ABSL Liquid Fund - Regular - Growth,2025-05-09,-4.0451065238887685
101208,ABSL Liquid Fund - Regular - Growth,2025-05-12,-3.873938265850859
101208,ABSL Liquid Fund - Regular - Growth,2025-05-13,-3.932179543428858
101208,ABSL Liquid Fund - Regular - Growth,2025-05-14,-3.9921799158797344
101208,ABSL Liquid Fund - Regular - Growth,2025-05-15,-4.0474599074742
101208,ABSL Liquid Fund - Regular - Growth,2025-05-16,-4.014320986090368
101208,ABSL Liquid Fund - Regular - Growth,2025-05-19,-3.6615001536346323
101208,ABSL Liquid Fund - Regular - Growth,2025-05-20,-3.5365632621910645
101208,ABSL Liquid Fund - Regular - Growth,2025-05-21,-3.4561771598864963
101208,ABSL Liquid Fund - Regular - Growth,2025-05-22,-3.4233594860846313
101208,ABSL Liquid Fund - Regular - Growth,2025-05-23,-2.943916649644374
101208,ABSL Liquid Fund - Regular - Growth,2025-05-26,-3.152606783603642
101208,ABSL Liquid Fund - Regular - Growth,2025-05-27,-2.9527960546171554
101208,ABSL Liquid Fund - Regular - Growth,2025-05-28,-3.389638548582511
101208,ABSL Liquid Fund - Regular - Growth,2025-05-29,-3.3041975139745388
101208,ABSL Liquid Fund - Regular - Growth,2025-05-30,-3.569785478766201
101208,ABSL Liquid Fund - Regular - Growth,2025-06-02,-3.597635665042989
101208,ABSL Liquid Fund - Regular - Growth,2025-06-03,-3.6355492264327145
101208,ABSL Liquid Fund - Regular - Growth,2025-06-04,-3.411526663746443
101208,ABSL Liquid Fund - Regular - Growth,2025-06-05,-3.4510986915273065
101208,ABSL Liquid Fund - Regular - Growth,2025-06-06,-3.3211171585150976
101208,ABSL Liquid Fund - Regular - Growth,2025-06-09,-2.8600194144485838
101208,ABSL Liquid Fund - Regular - Growth,2025-06-10,-2.727980480182432
101208,ABSL Liquid Fund - Regular - Growth,2025-06-11,-2.4783025532187875
101208,ABSL Liquid Fund - Regular - Growth,2025-06-12,-2.395708762198321
101208,ABSL Liquid Fund - Regular - Growth,2025-06-13,-3.031639443068288
101208,ABSL Liquid Fund - Regular - Growth,2025-06-16,-3.023359570517463
101208,ABSL Liquid Fund - Regular - Growth,2025-06-17,-2.925935436269712
101208,ABSL Liquid Fund - Regular - Growth,2025-06-18,-2.8909863642998492
101208,ABSL Liquid Fund - Regular - Growth,2025-06-19,-2.6935708493514214
101208,ABSL Liquid Fund - Regular - Growth,2025-06-20,-2.3823825544910373
101208,ABSL Liquid Fund - Regular - Growth,2025-06-23,-2.323667585747784
101208,ABSL Liquid Fund - Regular - Growth,2025-06-24,-2.519800078650284
101208,ABSL Liquid Fund - Regular - Growth,2025-06-25,-2.9950915836853813
101208,ABSL Liquid Fund - Regular - Growth,2025-06-26,-2.7378337542178524
101208,ABSL Liquid Fund - Regular - Growth,2025-06-27,-3.1243936257031555
101208,ABSL Liquid Fund - Regular - Growth,2025-06-30,-2.878316148465864
101208,ABSL Liquid Fund - Regular - Growth,2025-07-01,-3.0884759846022347
101208,ABSL Liquid Fund - Regular - Growth,2025-07-02,-3.2973482107079493
101208,ABSL Liquid Fund - Regular - Growth,2025-07-03,-3.201786070623243
101208,ABSL Liquid Fund - Regular - Growth,2025-07-04,-3.375605025272394
101208,ABSL Liquid Fund - Regular - Growth,2025-07-07,-3.8951955288281965
101208,ABSL Liquid Fund - Regular - Growth,2025-07-08,-3.968103477986335
101208,ABSL Liquid Fund - Regular - Growth,2025-07-09,-4.245363831665636
101208,ABSL Liquid Fund - Regular - Growth,2025-07-10,-4.712784542264247
101208,ABSL Liquid Fund - Regular - Growth,2025-07-11,-4.202730420300484
101208,ABSL Liquid Fund - Regular - Growth,2025-07-14,-3.704450882600808
101208,ABSL Liquid Fund - Regular - Growth,2025-07-15,-3.458597440182684
101208,ABSL Liquid Fund - Regular - Growth,2025-07-16,-3.5277179141205863
101208,ABSL Liquid Fund - Regular - Growth,2025-07-17,-3.4071994142853477
101208,ABSL Liquid Fund - Regular - Growth,2025-07-18,-3.427859863741119
101208,ABSL Liquid Fund - Regular - Growth,2025-07-21,-3.4275616665413478
101208,ABSL Liquid Fund - Regular - Growth,2025-07-22,-3.4642320714174413
101208,ABSL Liquid Fund - Regular - Growth,2025-07-23,-3.1533656670335413
101208,ABSL Liquid Fund - Regular - Growth,2025-07-24,-2.8295072432542905
101208,ABSL Liquid Fund - Regular - Growth,2025-07-25,-2.6903671718282314
101208,ABSL Liquid Fund - Regular - Growth,2025-07-28,-1.9381453553774988
101208,ABSL Liquid Fund - Regular - Growth,2025-07-29,-1.8062797950034017
101208,ABSL Liquid Fund - Regular - Growth,2025-07-30,-1.3740824715797075
101208,ABSL Liquid Fund - Regular - Growth,2025-07-31,-1.4845942950678994
101208,ABSL Liquid Fund - Regular - Growth,2025-08-01,-1.6156454182785178
101208,ABSL Liquid Fund - Regular - Growth,2025-08-04,-1.7662820139908872
101208,ABSL Liquid Fund - Regular - Growth,2025-08-05,-1.7019794784034694
101208,ABSL Liquid Fund - Regular - Growth,2025-08-06,-1.6618333695431449
101208,ABSL Liquid Fund - Regular - Growth,2025-08-07,-1.8188554555789007
101208,ABSL Liquid Fund - Regular - Growth,2025-08-08,-1.6938821982696748
101208,ABSL Liquid Fund - Regular - Growth,2025-08-11,-1.3655228474773617
101208,ABSL Liquid Fund - Regular - Growth,2025-08-12,-1.37227579348037
101208,ABSL Liquid Fund - Regular - Growth,2025-08-13,-1.2408736818691244
101208,ABSL Liquid Fund - Regular - Growth,2025-08-14,-1.3159892482201516
101208,ABSL Liquid Fund - Regular - Growth,2025-08-15,-1.7526993346902495
101208,ABSL Liquid Fund - Regular - Growth,2025-08-18,-1.9402374419018926
101208,ABSL Liquid Fund - Regular - Growth,2025-08-19,-2.255025640372761
101208,ABSL Liquid Fund - Regular - Growth,2025-08-20,-2.1649603597318645
101208,ABSL Liquid Fund - Regular - Growth,2025-08-21,-2.4036936383766823
101208,ABSL Liquid Fund - Regular - Growth,2025-08-22,-2.182421747601222
101208,ABSL Liquid Fund - Regular - Growth,2025-08-25,-1.9635817867462777
101208,ABSL Liquid Fund - Regular - Growth,2025-08-26,-1.8016805342533333
101208,ABSL Liquid Fund - Regular - Growth,2025-08-27,-1.4905698022234084
101208,ABSL Liquid Fund - Regular - Growth,2025-08-28,-1.015501863316604
101208,ABSL Liquid Fund - Regular - Growth,2025-08-29,-1.3587461577392228
101208,ABSL Liquid Fund - Regular - Growth,2025-09-01,-1.3596124972435095
101208,ABSL Liquid Fund - Regular - Growth,2025-09-02,-1.4488913755764654
101208,ABSL Liquid Fund - Regular - Growth,2025-09-03,-1.4353886805860012
101208,ABSL Liquid Fund - Regular - Growth,2025-09-04,-1.816381270693978
101208,ABSL Liquid Fund - Regular - Growth,2025-09-05,-1.1994397615537313
101208,ABSL Liquid Fund - Regular - Growth,2025-09-08,-1.508365521516792
101208,ABSL Liquid Fund - Regular - Growth,2025-09-09,-1.1479038909234263
101208,ABSL Liquid Fund - Regular - Growth,2025-09-10,-1.5666029594564106
101208,ABSL Liquid Fund - Regular - Growth,2025-09-11,-1.4982347843052812
101208,ABSL Liquid Fund - Regular - Growth,2025-09-12,-1.566995713637165
101208,ABSL Liquid Fund - Regular - Growth,2025-09-15,-1.7099984285201373
101208,ABSL Liquid Fund - Regular - Growth,2025-09-16,-2.0039337298041793
101208,ABSL Liquid Fund - Regular - Growth,2025-09-17,-1.6792803790879758
101208,ABSL Liquid Fund - Regular - Growth,2025-09-18,-0.919428007458431
101208,ABSL Liquid Fund - Regular - Growth,2025-09-19,-0.6599559248845034
101208,ABSL Liquid Fund - Regular - Growth,2025-09-22,-0.6287983334800605
101208,ABSL Liquid Fund - Regular - Growth,2025-09-23,-0.6628569392640179
101208,ABSL Liquid Fund - Regular - Growth,2025-09-24,-0.5287176075717784
101208,ABSL Liquid Fund - Regular - Growth,2025-09-25,-0.4213816707154775
101208,ABSL Liquid Fund - Regular - Growth,2025-09-26,-0.49324340800606536
101208,ABSL Liquid Fund - Regular - Growth,2025-09-29,-0.2854068883801887
101208,ABSL Liquid Fund - Regular - Growth,2025-09-30,-0.2442950705760029
101208,ABSL Liquid Fund - Regular - Growth,2025-10-01,-0.10972075770146279
101208,ABSL Liquid Fund - Regular - Growth,2025-10-02,-0.4244020052854016
101208,ABSL Liquid Fund - Regular - Growth,2025-10-03,-0.55882238974143
101208,ABSL Liquid Fund - Regular - Growth,2025-10-06,-0.6091283694050803
101208,ABSL Liquid Fund - Regular - Growth,2025-10-07,-0.2262606379333029
101208,ABSL Liquid Fund - Regular - Growth,2025-10-08,-0.11352848583428286
101208,ABSL Liquid Fund - Regular - Growth,2025-10-09,-0.14242734046213798
101208,ABSL Liquid Fund - Regular - Growth,2025-10-10,-0.6008374275264448
101208,ABSL Liquid Fund - Regular - Growth,2025-10-13,-0.7974716796644303
101208,ABSL Liquid Fund - Regular - Growth,2025-10-14,-0.949228909617872
101208,ABSL Liquid Fund - Regular - Growth,2025-10-15,-1.4938678161231216
101208,ABSL Liquid Fund - Regular - Growth,2025-10-16,-1.7358680672527054
101208,ABSL Liquid Fund - Regular - Growth,2025-10-17,-1.5774717686334212
101208,ABSL Liquid Fund - Regular - Growth,2025-10-20,-1.3282681952566464
101208,ABSL Liquid Fund - Regular - Growth,2025-10-21,-1.254511892348679
101208,ABSL Liquid Fund - Regular - Growth,2025-10-22,-1.5071244879175134
101208,ABSL Liquid Fund - Regular - Growth,2025-10-23,-1.2593136677566508
101208,ABSL Liquid Fund - Regular - Growth,2025-10-24,-1.2670527175974229
101208,ABSL Liquid Fund - Regular - Growth,2025-10-27,-1.0618192058878893
101208,ABSL Liquid Fund - Regular - Growth,2025-10-28,-0.8313520425651477
101208,ABSL Liquid Fund - Regular - Growth,2025-10-29,-0.6610807360873473
101208,ABSL Liquid Fund - Regular - Growth,2025-10-30,-0.5112106915289062
101208,ABSL Liquid Fund - Regular - Growth,2025-10-31,-0.3223793788402439
101208,ABSL Liquid Fund - Regular - Growth,2025-11-03,-0.056635982708060785
101208,ABSL Liquid Fund - Regular - Growth,2025-11-04,0.06990719374921855
101208,ABSL Liquid Fund - Regular - Growth,2025-11-05,0.36888038928248784
101208,ABSL Liquid Fund - Regular - Growth,2025-11-06,0.8408013777062724
101208,ABSL Liquid Fund - Regular - Growth,2025-11-07,0.8908702175645675
101208,ABSL Liquid Fund - Regular - Growth,2025-11-10,0.9329363916712395
101208,ABSL Liquid Fund - Regular - Growth,2025-11-11,0.9974108714361353
101208,ABSL Liquid Fund - Regular - Growth,2025-11-12,0.6836105803513732
101208,ABSL Liquid Fund - Regular - Growth,2025-11-13,0.6087927412096843
101208,ABSL Liquid Fund - Regular - Growth,2025-11-14,0.5725971503342548
101208,ABSL Liquid Fund - Regular - Growth,2025-11-17,0.5400933673347105
101208,ABSL Liquid Fund - Regular - Growth,2025-11-18,0.34276900921371295
101208,ABSL Liquid Fund - Regular - Growth,2025-11-19,0.4242164459348416
101208,ABSL Liquid Fund - Regular - Growth,2025-11-20,0.292335452349641
101208,ABSL Liquid Fund - Regular - Growth,2025-11-21,0.532621622294534
101208,ABSL Liquid Fund - Regular - Growth,2025-11-24,0.9527697138686129
101208,ABSL Liquid Fund - Regular - Growth,2025-11-25,1.2049602240573283
101208,ABSL Liquid Fund - Regular - Growth,2025-11-26,0.932876825819515
101208,ABSL Liquid Fund - Regular - Growth,2025-11-27,0.7863316327753643
101208,ABSL Liquid Fund - Regular - Growth,2025-11-28,1.02581640952556
101208,ABSL Liquid Fund - Regular - Growth,2025-12-01,0.4878023101886373
101208,ABSL Liquid Fund - Regular - Growth,2025-12-02,0.30997409990361297
101208,ABSL Liquid Fund - Regular - Growth,2025-12-03,0.3702371040831507
101208,ABSL Liquid Fund - Regular - Growth,2025-12-04,0.5456041665601438
101208,ABSL Liquid Fund - Regular - Growth,2025-12-05,0.871160986392957
101208,ABSL Liquid Fund - Regular - Growth,2025-12-08,0.9228575499790548
101208,ABSL Liquid Fund - Regular - Growth,2025-12-09,1.0234946709019528
101208,ABSL Liquid Fund - Regular - Growth,2025-12-10,1.102148207781498
101208,ABSL Liquid Fund - Regular - Growth,2025-12-11,1.0621403310354909
101208,ABSL Liquid Fund - Regular - Growth,2025-12-12,1.1637895896594919
101208,ABSL Liquid Fund - Regular - Growth,2025-12-15,1.1606336098744792
101208,ABSL Liquid Fund - Regular - Growth,2025-12-16,0.9837293490166318
101208,ABSL Liquid Fund - Regular - Growth,2025-12-17,1.3468912872987855
101208,ABSL Liquid Fund - Regular - Growth,2025-12-18,1.3703623978846382
101208,ABSL Liquid Fund - Regular - Growth,2025-12-19,1.7138736278184186
101208,ABSL Liquid Fund - Regular - Growth,2025-12-22,2.119092026971128
101208,ABSL Liquid Fund - Regular - Growth,2025-12-23,2.4383666842324527
101208,ABSL Liquid Fund - Regular - Growth,2025-12-24,2.2844000453445052
101208,ABSL Liquid Fund - Regular - Growth,2025-12-25,2.1655438356706123
101208,ABSL Liquid Fund - Regular - Growth,2025-12-26,2.169914436728937
101208,ABSL Liquid Fund - Regular - Growth,2025-12-29,2.3016659904402004
101208,ABSL Liquid Fund - Regular - Growth,2025-12-30,2.3733687737509115
101208,ABSL Liquid Fund - Regular - Growth,2025-12-31,2.150472503725419
101208,ABSL Liquid Fund - Regular - Growth,2026-01-01,2.0780254439277144
101208,ABSL Liquid Fund - Regular - Growth,2026-01-02,2.1322641077013818
101208,ABSL Liquid Fund - Regular - Growth,2026-01-05,2.2840725836018527
101208,ABSL Liquid Fund - Regular - Growth,2026-01-06,2.266407720746877
101208,ABSL Liquid Fund - Regular - Growth,2026-01-07,2.500056712477064
101208,ABSL Liquid Fund - Regular - Growth,2026-01-08,2.2767575685412114
101208,ABSL Liquid Fund - Regular - Growth,2026-01-09,1.7664517369639638
101208,ABSL Liquid Fund - Regular - Growth,2026-01-12,1.737472671569677
101208,ABSL Liquid Fund - Regular - Growth,2026-01-13,1.2805499353597027
101208,ABSL Liquid Fund - Regular - Growth,2026-01-14,1.4164296219491321
101208,ABSL Liquid Fund - Regular - Growth,2026-01-15,1.5741454801447423
101208,ABSL Liquid Fund - Regular - Growth,2026-01-16,1.341834051664536
101208,ABSL Liquid Fund - Regular - Growth,2026-01-19,1.669180424064402
101208,ABSL Liquid Fund - Regular - Growth,2026-01-20,1.9636383693686497
101208,ABSL Liquid Fund - Regular - Growth,2026-01-21,1.9563799053138196
101208,ABSL Liquid Fund - Regular - Growth,2026-01-22,1.6354375673061252
101208,ABSL Liquid Fund - Regular - Growth,2026-01-23,1.3112708711223926
101208,ABSL Liquid Fund - Regular - Growth,2026-01-26,1.295475224590235
101208,ABSL Liquid Fund - Regular - Growth,2026-01-27,1.4687015623658362
101208,ABSL Liquid Fund - Regular - Growth,2026-01-28,1.3652837607549257
101208,ABSL Liquid Fund - Regular - Growth,2026-01-29,1.4144330546246464
101208,ABSL Liquid Fund - Regular - Growth,2026-01-30,1.3019921073668919
101208,ABSL Liquid Fund - Regular - Growth,2026-02-02,1.3562345422399893
101208,ABSL Liquid Fund - Regular - Growth,2026-02-03,1.667324090573907
101208,ABSL Liquid Fund - Regular - Growth,2026-02-04,1.4675877185326371
101208,ABSL Liquid Fund - Regular - Growth,2026-02-05,1.5404205957572603
101208,ABSL Liquid Fund - Regular - Growth,2026-02-06,1.8761438886203414
101208,ABSL Liquid Fund - Regular - Growth,2026-02-09,1.472214601856243
101208,ABSL Liquid Fund - Regular - Growth,2026-02-10,1.4369375166168135
101208,ABSL Liquid Fund - Regular - Growth,2026-02-11,1.2437736543709765
101208,ABSL Liquid Fund - Regular - Growth,2026-02-12,1.4609439484432172
101208,ABSL Liquid Fund - Regular - Growth,2026-02-13,1.6850828890351794
101208,ABSL Liquid Fund - Regular - Growth,2026-02-16,1.5749425799047545
101208,ABSL Liquid Fund - Regular - Growth,2026-02-17,1.8021456332215031
101208,ABSL Liquid Fund - Regular - Growth,2026-02-18,2.140556523687596
101208,ABSL Liquid Fund - Regular - Growth,2026-02-19,1.972725773426236
101208,ABSL Liquid Fund - Regular - Growth,2026-02-20,2.0953822793030366
101208,ABSL Liquid Fund - Regular - Growth,2026-02-23,2.16980747147093
101208,ABSL Liquid Fund - Regular - Growth,2026-02-24,2.0680462658693175
101208,ABSL Liquid Fund - Regular - Growth,2026-02-25,2.2280013945681407
101208,ABSL Liquid Fund - Regular - Growth,2026-02-26,2.250715959139493
101208,ABSL Liquid Fund - Regular - Growth,2026-02-27,2.0916991612495814
101208,ABSL Liquid Fund - Regular - Growth,2026-03-02,2.065436020776795
101208,ABSL Liquid Fund - Regular - Growth,2026-03-03,1.7554345114245176
101208,ABSL Liquid Fund - Regular - Growth,2026-03-04,1.9804703845471607
101208,ABSL Liquid Fund - Regular - Growth,2026-03-05,2.0169000692083516
101208,ABSL Liquid Fund - Regular - Growth,2026-03-06,2.0157554609309916
101208,ABSL Liquid Fund - Regular - Growth,2026-03-09,1.8148919601725801
101208,ABSL Liquid Fund - Regular - Growth,2026-03-10,1.9602493458072319
101208,ABSL Liquid Fund - Regular - Growth,2026-03-11,1.4522990102353566
101208,ABSL Liquid Fund - Regular - Growth,2026-03-12,1.1303294041563265
101208,ABSL Liquid Fund - Regular - Growth,2026-03-13,1.1424119029574413
101208,ABSL Liquid Fund - Regular - Growth,2026-03-16,1.1050403279102543
101208,ABSL Liquid Fund - Regular - Growth,2026-03-17,1.1413170282756626
101208,ABSL Liquid Fund - Regular - Growth,2026-03-18,1.3307470201587386
101208,ABSL Liquid Fund - Regular - Growth,2026-03-19,1.3042265119654235
101208,ABSL Liquid Fund - Regular - Growth,2026-03-20,1.2624826420848307
101208,ABSL Liquid Fund - Regular - Growth,2026-03-23,0.9620699488498567
101208,ABSL Liquid Fund - Regular - Growth,2026-03-24,0.856916485770592
101208,ABSL Liquid Fund - Regular - Growth,2026-03-25,1.0074559062735922
101208,ABSL Liquid Fund - Regular - Growth,2026-03-26,1.1287142500365586
101208,ABSL Liquid Fund - Regular - Growth,2026-03-27,0.8172510008208159
101208,ABSL Liquid Fund - Regular - Growth,2026-03-30,0.4729519601857852
101208,ABSL Liquid Fund - Regular - Growth,2026-03-31,0.161050795586452
101208,ABSL Liquid Fund - Regular - Growth,2026-04-01,0.2525263506197452
101208,ABSL Liquid Fund - Regular - Growth,2026-04-02,0.2973554957147821
101208,ABSL Liquid Fund - Regular - Growth,2026-04-03,-0.0928373341321117
101208,ABSL Liquid Fund - Regular - Growth,2026-04-06,0.29147230623811893
101208,ABSL Liquid Fund - Regular - Growth,2026-04-07,0.5610269633520657
101208,ABSL Liquid Fund - Regular - Growth,2026-04-08,0.4823957543648966
101208,ABSL Liquid Fund - Regular - Growth,2026-04-09,0.32760628445775786
101208,ABSL Liquid Fund - Regular - Growth,2026-04-10,-0.04435000524969364
101208,ABSL Liquid Fund - Regular - Growth,2026-04-13,0.3051060713386569
101208,ABSL Liquid Fund - Regular - Growth,2026-04-14,0.19408015266483544
101208,ABSL Liquid Fund - Regular - Growth,2026-04-15,-0.0453238725945405
101208,ABSL Liquid Fund - Regular - Growth,2026-04-16,-0.08158908506623999
101208,ABSL Liquid Fund - Regular - Growth,2026-04-17,0.06712082459508632
101208,ABSL Liquid Fund - Regular - Growth,2026-04-20,0.14802643412941105
101208,ABSL Liquid Fund - Regular - Growth,2026-04-21,0.11655267890066016
101208,ABSL Liquid Fund - Regular - Growth,2026-04-22,-0.19233792416119544
101208,ABSL Liquid Fund - Regular - Growth,2026-04-23,-0.23191212879786446
101208,ABSL Liquid Fund - Regular - Growth,2026-04-24,-0.2407000795391024
101208,ABSL Liquid Fund - Regular - Growth,2026-04-27,-0.34543964885891554
101208,ABSL Liquid Fund - Regular - Growth,2026-04-28,-0.3084463844074744
101208,ABSL Liquid Fund - Regular - Growth,2026-04-29,-0.04135935289127092
101208,ABSL Liquid Fund - Regular - Growth,2026-04-30,0.498734714113133
101208,ABSL Liquid Fund - Regular - Growth,2026-05-01,0.21840603585454244
101208,ABSL Liquid Fund - Regular - Growth,2026-05-04,-0.41471841670837195
101208,ABSL Liquid Fund - Regular - Growth,2026-05-05,-0.6877384799356492
101208,ABSL Liquid Fund - Regular - Growth,2026-05-06,-0.26213338520167595
101208,ABSL Liquid Fund - Regular - Growth,2026-05-07,0.004069375533860947
101208,ABSL Liquid Fund - Regular - Growth,2026-05-08,-0.041355291750823496
101208,ABSL Liquid Fund - Regular - Growth,2026-05-11,-0.10855567125204117
101208,ABSL Liquid Fund - Regular - Growth,2026-05-12,-0.17147314941810873
101208,ABSL Liquid Fund - Regular - Growth,2026-05-13,-0.2095026553653514
101208,ABSL Liquid Fund - Regular - Growth,2026-05-14,0.23491067473046148
101208,ABSL Liquid Fund - Regular - Growth,2026-05-15,0.26297049442047127
101208,ABSL Liquid Fund - Regular - Growth,2026-05-18,0.2887143140385309
101208,ABSL Liquid Fund - Regular - Growth,2026-05-19,0.10863584746643574
101208,ABSL Liquid Fund - Regular - Growth,2026-05-20,0.45486821331484534
101208,ABSL Liquid Fund - Regular - Growth,2026-05-21,0.3447517838770934
101208,ABSL Liquid Fund - Regular - Growth,2026-05-22,0.29160984726762074
101208,ABSL Liquid Fund - Regular - Growth,2026-05-25,-0.0555545391956255
101208,ABSL Liquid Fund - Regular - Growth,2026-05-26,-0.02541234280232789
101208,ABSL Liquid Fund - Regular - Growth,2026-05-27,0.2556204149872255
101208,ABSL Liquid Fund - Regular - Growth,2026-05-28,0.037315481433176485
101208,ABSL Liquid Fund - Regular - Growth,2026-05-29,0.707626881822117
100025,HDFC Short Term Debt Fund - Regular - Growth,2022-01-03,
100025,HDFC Short Term Debt Fund - Regular - Growth,2022-01-04,
100025,HDFC Short Term Debt Fund - Regular - Growth,2022-01-05,
100025,HDFC Short Term Debt Fund - Regular - Growth,2022-01-06,
100025,HDFC Short Term Debt Fund - Regular - Growth,2022-01-07,
100025,HDFC Short Term Debt Fund - Regular - Growth,2022-01-10,
100025,HDFC Short Term Debt Fund - Regular - Growth,2022-01-11,
100025,HDFC Short Term Debt Fund - Regular - Growth,2022-01-12,
100025,HDFC Short Term Debt Fund - Regular - Growth,2022-01-13,
100025,HDFC Short Term Debt Fund - Regular - Growth,2022-01-14,
100025,HDFC Short Term Debt Fund - Regular - Growth,2022-01-17,
100025,HDFC Short Term Debt Fund - Regular - Growth,2022-01-18,
100025,HDFC Short Term Debt Fund - Regular - Growth,2022-01-19,
100025,HDFC Short Term Debt Fund - Regular - Growth,2022-01-20,
100025,HDFC Short Term Debt Fund - Regular - Growth,2022-01-21,
100025,HDFC Short Term Debt Fund - Regular - Growth,2022-01-24,
100025,HDFC Short Term Debt Fund - Regular - Growth,2022-01-25,
100025,HDFC Short Term Debt Fund - Regular - Growth,2022-01-26,
100025,HDFC Short Term Debt Fund - Regular - Growth,2022-01-27,
100025,HDFC Short Term Debt Fund - Regular - Growth,2022-01-28,
100025,HDFC Short Term Debt Fund - Regular - Growth,2022-01-31,
100025,HDFC Short Term Debt Fund - Regular - Growth,2022-02-01,
100025,HDFC Short Term Debt Fund - Regular - Growth,2022-02-02,
100025,HDFC Short Term Debt Fund - Regular - Growth,2022-02-03,
100025,HDFC Short Term Debt Fund - Regular - Growth,2022-02-04,
100025,HDFC Short Term Debt Fund - Regular - Growth,2022-02-07,
100025,HDFC Short Term Debt Fund - Regular - Growth,2022-02-08,
100025,HDFC Short Term Debt Fund - Regular - Growth,2022-02-09,
100025,HDFC Short Term Debt Fund - Regular - Growth,2022-02-10,
100025,HDFC Short Term Debt Fund - Regular - Growth,2022-02-11,
100025,HDFC Short Term Debt Fund - Regular - Growth,2022-02-14,
100025,HDFC Short Term Debt Fund - Regular - Growth,2022-02-15,
100025,HDFC Short Term Debt Fund - Regular - Growth,2022-02-16,
100025,HDFC Short Term Debt Fund - Regular - Growth,2022-02-17,
100025,HDFC Short Term Debt Fund - Regular - Growth,2022-02-18,
100025,HDFC Short Term Debt Fund - Regular - Growth,2022-02-21,
100025,HDFC Short Term Debt Fund - Regular - Growth,2022-02-22,
100025,HDFC Short Term Debt Fund - Regular - Growth,2022-02-23,
100025,HDFC Short Term Debt Fund - Regular - Growth,2022-02-24,
100025,HDFC Short Term Debt Fund - Regular - Growth,2022-02-25,
100025,HDFC Short Term Debt Fund - Regular - Growth,2022-02-28,
100025,HDFC Short Term Debt Fund - Regular - Growth,2022-03-01,
100025,HDFC Short Term Debt Fund - Regular - Growth,2022-03-02,
100025,HDFC Short Term Debt Fund - Regular - Growth,2022-03-03,
100025,HDFC Short Term Debt Fund - Regular - Growth,2022-03-04,
100025,HDFC Short Term Debt Fund - Regular - Growth,2022-03-07,
100025,HDFC Short Term Debt Fund - Regular - Growth,2022-03-08,
100025,HDFC Short Term Debt Fund - Regular - Growth,2022-03-09,
100025,HDFC Short Term Debt Fund - Regular - Growth,2022-03-10,
100025,HDFC Short Term Debt Fund - Regular - Growth,2022-03-11,
100025,HDFC Short Term Debt Fund - Regular - Growth,2022-03-14,
100025,HDFC Short Term Debt Fund - Regular - Growth,2022-03-15,
100025,HDFC Short Term Debt Fund - Regular - Growth,2022-03-16,
100025,HDFC Short Term Debt Fund - Regular - Growth,2022-03-17,
100025,HDFC Short Term Debt Fund - Regular - Growth,2022-03-18,
100025,HDFC Short Term Debt Fund - Regular - Growth,2022-03-21,
100025,HDFC Short Term Debt Fund - Regular - Growth,2022-03-22,
100025,HDFC Short Term Debt Fund - Regular - Growth,2022-03-23,
100025,HDFC Short Term Debt Fund - Regular - Growth,2022-03-24,
100025,HDFC Short Term Debt Fund - Regular - Growth,2022-03-25,
100025,HDFC Short Term Debt Fund - Regular - Growth,2022-03-28,
100025,HDFC Short Term Debt Fund - Regular - Growth,2022-03-29,
100025,HDFC Short Term Debt Fund - Regular - Growth,2022-03-30,
100025,HDFC Short Term Debt Fund - Regular - Growth,2022-03-31,
100025,HDFC Short Term Debt Fund - Regular - Growth,2022-04-01,
100025,HDFC Short Term Debt Fund - Regular - Growth,2022-04-04,
100025,HDFC Short Term Debt Fund - Regular - Growth,2022-04-05,
100025,HDFC Short Term Debt Fund - Regular - Growth,2022-04-06,
100025,HDFC Short Term Debt Fund - Regular - Growth,2022-04-07,
100025,HDFC Short Term Debt Fund - Regular - Growth,2022-04-08,
100025,HDFC Short Term Debt Fund - Regular - Growth,2022-04-11,
100025,HDFC Short Term Debt Fund - Regular - Growth,2022-04-12,
100025,HDFC Short Term Debt Fund - Regular - Growth,2022-04-13,
100025,HDFC Short Term Debt Fund - Regular - Growth,2022-04-14,
100025,HDFC Short Term Debt Fund - Regular - Growth,2022-04-15,
100025,HDFC Short Term Debt Fund - Regular - Growth,2022-04-18,
100025,HDFC Short Term Debt Fund - Regular - Growth,2022-04-19,
100025,HDFC Short Term Debt Fund - Regular - Growth,2022-04-20,
100025,HDFC Short Term Debt Fund - Regular - Growth,2022-04-21,
100025,HDFC Short Term Debt Fund - Regular - Growth,2022-04-22,
100025,HDFC Short Term Debt Fund - Regular - Growth,2022-04-25,
100025,HDFC Short Term Debt Fund - Regular - Growth,2022-04-26,
100025,HDFC Short Term Debt Fund - Regular - Growth,2022-04-27,
100025,HDFC Short Term Debt Fund - Regular - Growth,2022-04-28,
100025,HDFC Short Term Debt Fund - Regular - Growth,2022-04-29,
100025,HDFC Short Term Debt Fund - Regular - Growth,2022-05-02,
100025,HDFC Short Term Debt Fund - Regular - Growth,2022-05-03,
100025,HDFC Short Term Debt Fund - Regular - Growth,2022-05-04,
100025,HDFC Short Term Debt Fund - Regular - Growth,2022-05-05,
100025,HDFC Short Term Debt Fund - Regular - Growth,2022-05-06,
100025,HDFC Short Term Debt Fund - Regular - Growth,2022-05-09,0.6657362742392531
100025,HDFC Short Term Debt Fund - Regular - Growth,2022-05-10,0.8632230454832779
100025,HDFC Short Term Debt Fund - Regular - Growth,2022-05-11,0.8721223930500046
100025,HDFC Short Term Debt Fund - Regular - Growth,2022-05-12,0.9277986115078524
100025,HDFC Short Term Debt Fund - Regular - Growth,2022-05-13,0.889163179606918
100025,HDFC Short Term Debt Fund - Regular - Growth,2022-05-16,0.45009004363356264
100025,HDFC Short Term Debt Fund - Regular - Growth,2022-05-17,0.5042239749605173
100025,HDFC Short Term Debt Fund - Regular - Growth,2022-05-18,0.7074362903680323
100025,HDFC Short Term Debt Fund - Regular - Growth,2022-05-19,0.7118067935918078
100025,HDFC Short Term Debt Fund - Regular - Growth,2022-05-20,0.6400593245577733
100025,HDFC Short Term Debt Fund - Regular - Growth,2022-05-23,0.7146955050824716
100025,HDFC Short Term Debt Fund - Regular - Growth,2022-05-24,0.7013570195333505
100025,HDFC Short Term Debt Fund - Regular - Growth,2022-05-25,0.8343651736918123
100025,HDFC Short Term Debt Fund - Regular - Growth,2022-05-26,1.3330835392567044
100025,HDFC Short Term Debt Fund - Regular - Growth,2022-05-27,1.3233026870360716
100025,HDFC Short Term Debt Fund - Regular - Growth,2022-05-30,1.0915910694926896
100025,HDFC Short Term Debt Fund - Regular - Growth,2022-05-31,1.1974710313770955
100025,HDFC Short Term Debt Fund - Regular - Growth,2022-06-01,1.555151336036555
100025,HDFC Short Term Debt Fund - Regular - Growth,2022-06-02,1.7619934679782265
100025,HDFC Short Term Debt Fund - Regular - Growth,2022-06-03,1.7481387748959296
100025,HDFC Short Term Debt Fund - Regular - Growth,2022-06-06,1.6377219123216136
100025,HDFC Short Term Debt Fund - Regular - Growth,2022-06-07,1.4758036745671688
100025,HDFC Short Term Debt Fund - Regular - Growth,2022-06-08,1.2715658156520036
100025,HDFC Short Term Debt Fund - Regular - Growth,2022-06-09,1.2134151432952858
100025,HDFC Short Term Debt Fund - Regular - Growth,2022-06-10,1.1326780585822673
100025,HDFC Short Term Debt Fund - Regular - Growth,2022-06-13,0.880701718260031
100025,HDFC Short Term Debt Fund - Regular - Growth,2022-06-14,0.5351036672911424
100025,HDFC Short Term Debt Fund - Regular - Growth,2022-06-15,0.6038454089323407
100025,HDFC Short Term Debt Fund - Regular - Growth,2022-06-16,0.866523660897573
100025,HDFC Short Term Debt Fund - Regular - Growth,2022-06-17,1.0713483877474173
100025,HDFC Short Term Debt Fund - Regular - Growth,2022-06-20,0.7474139973473983
100025,HDFC Short Term Debt Fund - Regular - Growth,2022-06-21,0.580919766433432
100025,HDFC Short Term Debt Fund - Regular - Growth,2022-06-22,0.6683386811738813
100025,HDFC Short Term Debt Fund - Regular - Growth,2022-06-23,0.4549431014526713
100025,HDFC Short Term Debt Fund - Regular - Growth,2022-06-24,0.5937634088505724
100025,HDFC Short Term Debt Fund - Regular - Growth,2022-06-27,0.3840344088909895
100025,HDFC Short Term Debt Fund - Regular - Growth,2022-06-28,0.4319012703719988
100025,HDFC Short Term Debt Fund - Regular - Growth,2022-06-29,0.7353582770235678
100025,HDFC Short Term Debt Fund - Regular - Growth,2022-06-30,0.7508785179274633
100025,HDFC Short Term Debt Fund - Regular - Growth,2022-07-01,0.7157882264866935
100025,HDFC Short Term Debt Fund - Regular - Growth,2022-07-04,1.472862918902948
100025,HDFC Short Term Debt Fund - Regular - Growth,2022-07-05,1.1863539089886783
100025,HDFC Short Term Debt Fund - Regular - Growth,2022-07-06,0.6847918803040345
100025,HDFC Short Term Debt Fund - Regular - Growth,2022-07-07,0.8817628029275767
100025,HDFC Short Term Debt Fund - Regular - Growth,2022-07-08,0.8526593082170261
100025,HDFC Short Term Debt Fund - Regular - Growth,2022-07-11,1.0488498513295357
100025,HDFC Short Term Debt Fund - Regular - Growth,2022-07-12,1.0968258402807296
100025,HDFC Short Term Debt Fund - Regular - Growth,2022-07-13,0.9961500902933638
100025,HDFC Short Term Debt Fund - Regular - Growth,2022-07-14,0.8422376840280426
100025,HDFC Short Term Debt Fund - Regular - Growth,2022-07-15,1.091980790293615
100025,HDFC Short Term Debt Fund - Regular - Growth,2022-07-18,0.8857265628904768
100025,HDFC Short Term Debt Fund - Regular - Growth,2022-07-19,0.919585856043229
100025,HDFC Short Term Debt Fund - Regular - Growth,2022-07-20,0.442527276795607
100025,HDFC Short Term Debt Fund - Regular - Growth,2022-07-21,0.29535633755913715
100025,HDFC Short Term Debt Fund - Regular - Growth,2022-07-22,0.23587385716043963
100025,HDFC Short Term Debt Fund - Regular - Growth,2022-07-25,-0.03644371766241909
100025,HDFC Short Term Debt Fund - Regular - Growth,2022-07-26,-0.36669362660658816
100025,HDFC Short Term Debt Fund - Regular - Growth,2022-07-27,-0.19479796524112591
100025,HDFC Short Term Debt Fund - Regular - Growth,2022-07-28,-0.1758099456490938
100025,HDFC Short Term Debt Fund - Regular - Growth,2022-07-29,-0.18761930967259613
100025,HDFC Short Term Debt Fund - Regular - Growth,2022-08-01,0.12863261243064017
100025,HDFC Short Term Debt Fund - Regular - Growth,2022-08-02,0.359130697521191
100025,HDFC Short Term Debt Fund - Regular - Growth,2022-08-03,0.73227858317892
100025,HDFC Short Term Debt Fund - Regular - Growth,2022-08-04,0.855350427169611
100025,HDFC Short Term Debt Fund - Regular - Growth,2022-08-05,0.8591950859448968
100025,HDFC Short Term Debt Fund - Regular - Growth,2022-08-08,1.0490030142648032
100025,HDFC Short Term Debt Fund - Regular - Growth,2022-08-09,0.7212399601671446
100025,HDFC Short Term Debt Fund - Regular - Growth,2022-08-10,0.2885899909073693
100025,HDFC Short Term Debt Fund - Regular - Growth,2022-08-11,0.2175492693131009
100025,HDFC Short Term Debt Fund - Regular - Growth,2022-08-12,-0.008670135091873988
100025,HDFC Short Term Debt Fund - Regular - Growth,2022-08-15,-0.40662250942059475
100025,HDFC Short Term Debt Fund - Regular - Growth,2022-08-16,-0.48570751908530974
100025,HDFC Short Term Debt Fund - Regular - Growth,2022-08-17,-0.506869603481388
100025,HDFC Short Term Debt Fund - Regular - Growth,2022-08-18,-0.7726035861503705
100025,HDFC Short Term Debt Fund - Regular - Growth,2022-08-19,-0.5575301994234446
100025,HDFC Short Term Debt Fund - Regular - Growth,2022-08-22,-0.465224881021532
100025,HDFC Short Term Debt Fund - Regular - Growth,2022-08-23,-0.6716983811778121
100025,HDFC Short Term Debt Fund - Regular - Growth,2022-08-24,-0.3248189733948445
100025,HDFC Short Term Debt Fund - Regular - Growth,2022-08-25,-0.829733679969265
100025,HDFC Short Term Debt Fund - Regular - Growth,2022-08-26,-0.18452615792322477
100025,HDFC Short Term Debt Fund - Regular - Growth,2022-08-29,-0.1825716858501348
100025,HDFC Short Term Debt Fund - Regular - Growth,2022-08-30,-0.3496472094574967
100025,HDFC Short Term Debt Fund - Regular - Growth,2022-08-31,-0.7476178968117654
100025,HDFC Short Term Debt Fund - Regular - Growth,2022-09-01,-0.7501569976214955
100025,HDFC Short Term Debt Fund - Regular - Growth,2022-09-02,-0.7542396345176495
100025,HDFC Short Term Debt Fund - Regular - Growth,2022-09-05,-0.803402434639502
100025,HDFC Short Term Debt Fund - Regular - Growth,2022-09-06,-0.6359439121481804
100025,HDFC Short Term Debt Fund - Regular - Growth,2022-09-07,-0.7433973928380755
100025,HDFC Short Term Debt Fund - Regular - Growth,2022-09-08,-0.8410290079670311
100025,HDFC Short Term Debt Fund - Regular - Growth,2022-09-09,-0.7138240560016946
100025,HDFC Short Term Debt Fund - Regular - Growth,2022-09-12,-0.3595427387918733
100025,HDFC Short Term Debt Fund - Regular - Growth,2022-09-13,-0.3568412873771279
100025,HDFC Short Term Debt Fund - Regular - Growth,2022-09-14,-0.4206179183029323
100025,HDFC Short Term Debt Fund - Regular - Growth,2022-09-15,-0.16239051891335532
100025,HDFC Short Term Debt Fund - Regular - Growth,2022-09-16,-0.5422957958294254
100025,HDFC Short Term Debt Fund - Regular - Growth,2022-09-19,-0.79188082673841
100025,HDFC Short Term Debt Fund - Regular - Growth,2022-09-20,-0.7307498467563192
100025,HDFC Short Term Debt Fund - Regular - Growth,2022-09-21,-0.7510181397058175
100025,HDFC Short Term Debt Fund - Regular - Growth,2022-09-22,-0.9981593223677697
100025,HDFC Short Term Debt Fund - Regular - Growth,2022-09-23,-0.6160112588075727
100025,HDFC Short Term Debt Fund - Regular - Growth,2022-09-26,-0.9269402221686891
100025,HDFC Short Term Debt Fund - Regular - Growth,2022-09-27,-0.7619504689535298
100025,HDFC Short Term Debt Fund - Regular - Growth,2022-09-28,-0.9118881281212025
100025,HDFC Short Term Debt Fund - Regular - Growth,2022-09-29,-1.552761307608892
100025,HDFC Short Term Debt Fund - Regular - Growth,2022-09-30,-1.4377782304774724
100025,HDFC Short Term Debt Fund - Regular - Growth,2022-10-03,-1.2788267504194786
100025,HDFC Short Term Debt Fund - Regular - Growth,2022-10-04,-1.1300323450310803
100025,HDFC Short Term Debt Fund - Regular - Growth,2022-10-05,-1.4710546514828498
100025,HDFC Short Term Debt Fund - Regular - Growth,2022-10-06,-1.4638831571064435
100025,HDFC Short Term Debt Fund - Regular - Growth,2022-10-07,-1.6549547418319728
100025,HDFC Short Term Debt Fund - Regular - Growth,2022-10-10,-1.5622536227142074
100025,HDFC Short Term Debt Fund - Regular - Growth,2022-10-11,-1.6283445591937376
100025,HDFC Short Term Debt Fund - Regular - Growth,2022-10-12,-1.7253513770376052
100025,HDFC Short Term Debt Fund - Regular - Growth,2022-10-13,-1.8203205852436137
100025,HDFC Short Term Debt Fund - Regular - Growth,2022-10-14,-1.5870566656976415
100025,HDFC Short Term Debt Fund - Regular - Growth,2022-10-17,-1.7112025900819816
100025,HDFC Short Term Debt Fund - Regular - Growth,2022-10-18,-1.5268029482663095
100025,HDFC Short Term Debt Fund - Regular - Growth,2022-10-19,-1.787057999890888
100025,HDFC Short Term Debt Fund - Regular - Growth,2022-10-20,-2.0373354990327637
100025,HDFC Short Term Debt Fund - Regular - Growth,2022-10-21,-1.9529623687697735
100025,HDFC Short Term Debt Fund - Regular - Growth,2022-10-24,-2.1246014584584962
100025,HDFC Short Term Debt Fund - Regular - Growth,2022-10-25,-2.0284921450429594
100025,HDFC Short Term Debt Fund - Regular - Growth,2022-10-26,-1.9367120233212072
100025,HDFC Short Term Debt Fund - Regular - Growth,2022-10-27,-1.8041088890262136
100025,HDFC Short Term Debt Fund - Regular - Growth,2022-10-28,-1.42179190418769
100025,HDFC Short Term Debt Fund - Regular - Growth,2022-10-31,-1.462154834838201
100025,HDFC Short Term Debt Fund - Regular - Growth,2022-11-01,-1.0707314152957086
100025,HDFC Short Term Debt Fund - Regular - Growth,2022-11-02,-1.1602129018983736
100025,HDFC Short Term Debt Fund - Regular - Growth,2022-11-03,-1.5939999457027478
100025,HDFC Short Term Debt Fund - Regular - Growth,2022-11-04,-1.3610196379508173
100025,HDFC Short Term Debt Fund - Regular - Growth,2022-11-07,-1.8473249877505247
100025,HDFC Short Term Debt Fund - Regular - Growth,2022-11-08,-1.8922716366248578
100025,HDFC Short Term Debt Fund - Regular - Growth,2022-11-09,-1.873571335139121
100025,HDFC Short Term Debt Fund - Regular - Growth,2022-11-10,-1.9096393741146382
100025,HDFC Short Term Debt Fund - Regular - Growth,2022-11-11,-2.188622850228023
100025,HDFC Short Term Debt Fund - Regular - Growth,2022-11-14,-2.124570027254423
100025,HDFC Short Term Debt Fund - Regular - Growth,2022-11-15,-2.115104298735252
100025,HDFC Short Term Debt Fund - Regular - Growth,2022-11-16,-2.3717884570630905
100025,HDFC Short Term Debt Fund - Regular - Growth,2022-11-17,-2.143935687015946
100025,HDFC Short Term Debt Fund - Regular - Growth,2022-11-18,-2.0623563304210952
100025,HDFC Short Term Debt Fund - Regular - Growth,2022-11-21,-2.074504272655301
100025,HDFC Short Term Debt Fund - Regular - Growth,2022-11-22,-1.5441644043209233
100025,HDFC Short Term Debt Fund - Regular - Growth,2022-11-23,-1.4524607035959984
100025,HDFC Short Term Debt Fund - Regular - Growth,2022-11-24,-1.669451347767984
100025,HDFC Short Term Debt Fund - Regular - Growth,2022-11-25,-1.6897719909093167
100025,HDFC Short Term Debt Fund - Regular - Growth,2022-11-28,-1.8397470922782047
100025,HDFC Short Term Debt Fund - Regular - Growth,2022-11-29,-1.4787184884015105
100025,HDFC Short Term Debt Fund - Regular - Growth,2022-11-30,-1.4403365936756014
100025,HDFC Short Term Debt Fund - Regular - Growth,2022-12-01,-1.587397414530909
100025,HDFC Short Term Debt Fund - Regular - Growth,2022-12-02,-1.6687502757100454
100025,HDFC Short Term Debt Fund - Regular - Growth,2022-12-05,-1.9880976181728072
100025,HDFC Short Term Debt Fund - Regular - Growth,2022-12-06,-2.2901441036090704
100025,HDFC Short Term Debt Fund - Regular - Growth,2022-12-07,-2.4423279066471615
100025,HDFC Short Term Debt Fund - Regular - Growth,2022-12-08,-2.305641401935022
100025,HDFC Short Term Debt Fund - Regular - Growth,2022-12-09,-2.2516933299844974
100025,HDFC Short Term Debt Fund - Regular - Growth,2022-12-12,-2.2997126888733987
100025,HDFC Short Term Debt Fund - Regular - Growth,2022-12-13,-2.148818120987173
100025,HDFC Short Term Debt Fund - Regular - Growth,2022-12-14,-1.7110505605091435
100025,HDFC Short Term Debt Fund - Regular - Growth,2022-12-15,-1.7467605413968443
100025,HDFC Short Term Debt Fund - Regular - Growth,2022-12-16,-1.5054112832661641
100025,HDFC Short Term Debt Fund - Regular - Growth,2022-12-19,-1.1412477936139014
100025,HDFC Short Term Debt Fund - Regular - Growth,2022-12-20,-1.2494939607798559
100025,HDFC Short Term Debt Fund - Regular - Growth,2022-12-21,-1.3716574660997256
100025,HDFC Short Term Debt Fund - Regular - Growth,2022-12-22,-1.3379689230254026
100025,HDFC Short Term Debt Fund - Regular - Growth,2022-12-23,-1.335160056534474
100025,HDFC Short Term Debt Fund - Regular - Growth,2022-12-26,-1.7856122626857018
100025,HDFC Short Term Debt Fund - Regular - Growth,2022-12-27,-1.5295310502263795
100025,HDFC Short Term Debt Fund - Regular - Growth,2022-12-28,-1.7747249114802477
100025,HDFC Short Term Debt Fund - Regular - Growth,2022-12-29,-1.3300047771943797
100025,HDFC Short Term Debt Fund - Regular - Growth,2022-12-30,-1.8402552190386117
100025,HDFC Short Term Debt Fund - Regular - Growth,2023-01-02,-1.8054428443765462
100025,HDFC Short Term Debt Fund - Regular - Growth,2023-01-03,-1.6254420284555995
100025,HDFC Short Term Debt Fund - Regular - Growth,2023-01-04,-1.0755630239289593
100025,HDFC Short Term Debt Fund - Regular - Growth,2023-01-05,-1.1789401614377315
100025,HDFC Short Term Debt Fund - Regular - Growth,2023-01-06,-1.1869934900911723
100025,HDFC Short Term Debt Fund - Regular - Growth,2023-01-09,-1.1212655616802683
100025,HDFC Short Term Debt Fund - Regular - Growth,2023-01-10,-0.9621413463872903
100025,HDFC Short Term Debt Fund - Regular - Growth,2023-01-11,-0.8490920965188197
100025,HDFC Short Term Debt Fund - Regular - Growth,2023-01-12,-0.8217849244061106
100025,HDFC Short Term Debt Fund - Regular - Growth,2023-01-13,-1.1291711700136833
100025,HDFC Short Term Debt Fund - Regular - Growth,2023-01-16,-1.477922865141072
100025,HDFC Short Term Debt Fund - Regular - Growth,2023-01-17,-1.3117666298834796
100025,HDFC Short Term Debt Fund - Regular - Growth,2023-01-18,-1.1591519266502195
100025,HDFC Short Term Debt Fund - Regular - Growth,2023-01-19,-1.0608012483842393
100025,HDFC Short Term Debt Fund - Regular - Growth,2023-01-20,-0.5880317356829643
100025,HDFC Short Term Debt Fund - Regular - Growth,2023-01-23,-0.4342422593756018
100025,HDFC Short Term Debt Fund - Regular - Growth,2023-01-24,-0.3986072137621951
100025,HDFC Short Term Debt Fund - Regular - Growth,2023-01-25,-0.32248353121503887
100025,HDFC Short Term Debt Fund - Regular - Growth,2023-01-26,0.14817412139908392
100025,HDFC Short Term Debt Fund - Regular - Growth,2023-01-27,0.13812946477224053
100025,HDFC Short Term Debt Fund - Regular - Growth,2023-01-30,0.5907626116423618
100025,HDFC Short Term Debt Fund - Regular - Growth,2023-01-31,0.5775576535121565
100025,HDFC Short Term Debt Fund - Regular - Growth,2023-02-01,0.5074772267420462
100025,HDFC Short Term Debt Fund - Regular - Growth,2023-02-02,0.7517711739293395
100025,HDFC Short Term Debt Fund - Regular - Growth,2023-02-03,0.855408777627683
100025,HDFC Short Term Debt Fund - Regular - Growth,2023-02-06,0.5717358615836567
100025,HDFC Short Term Debt Fund - Regular - Growth,2023-02-07,0.3668242569790709
100025,HDFC Short Term Debt Fund - Regular - Growth,2023-02-08,-0.003835996413875534
100025,HDFC Short Term Debt Fund - Regular - Growth,2023-02-09,-0.016725774592677045
100025,HDFC Short Term Debt Fund - Regular - Growth,2023-02-10,-0.14815206533783667
100025,HDFC Short Term Debt Fund - Regular - Growth,2023-02-13,0.022406122246818688
100025,HDFC Short Term Debt Fund - Regular - Growth,2023-02-14,0.1672225873552028
100025,HDFC Short Term Debt Fund - Regular - Growth,2023-02-15,0.5931319476185501
100025,HDFC Short Term Debt Fund - Regular - Growth,2023-02-16,0.8284906395849798
100025,HDFC Short Term Debt Fund - Regular - Growth,2023-02-17,0.5022604342830691
100025,HDFC Short Term Debt Fund - Regular - Growth,2023-02-20,0.8306728955991288
100025,HDFC Short Term Debt Fund - Regular - Growth,2023-02-21,1.1191102785667526
100025,HDFC Short Term Debt Fund - Regular - Growth,2023-02-22,1.228230229394918
100025,HDFC Short Term Debt Fund - Regular - Growth,2023-02-23,1.1798082148128801
100025,HDFC Short Term Debt Fund - Regular - Growth,2023-02-24,0.6546012080778176
100025,HDFC Short Term Debt Fund - Regular - Growth,2023-02-27,0.6946573907804799
100025,HDFC Short Term Debt Fund - Regular - Growth,2023-02-28,0.6280163100821958
100025,HDFC Short Term Debt Fund - Regular - Growth,2023-03-01,0.5508125868110098
100025,HDFC Short Term Debt Fund - Regular - Growth,2023-03-02,0.27372028350478594
100025,HDFC Short Term Debt Fund - Regular - Growth,2023-03-03,-0.29420395831283147
100025,HDFC Short Term Debt Fund - Regular - Growth,2023-03-06,0.23387614787686922
100025,HDFC Short Term Debt Fund - Regular - Growth,2023-03-07,0.25985542240748627
100025,HDFC Short Term Debt Fund - Regular - Growth,2023-03-08,-0.020553498134993263
100025,HDFC Short Term Debt Fund - Regular - Growth,2023-03-09,0.18810446806697026
100025,HDFC Short Term Debt Fund - Regular - Growth,2023-03-10,-0.32340876553750214
100025,HDFC Short Term Debt Fund - Regular - Growth,2023-03-13,0.2726352083773478
100025,HDFC Short Term Debt Fund - Regular - Growth,2023-03-14,0.4141561469484457
100025,HDFC Short Term Debt Fund - Regular - Growth,2023-03-15,0.8154485113751622
100025,HDFC Short Term Debt Fund - Regular - Growth,2023-03-16,0.41491063894171576
100025,HDFC Short Term Debt Fund - Regular - Growth,2023-03-17,0.744460409417036
100025,HDFC Short Term Debt Fund - Regular - Growth,2023-03-20,0.6643261261732344
100025,HDFC Short Term Debt Fund - Regular - Growth,2023-03-21,0.8511083160759434
100025,HDFC Short Term Debt Fund - Regular - Growth,2023-03-22,1.102700013637231
100025,HDFC Short Term Debt Fund - Regular - Growth,2023-03-23,1.0446283255934352
100025,HDFC Short Term Debt Fund - Regular - Growth,2023-03-24,0.982322691034555
100025,HDFC Short Term Debt Fund - Regular - Growth,2023-03-27,1.3278949012878931
100025,HDFC Short Term Debt Fund - Regular - Growth,2023-03-28,0.8430706351203072
100025,HDFC Short Term Debt Fund - Regular - Growth,2023-03-29,0.7666312685332944
100025,HDFC Short Term Debt Fund - Regular - Growth,2023-03-30,1.0421233675339603
100025,HDFC Short Term Debt Fund - Regular - Growth,2023-03-31,0.908067484819796
100025,HDFC Short Term Debt Fund - Regular - Growth,2023-04-03,1.0652959554178483
100025,HDFC Short Term Debt Fund - Regular - Growth,2023-04-04,1.1156357544409117
100025,HDFC Short Term Debt Fund - Regular - Growth,2023-04-05,1.0880372658498687
100025,HDFC Short Term Debt Fund - Regular - Growth,2023-04-06,0.9052578246606318
100025,HDFC Short Term Debt Fund - Regular - Growth,2023-04-07,1.1316883707332668
100025,HDFC Short Term Debt Fund - Regular - Growth,2023-04-10,1.0193570107051615
100025,HDFC Short Term Debt Fund - Regular - Growth,2023-04-11,1.110920751926911
100025,HDFC Short Term Debt Fund - Regular - Growth,2023-04-12,1.0916899821542028
100025,HDFC Short Term Debt Fund - Regular - Growth,2023-04-13,1.0815211444634862
100025,HDFC Short Term Debt Fund - Regular - Growth,2023-04-14,0.6988656523064045
100025,HDFC Short Term Debt Fund - Regular - Growth,2023-04-17,0.43971320485937365
100025,HDFC Short Term Debt Fund - Regular - Growth,2023-04-18,0.03359263211761409
100025,HDFC Short Term Debt Fund - Regular - Growth,2023-04-19,-0.1817393539145395
100025,HDFC Short Term Debt Fund - Regular - Growth,2023-04-20,-0.007804527755572404
100025,HDFC Short Term Debt Fund - Regular - Growth,2023-04-21,-0.16852529690005238
100025,HDFC Short Term Debt Fund - Regular - Growth,2023-04-24,-0.48913117592373656
100025,HDFC Short Term Debt Fund - Regular - Growth,2023-04-25,-0.2003991231940278
100025,HDFC Short Term Debt Fund - Regular - Growth,2023-04-26,0.15962611016065498
100025,HDFC Short Term Debt Fund - Regular - Growth,2023-04-27,0.3674975352063903
100025,HDFC Short Term Debt Fund - Regular - Growth,2023-04-28,0.46107646717168915
100025,HDFC Short Term Debt Fund - Regular - Growth,2023-05-01,0.6153374412869771
100025,HDFC Short Term Debt Fund - Regular - Growth,2023-05-02,0.781931881917148
100025,HDFC Short Term Debt Fund - Regular - Growth,2023-05-03,1.176127854009514
100025,HDFC Short Term Debt Fund - Regular - Growth,2023-05-04,1.069536866890466
100025,HDFC Short Term Debt Fund - Regular - Growth,2023-05-05,0.7907598634876573
100025,HDFC Short Term Debt Fund - Regular - Growth,2023-05-08,0.725503229712679
100025,HDFC Short Term Debt Fund - Regular - Growth,2023-05-09,0.63687013162944
100025,HDFC Short Term Debt Fund - Regular - Growth,2023-05-10,0.31325829082358875
100025,HDFC Short Term Debt Fund - Regular - Growth,2023-05-11,0.6657242663377316
100025,HDFC Short Term Debt Fund - Regular - Growth,2023-05-12,0.7383555834455091
100025,HDFC Short Term Debt Fund - Regular - Growth,2023-05-15,0.5556169826028915
100025,HDFC Short Term Debt Fund - Regular - Growth,2023-05-16,0.49413573543190603
100025,HDFC Short Term Debt Fund - Regular - Growth,2023-05-17,0.37861152178323854
100025,HDFC Short Term Debt Fund - Regular - Growth,2023-05-18,0.11593119715290794
100025,HDFC Short Term Debt Fund - Regular - Growth,2023-05-19,0.3648763154031352
100025,HDFC Short Term Debt Fund - Regular - Growth,2023-05-22,0.6559504062415223
100025,HDFC Short Term Debt Fund - Regular - Growth,2023-05-23,0.9405481657827215
100025,HDFC Short Term Debt Fund - Regular - Growth,2023-05-24,0.5952342228339591
100025,HDFC Short Term Debt Fund - Regular - Growth,2023-05-25,0.013996873774983916
100025,HDFC Short Term Debt Fund - Regular - Growth,2023-05-26,-0.24183883976342294
100025,HDFC Short Term Debt Fund - Regular - Growth,2023-05-29,-0.45401697106498395
100025,HDFC Short Term Debt Fund - Regular - Growth,2023-05-30,-0.6805321056867654
100025,HDFC Short Term Debt Fund - Regular - Growth,2023-05-31,-0.4217307296894799
100025,HDFC Short Term Debt Fund - Regular - Growth,2023-06-01,-0.319296942168755
100025,HDFC Short Term Debt Fund - Regular - Growth,2023-06-02,-0.6131786324436528
100025,HDFC Short Term Debt Fund - Regular - Growth,2023-06-05,-0.8729989038103073
100025,HDFC Short Term Debt Fund - Regular - Growth,2023-06-06,-1.2224924433826478
100025,HDFC Short Term Debt Fund - Regular - Growth,2023-06-07,-1.1596618172799162
100025,HDFC Short Term Debt Fund - Regular - Growth,2023-06-08,-0.8880795672818963
100025,HDFC Short Term Debt Fund - Regular - Growth,2023-06-09,-0.8277541184367028
100025,HDFC Short Term Debt Fund - Regular - Growth,2023-06-12,-0.7581998069253831
100025,HDFC Short Term Debt Fund - Regular - Growth,2023-06-13,-0.6958218538054293
100025,HDFC Short Term Debt Fund - Regular - Growth,2023-06-14,-0.7440974949537206
100025,HDFC Short Term Debt Fund - Regular - Growth,2023-06-15,-1.0418455569656284
100025,HDFC Short Term Debt Fund - Regular - Growth,2023-06-16,-1.2226543725071872
100025,HDFC Short Term Debt Fund - Regular - Growth,2023-06-19,-1.5246295512166
100025,HDFC Short Term Debt Fund - Regular - Growth,2023-06-20,-1.3646135336797507
100025,HDFC Short Term Debt Fund - Regular - Growth,2023-06-21,-1.6472762278194255
100025,HDFC Short Term Debt Fund - Regular - Growth,2023-06-22,-1.7025034305182722
100025,HDFC Short Term Debt Fund - Regular - Growth,2023-06-23,-1.733562671349927
100025,HDFC Short Term Debt Fund - Regular - Growth,2023-06-26,-2.2179583513082464
100025,HDFC Short Term Debt Fund - Regular - Growth,2023-06-27,-2.312385310534048
100025,HDFC Short Term Debt Fund - Regular - Growth,2023-06-28,-2.527581629993454
100025,HDFC Short Term Debt Fund - Regular - Growth,2023-06-29,-2.535509222317194
100025,HDFC Short Term Debt Fund - Regular - Growth,2023-06-30,-2.526014737250075
100025,HDFC Short Term Debt Fund - Regular - Growth,2023-07-03,-2.3141475851408937
100025,HDFC Short Term Debt Fund - Regular - Growth,2023-07-04,-2.3298553172913428
100025,HDFC Short Term Debt Fund - Regular - Growth,2023-07-05,-2.3974274079192557
100025,HDFC Short Term Debt Fund - Regular - Growth,2023-07-06,-2.2128728992112707
100025,HDFC Short Term Debt Fund - Regular - Growth,2023-07-07,-1.7692508787044945
100025,HDFC Short Term Debt Fund - Regular - Growth,2023-07-10,-2.0442998199966573
100025,HDFC Short Term Debt Fund - Regular - Growth,2023-07-11,-2.34129547096138
100025,HDFC Short Term Debt Fund - Regular - Growth,2023-07-12,-2.349555192687118
100025,HDFC Short Term Debt Fund - Regular - Growth,2023-07-13,-2.748182560510648
100025,HDFC Short Term Debt Fund - Regular - Growth,2023-07-14,-2.5922158435334963
100025,HDFC Short Term Debt Fund - Regular - Growth,2023-07-17,-2.8044221042084585
100025,HDFC Short Term Debt Fund - Regular - Growth,2023-07-18,-2.640680145348258
100025,HDFC Short Term Debt Fund - Regular - Growth,2023-07-19,-3.1297966294409814
100025,HDFC Short Term Debt Fund - Regular - Growth,2023-07-20,-3.0540490214212297
100025,HDFC Short Term Debt Fund - Regular - Growth,2023-07-21,-3.274052751140033
100025,HDFC Short Term Debt Fund - Regular - Growth,2023-07-24,-3.27330752232429
100025,HDFC Short Term Debt Fund - Regular - Growth,2023-07-25,-3.459558919146575
100025,HDFC Short Term Debt Fund - Regular - Growth,2023-07-26,-3.658016303615848
100025,HDFC Short Term Debt Fund - Regular - Growth,2023-07-27,-3.5940590012048204
100025,HDFC Short Term Debt Fund - Regular - Growth,2023-07-28,-3.6391978949996693
100025,HDFC Short Term Debt Fund - Regular - Growth,2023-07-31,-3.607002109000994
100025,HDFC Short Term Debt Fund - Regular - Growth,2023-08-01,-3.5166003186556636
100025,HDFC Short Term Debt Fund - Regular - Growth,2023-08-02,-3.431129965060864
100025,HDFC Short Term Debt Fund - Regular - Growth,2023-08-03,-2.965398017500572
100025,HDFC Short Term Debt Fund - Regular - Growth,2023-08-04,-2.446440610354322
100025,HDFC Short Term Debt Fund - Regular - Growth,2023-08-07,-2.1978685295538787
100025,HDFC Short Term Debt Fund - Regular - Growth,2023-08-08,-2.78561872046458
100025,HDFC Short Term Debt Fund - Regular - Growth,2023-08-09,-2.5284095441830954
100025,HDFC Short Term Debt Fund - Regular - Growth,2023-08-10,-2.312887585520908
100025,HDFC Short Term Debt Fund - Regular - Growth,2023-08-11,-2.0905603593758406
100025,HDFC Short Term Debt Fund - Regular - Growth,2023-08-14,-1.7619768545670236
100025,HDFC Short Term Debt Fund - Regular - Growth,2023-08-15,-1.5174768829815468
100025,HDFC Short Term Debt Fund - Regular - Growth,2023-08-16,-1.352748853205258
100025,HDFC Short Term Debt Fund - Regular - Growth,2023-08-17,-1.260284416932458
100025,HDFC Short Term Debt Fund - Regular - Growth,2023-08-18,-0.7213780535942078
100025,HDFC Short Term Debt Fund - Regular - Growth,2023-08-21,-0.5649358304524182
100025,HDFC Short Term Debt Fund - Regular - Growth,2023-08-22,-0.5558477527760387
100025,HDFC Short Term Debt Fund - Regular - Growth,2023-08-23,-0.5629376151212571
100025,HDFC Short Term Debt Fund - Regular - Growth,2023-08-24,-0.6887125303697884
100025,HDFC Short Term Debt Fund - Regular - Growth,2023-08-25,-0.602874394928945
100025,HDFC Short Term Debt Fund - Regular - Growth,2023-08-28,-0.7088461049284585
100025,HDFC Short Term Debt Fund - Regular - Growth,2023-08-29,-1.0736755027409257
100025,HDFC Short Term Debt Fund - Regular - Growth,2023-08-30,-1.346020150359774
100025,HDFC Short Term Debt Fund - Regular - Growth,2023-08-31,-1.2091061310600952
100025,HDFC Short Term Debt Fund - Regular - Growth,2023-09-01,-1.067340782174448
100025,HDFC Short Term Debt Fund - Regular - Growth,2023-09-04,-0.7753923714995392
100025,HDFC Short Term Debt Fund - Regular - Growth,2023-09-05,-0.825030953656893
100025,HDFC Short Term Debt Fund - Regular - Growth,2023-09-06,-1.1767304587698364
100025,HDFC Short Term Debt Fund - Regular - Growth,2023-09-07,-1.5015449795025626
100025,HDFC Short Term Debt Fund - Regular - Growth,2023-09-08,-1.279797974515087
100025,HDFC Short Term Debt Fund - Regular - Growth,2023-09-11,-1.235530756305124
100025,HDFC Short Term Debt Fund - Regular - Growth,2023-09-12,-1.4052630286134766
100025,HDFC Short Term Debt Fund - Regular - Growth,2023-09-13,-1.3336701958004689
100025,HDFC Short Term Debt Fund - Regular - Growth,2023-09-14,-1.4692740323812092
100025,HDFC Short Term Debt Fund - Regular - Growth,2023-09-15,-1.4262576779114826
100025,HDFC Short Term Debt Fund - Regular - Growth,2023-09-18,-1.3632767760053157
100025,HDFC Short Term Debt Fund - Regular - Growth,2023-09-19,-1.6353978280218116
100025,HDFC Short Term Debt Fund - Regular - Growth,2023-09-20,-1.5769185039277598
100025,HDFC Short Term Debt Fund - Regular - Growth,2023-09-21,-1.5427948978576753
100025,HDFC Short Term Debt Fund - Regular - Growth,2023-09-22,-1.2668306115604206
100025,HDFC Short Term Debt Fund - Regular - Growth,2023-09-25,-1.536452641905766
100025,HDFC Short Term Debt Fund - Regular - Growth,2023-09-26,-1.813215124820352
100025,HDFC Short Term Debt Fund - Regular - Growth,2023-09-27,-1.5598749419172733
100025,HDFC Short Term Debt Fund - Regular - Growth,2023-09-28,-1.274866380141511
100025,HDFC Short Term Debt Fund - Regular - Growth,2023-09-29,-1.0858136386768573
100025,HDFC Short Term Debt Fund - Regular - Growth,2023-10-02,-0.9600073809984184
100025,HDFC Short Term Debt Fund - Regular - Growth,2023-10-03,-1.0563309845658522
100025,HDFC Short Term Debt Fund - Regular - Growth,2023-10-04,-1.1793098216914117
100025,HDFC Short Term Debt Fund - Regular - Growth,2023-10-05,-1.5312566992062349
100025,HDFC Short Term Debt Fund - Regular - Growth,2023-10-06,-1.4804640559995292
100025,HDFC Short Term Debt Fund - Regular - Growth,2023-10-09,-1.5602948066609736
100025,HDFC Short Term Debt Fund - Regular - Growth,2023-10-10,-1.2306418772126784
100025,HDFC Short Term Debt Fund - Regular - Growth,2023-10-11,-1.2511260847867622
100025,HDFC Short Term Debt Fund - Regular - Growth,2023-10-12,-1.2276079409257394
100025,HDFC Short Term Debt Fund - Regular - Growth,2023-10-13,-1.407217533354343
100025,HDFC Short Term Debt Fund - Regular - Growth,2023-10-16,-1.3495990429590192
100025,HDFC Short Term Debt Fund - Regular - Growth,2023-10-17,-1.2645610494723791
100025,HDFC Short Term Debt Fund - Regular - Growth,2023-10-18,-1.0023689665426037
100025,HDFC Short Term Debt Fund - Regular - Growth,2023-10-19,-0.6466144479279476
100025,HDFC Short Term Debt Fund - Regular - Growth,2023-10-20,-0.17490060651846867
100025,HDFC Short Term Debt Fund - Regular - Growth,2023-10-23,-0.08013732860093621
100025,HDFC Short Term Debt Fund - Regular - Growth,2023-10-24,-0.14674876439387244
100025,HDFC Short Term Debt Fund - Regular - Growth,2023-10-25,-0.31884701234701845
100025,HDFC Short Term Debt Fund - Regular - Growth,2023-10-26,-0.16901564015530912
100025,HDFC Short Term Debt Fund - Regular - Growth,2023-10-27,-0.19033693243400981
100025,HDFC Short Term Debt Fund - Regular - Growth,2023-10-30,0.3101033242057626
100025,HDFC Short Term Debt Fund - Regular - Growth,2023-10-31,-0.017029563223877473
100025,HDFC Short Term Debt Fund - Regular - Growth,2023-11-01,0.20868131912978516
100025,HDFC Short Term Debt Fund - Regular - Growth,2023-11-02,0.18388325078886944
100025,HDFC Short Term Debt Fund - Regular - Growth,2023-11-03,0.3385346356145625
100025,HDFC Short Term Debt Fund - Regular - Growth,2023-11-06,0.41870859083809486
100025,HDFC Short Term Debt Fund - Regular - Growth,2023-11-07,0.44356318914623977
100025,HDFC Short Term Debt Fund - Regular - Growth,2023-11-08,0.49143401792104174
100025,HDFC Short Term Debt Fund - Regular - Growth,2023-11-09,0.5168105767489233
100025,HDFC Short Term Debt Fund - Regular - Growth,2023-11-10,0.5115563339576661
100025,HDFC Short Term Debt Fund - Regular - Growth,2023-11-13,0.48221566179779707
100025,HDFC Short Term Debt Fund - Regular - Growth,2023-11-14,0.3912234444351995
100025,HDFC Short Term Debt Fund - Regular - Growth,2023-11-15,0.43783395049007934
100025,HDFC Short Term Debt Fund - Regular - Growth,2023-11-16,0.6889793578365258
100025,HDFC Short Term Debt Fund - Regular - Growth,2023-11-17,0.6090985154887953
100025,HDFC Short Term Debt Fund - Regular - Growth,2023-11-20,0.31657258504553804
100025,HDFC Short Term Debt Fund - Regular - Growth,2023-11-21,-0.08110971197335054
100025,HDFC Short Term Debt Fund - Regular - Growth,2023-11-22,0.17630435729470567
100025,HDFC Short Term Debt Fund - Regular - Growth,2023-11-23,0.4936612721450577
100025,HDFC Short Term Debt Fund - Regular - Growth,2023-11-24,0.531414765010001
100025,HDFC Short Term Debt Fund - Regular - Growth,2023-11-27,0.49369665909165084
100025,HDFC Short Term Debt Fund - Regular - Growth,2023-11-28,0.7484346598661518
100025,HDFC Short Term Debt Fund - Regular - Growth,2023-11-29,0.998668984179938
100025,HDFC Short Term Debt Fund - Regular - Growth,2023-11-30,0.8736967751580994
100025,HDFC Short Term Debt Fund - Regular - Growth,2023-12-01,0.9254146013924278
100025,HDFC Short Term Debt Fund - Regular - Growth,2023-12-04,0.5983608773433859
100025,HDFC Short Term Debt Fund - Regular - Growth,2023-12-05,0.6444345355984845
100025,HDFC Short Term Debt Fund - Regular - Growth,2023-12-06,0.6658368675708152
100025,HDFC Short Term Debt Fund - Regular - Growth,2023-12-07,0.3087262971687372
100025,HDFC Short Term Debt Fund - Regular - Growth,2023-12-08,-0.13018860790075978
100025,HDFC Short Term Debt Fund - Regular - Growth,2023-12-11,-0.44850154279709553
100025,HDFC Short Term Debt Fund - Regular - Growth,2023-12-12,0.18372949570046232
100025,HDFC Short Term Debt Fund - Regular - Growth,2023-12-13,-0.392455690171595
100025,HDFC Short Term Debt Fund - Regular - Growth,2023-12-14,-0.35150274533788267
100025,HDFC Short Term Debt Fund - Regular - Growth,2023-12-15,-0.8826076422690817
100025,HDFC Short Term Debt Fund - Regular - Growth,2023-12-18,-1.182476334836135
100025,HDFC Short Term Debt Fund - Regular - Growth,2023-12-19,-1.8047815420083522
100025,HDFC Short Term Debt Fund - Regular - Growth,2023-12-20,-2.0069939375825534
100025,HDFC Short Term Debt Fund - Regular - Growth,2023-12-21,-2.403140270727624
100025,HDFC Short Term Debt Fund - Regular - Growth,2023-12-22,-2.9587473503307105
100025,HDFC Short Term Debt Fund - Regular - Growth,2023-12-25,-2.619270772834784
100025,HDFC Short Term Debt Fund - Regular - Growth,2023-12-26,-2.276342033211936
100025,HDFC Short Term Debt Fund - Regular - Growth,2023-12-27,-2.375478470975178
100025,HDFC Short Term Debt Fund - Regular - Growth,2023-12-28,-2.6182568129814356
100025,HDFC Short Term Debt Fund - Regular - Growth,2023-12-29,-2.492041144731677
100025,HDFC Short Term Debt Fund - Regular - Growth,2024-01-01,-1.9179798157878574
100025,HDFC Short Term Debt Fund - Regular - Growth,2024-01-02,-1.5288298886697964
100025,HDFC Short Term Debt Fund - Regular - Growth,2024-01-03,-1.207837008197898
100025,HDFC Short Term Debt Fund - Regular - Growth,2024-01-04,-1.2556986319387042
100025,HDFC Short Term Debt Fund - Regular - Growth,2024-01-05,-1.2979136305684909
100025,HDFC Short Term Debt Fund - Regular - Growth,2024-01-08,-1.8997549405061713
100025,HDFC Short Term Debt Fund - Regular - Growth,2024-01-09,-1.9991200566253697
100025,HDFC Short Term Debt Fund - Regular - Growth,2024-01-10,-1.7448983921029306
100025,HDFC Short Term Debt Fund - Regular - Growth,2024-01-11,-1.673878011572488
100025,HDFC Short Term Debt Fund - Regular - Growth,2024-01-12,-1.7612520283755042
100025,HDFC Short Term Debt Fund - Regular - Growth,2024-01-15,-1.8826502866889179
100025,HDFC Short Term Debt Fund - Regular - Growth,2024-01-16,-1.929528745070401
100025,HDFC Short Term Debt Fund - Regular - Growth,2024-01-17,-2.0449772384523413
100025,HDFC Short Term Debt Fund - Regular - Growth,2024-01-18,-2.09178385957467
100025,HDFC Short Term Debt Fund - Regular - Growth,2024-01-19,-2.0886942207725134
100025,HDFC Short Term Debt Fund - Regular - Growth,2024-01-22,-1.7691114746487102
100025,HDFC Short Term Debt Fund - Regular - Growth,2024-01-23,-1.5759384387936424
100025,HDFC Short Term Debt Fund - Regular - Growth,2024-01-24,-1.6497210369638253
100025,HDFC Short Term Debt Fund - Regular - Growth,2024-01-25,-1.3453231883338748
100025,HDFC Short Term Debt Fund - Regular - Growth,2024-01-26,-1.485963087295296
100025,HDFC Short Term Debt Fund - Regular - Growth,2024-01-29,-1.3457078778973084
100025,HDFC Short Term Debt Fund - Regular - Growth,2024-01-30,-1.3548629041528897
100025,HDFC Short Term Debt Fund - Regular - Growth,2024-01-31,-1.4269047905853707
100025,HDFC Short Term Debt Fund - Regular - Growth,2024-02-01,-1.3172374271970435
100025,HDFC Short Term Debt Fund - Regular - Growth,2024-02-02,-1.6086150746084849
100025,HDFC Short Term Debt Fund - Regular - Growth,2024-02-05,-1.4058265837818555
100025,HDFC Short Term Debt Fund - Regular - Growth,2024-02-06,-1.5875997267490454
100025,HDFC Short Term Debt Fund - Regular - Growth,2024-02-07,-1.7299290277075035
100025,HDFC Short Term Debt Fund - Regular - Growth,2024-02-08,-1.7371170074020243
100025,HDFC Short Term Debt Fund - Regular - Growth,2024-02-09,-1.934074877395776
100025,HDFC Short Term Debt Fund - Regular - Growth,2024-02-12,-1.9754088033843251
100025,HDFC Short Term Debt Fund - Regular - Growth,2024-02-13,-2.1395838804195266
100025,HDFC Short Term Debt Fund - Regular - Growth,2024-02-14,-2.407285845197386
100025,HDFC Short Term Debt Fund - Regular - Growth,2024-02-15,-2.3292630668184335
100025,HDFC Short Term Debt Fund - Regular - Growth,2024-02-16,-2.2507676384144184
100025,HDFC Short Term Debt Fund - Regular - Growth,2024-02-19,-2.492754441173063
100025,HDFC Short Term Debt Fund - Regular - Growth,2024-02-20,-2.678441994971434
100025,HDFC Short Term Debt Fund - Regular - Growth,2024-02-21,-2.648292008516668
100025,HDFC Short Term Debt Fund - Regular - Growth,2024-02-22,-2.757638674600996
100025,HDFC Short Term Debt Fund - Regular - Growth,2024-02-23,-3.3453676549429385
100025,HDFC Short Term Debt Fund - Regular - Growth,2024-02-26,-3.1664978133616932
100025,HDFC Short Term Debt Fund - Regular - Growth,2024-02-27,-3.072375521569514
100025,HDFC Short Term Debt Fund - Regular - Growth,2024-02-28,-3.0523657251345857
100025,HDFC Short Term Debt Fund - Regular - Growth,2024-02-29,-3.008507018160294
100025,HDFC Short Term Debt Fund - Regular - Growth,2024-03-01,-2.952963391896103
100025,HDFC Short Term Debt Fund - Regular - Growth,2024-03-04,-2.8971129338781405
100025,HDFC Short Term Debt Fund - Regular - Growth,2024-03-05,-2.8250892082603474
100025,HDFC Short Term Debt Fund - Regular - Growth,2024-03-06,-3.0006797129453546
100025,HDFC Short Term Debt Fund - Regular - Growth,2024-03-07,-3.086950375233879
100025,HDFC Short Term Debt Fund - Regular - Growth,2024-03-08,-3.024725259965175
100025,HDFC Short Term Debt Fund - Regular - Growth,2024-03-11,-2.9682939733082536
100025,HDFC Short Term Debt Fund - Regular - Growth,2024-03-12,-3.2877326384434427
100025,HDFC Short Term Debt Fund - Regular - Growth,2024-03-13,-2.736340212524109
100025,HDFC Short Term Debt Fund - Regular - Growth,2024-03-14,-2.7383330639728105
100025,HDFC Short Term Debt Fund - Regular - Growth,2024-03-15,-3.1515053134530477
100025,HDFC Short Term Debt Fund - Regular - Growth,2024-03-18,-3.309477711623188
100025,HDFC Short Term Debt Fund - Regular - Growth,2024-03-19,-3.324243990691542
100025,HDFC Short Term Debt Fund - Regular - Growth,2024-03-20,-3.2899170167541496
100025,HDFC Short Term Debt Fund - Regular - Growth,2024-03-21,-3.3780569380321617
100025,HDFC Short Term Debt Fund - Regular - Growth,2024-03-22,-3.3015875990393013
100025,HDFC Short Term Debt Fund - Regular - Growth,2024-03-25,-3.14792651367573
100025,HDFC Short Term Debt Fund - Regular - Growth,2024-03-26,-2.4562073507228006
100025,HDFC Short Term Debt Fund - Regular - Growth,2024-03-27,-2.514730401227829
100025,HDFC Short Term Debt Fund - Regular - Growth,2024-03-28,-2.624840590383819
100025,HDFC Short Term Debt Fund - Regular - Growth,2024-03-29,-2.493287039203636
100025,HDFC Short Term Debt Fund - Regular - Growth,2024-04-01,-2.653855078686899
100025,HDFC Short Term Debt Fund - Regular - Growth,2024-04-02,-2.801844274891826
100025,HDFC Short Term Debt Fund - Regular - Growth,2024-04-03,-3.2052797677516454
100025,HDFC Short Term Debt Fund - Regular - Growth,2024-04-04,-3.5240155725104128
100025,HDFC Short Term Debt Fund - Regular - Growth,2024-04-05,-3.2501395524590366
100025,HDFC Short Term Debt Fund - Regular - Growth,2024-04-08,-3.2910936596085283
100025,HDFC Short Term Debt Fund - Regular - Growth,2024-04-09,-3.642412962725937
100025,HDFC Short Term Debt Fund - Regular - Growth,2024-04-10,-3.443289099407172
100025,HDFC Short Term Debt Fund - Regular - Growth,2024-04-11,-3.4356635286298225
100025,HDFC Short Term Debt Fund - Regular - Growth,2024-04-12,-3.071076298949468
100025,HDFC Short Term Debt Fund - Regular - Growth,2024-04-15,-2.648701287524734
100025,HDFC Short Term Debt Fund - Regular - Growth,2024-04-16,-2.8384608748607127
100025,HDFC Short Term Debt Fund - Regular - Growth,2024-04-17,-2.4316221146160477
100025,HDFC Short Term Debt Fund - Regular - Growth,2024-04-18,-2.7954917514083832
100025,HDFC Short Term Debt Fund - Regular - Growth,2024-04-19,-2.162181448633517
100025,HDFC Short Term Debt Fund - Regular - Growth,2024-04-22,-2.2612153637291543
100025,HDFC Short Term Debt Fund - Regular - Growth,2024-04-23,-1.812480532351871
100025,HDFC Short Term Debt Fund - Regular - Growth,2024-04-24,-1.6393103911216909
100025,HDFC Short Term Debt Fund - Regular - Growth,2024-04-25,-1.516275581894069
100025,HDFC Short Term Debt Fund - Regular - Growth,2024-04-26,-1.6302491753897406
100025,HDFC Short Term Debt Fund - Regular - Growth,2024-04-29,-1.9696247057535634
100025,HDFC Short Term Debt Fund - Regular - Growth,2024-04-30,-2.3550756118694065
100025,HDFC Short Term Debt Fund - Regular - Growth,2024-05-01,-2.1684453067371487
100025,HDFC Short Term Debt Fund - Regular - Growth,2024-05-02,-1.9709124916613705
100025,HDFC Short Term Debt Fund - Regular - Growth,2024-05-03,-2.063468498991915
100025,HDFC Short Term Debt Fund - Regular - Growth,2024-05-06,-2.7660641231306213
100025,HDFC Short Term Debt Fund - Regular - Growth,2024-05-07,-3.030016801823191
100025,HDFC Short Term Debt Fund - Regular - Growth,2024-05-08,-3.2994750140771827
100025,HDFC Short Term Debt Fund - Regular - Growth,2024-05-09,-3.365665502772711
100025,HDFC Short Term Debt Fund - Regular - Growth,2024-05-10,-3.624252409062383
100025,HDFC Short Term Debt Fund - Regular - Growth,2024-05-13,-3.35901873493398
100025,HDFC Short Term Debt Fund - Regular - Growth,2024-05-14,-3.3662498844527398
100025,HDFC Short Term Debt Fund - Regular - Growth,2024-05-15,-3.7631983652669465
100025,HDFC Short Term Debt Fund - Regular - Growth,2024-05-16,-3.4076695309328273
100025,HDFC Short Term Debt Fund - Regular - Growth,2024-05-17,-3.1498923298231625
100025,HDFC Short Term Debt Fund - Regular - Growth,2024-05-20,-2.9196907175648956
100025,HDFC Short Term Debt Fund - Regular - Growth,2024-05-21,-2.8212971585987416
100025,HDFC Short Term Debt Fund - Regular - Growth,2024-05-22,-2.3230520808869013
100025,HDFC Short Term Debt Fund - Regular - Growth,2024-05-23,-2.2726847219528015
100025,HDFC Short Term Debt Fund - Regular - Growth,2024-05-24,-2.618704135426761
100025,HDFC Short Term Debt Fund - Regular - Growth,2024-05-27,-2.797986647593927
100025,HDFC Short Term Debt Fund - Regular - Growth,2024-05-28,-2.4940894779203115
100025,HDFC Short Term Debt Fund - Regular - Growth,2024-05-29,-2.450735824123306
100025,HDFC Short Term Debt Fund - Regular - Growth,2024-05-30,-2.5029975280361603
100025,HDFC Short Term Debt Fund - Regular - Growth,2024-05-31,-2.558556383685622
100025,HDFC Short Term Debt Fund - Regular - Growth,2024-06-03,-2.9288622612522297
100025,HDFC Short Term Debt Fund - Regular - Growth,2024-06-04,-2.964253613747786
100025,HDFC Short Term Debt Fund - Regular - Growth,2024-06-05,-3.032557377233136
100025,HDFC Short Term Debt Fund - Regular - Growth,2024-06-06,-3.0300170231233587
100025,HDFC Short Term Debt Fund - Regular - Growth,2024-06-07,-2.774340281475638
100025,HDFC Short Term Debt Fund - Regular - Growth,2024-06-10,-2.7887598312041364
100025,HDFC Short Term Debt Fund - Regular - Growth,2024-06-11,-2.191033919972203
100025,HDFC Short Term Debt Fund - Regular - Growth,2024-06-12,-2.102966952113928
100025,HDFC Short Term Debt Fund - Regular - Growth,2024-06-13,-1.8649317568858037
100025,HDFC Short Term Debt Fund - Regular - Growth,2024-06-14,-1.6449753076619331
100025,HDFC Short Term Debt Fund - Regular - Growth,2024-06-17,-1.5021895629102684
100025,HDFC Short Term Debt Fund - Regular - Growth,2024-06-18,-1.2617373782607955
100025,HDFC Short Term Debt Fund - Regular - Growth,2024-06-19,-1.1086776823009945
100025,HDFC Short Term Debt Fund - Regular - Growth,2024-06-20,-1.2870077945182392
100025,HDFC Short Term Debt Fund - Regular - Growth,2024-06-21,-1.4969345856748408
100025,HDFC Short Term Debt Fund - Regular - Growth,2024-06-24,-1.1640090157314749
100025,HDFC Short Term Debt Fund - Regular - Growth,2024-06-25,-0.9546458498130098
100025,HDFC Short Term Debt Fund - Regular - Growth,2024-06-26,-0.7933018962167996
100025,HDFC Short Term Debt Fund - Regular - Growth,2024-06-27,-0.5494874069185707
100025,HDFC Short Term Debt Fund - Regular - Growth,2024-06-28,-0.47596151913116896
100025,HDFC Short Term Debt Fund - Regular - Growth,2024-07-01,-0.6709289760943754
100025,HDFC Short Term Debt Fund - Regular - Growth,2024-07-02,-0.6545332643845044
100025,HDFC Short Term Debt Fund - Regular - Growth,2024-07-03,-0.19658533563205163
100025,HDFC Short Term Debt Fund - Regular - Growth,2024-07-04,-0.15912940586705243
100025,HDFC Short Term Debt Fund - Regular - Growth,2024-07-05,0.18016313739012216
100025,HDFC Short Term Debt Fund - Regular - Growth,2024-07-08,0.14543881005358011
100025,HDFC Short Term Debt Fund - Regular - Growth,2024-07-09,0.06785802800721033
100025,HDFC Short Term Debt Fund - Regular - Growth,2024-07-10,0.030140710859422302
100025,HDFC Short Term Debt Fund - Regular - Growth,2024-07-11,0.20466282904127697
100025,HDFC Short Term Debt Fund - Regular - Growth,2024-07-12,0.24199751354497087
100025,HDFC Short Term Debt Fund - Regular - Growth,2024-07-15,-0.014589341151615172
100025,HDFC Short Term Debt Fund - Regular - Growth,2024-07-16,0.21310928425890502
100025,HDFC Short Term Debt Fund - Regular - Growth,2024-07-17,-0.12836134577436015
100025,HDFC Short Term Debt Fund - Regular - Growth,2024-07-18,-0.22501153666353468
100025,HDFC Short Term Debt Fund - Regular - Growth,2024-07-19,-0.05393619732008942
100025,HDFC Short Term Debt Fund - Regular - Growth,2024-07-22,0.16448431521966456
100025,HDFC Short Term Debt Fund - Regular - Growth,2024-07-23,0.27784913516925747
100025,HDFC Short Term Debt Fund - Regular - Growth,2024-07-24,0.23108930005252598
100025,HDFC Short Term Debt Fund - Regular - Growth,2024-07-25,0.17651680653248714
100025,HDFC Short Term Debt Fund - Regular - Growth,2024-07-26,0.4572205992957812
100025,HDFC Short Term Debt Fund - Regular - Growth,2024-07-29,0.6358252428263574
100025,HDFC Short Term Debt Fund - Regular - Growth,2024-07-30,-0.010336206523114233
100025,HDFC Short Term Debt Fund - Regular - Growth,2024-07-31,0.35136171537759925
100025,HDFC Short Term Debt Fund - Regular - Growth,2024-08-01,0.5029675236292762
100025,HDFC Short Term Debt Fund - Regular - Growth,2024-08-02,0.48015814397545536
100025,HDFC Short Term Debt Fund - Regular - Growth,2024-08-05,0.9711101555188209
100025,HDFC Short Term Debt Fund - Regular - Growth,2024-08-06,0.8859113420558133
100025,HDFC Short Term Debt Fund - Regular - Growth,2024-08-07,0.6889242016045056
100025,HDFC Short Term Debt Fund - Regular - Growth,2024-08-08,1.261541415332663
100025,HDFC Short Term Debt Fund - Regular - Growth,2024-08-09,1.1848681740611429
100025,HDFC Short Term Debt Fund - Regular - Growth,2024-08-12,1.2909825539346877
100025,HDFC Short Term Debt Fund - Regular - Growth,2024-08-13,1.6137867247421036
100025,HDFC Short Term Debt Fund - Regular - Growth,2024-08-14,1.1376902488506446
100025,HDFC Short Term Debt Fund - Regular - Growth,2024-08-15,1.38637105064249
100025,HDFC Short Term Debt Fund - Regular - Growth,2024-08-16,1.0447460762239824
100025,HDFC Short Term Debt Fund - Regular - Growth,2024-08-19,0.6298896300734269
100025,HDFC Short Term Debt Fund - Regular - Growth,2024-08-20,0.7328810644926212
100025,HDFC Short Term Debt Fund - Regular - Growth,2024-08-21,0.6657787415759648
100025,HDFC Short Term Debt Fund - Regular - Growth,2024-08-22,0.8448741723498565
100025,HDFC Short Term Debt Fund - Regular - Growth,2024-08-23,0.28129685385519915
100025,HDFC Short Term Debt Fund - Regular - Growth,2024-08-26,0.31860561642830365
100025,HDFC Short Term Debt Fund - Regular - Growth,2024-08-27,-0.10857856957331194
100025,HDFC Short Term Debt Fund - Regular - Growth,2024-08-28,-0.32161852124191975
100025,HDFC Short Term Debt Fund - Regular - Growth,2024-08-29,-0.16908383796960022
100025,HDFC Short Term Debt Fund - Regular - Growth,2024-08-30,-0.038165922658211414
100025,HDFC Short Term Debt Fund - Regular - Growth,2024-09-02,0.1609461207458329
100025,HDFC Short Term Debt Fund - Regular - Growth,2024-09-03,0.8864610266497763
100025,HDFC Short Term Debt Fund - Regular - Growth,2024-09-04,0.7217911431682064
100025,HDFC Short Term Debt Fund - Regular - Growth,2024-09-05,0.615136878976095
100025,HDFC Short Term Debt Fund - Regular - Growth,2024-09-06,0.9913687459490143
100025,HDFC Short Term Debt Fund - Regular - Growth,2024-09-09,1.9438402791301346
100025,HDFC Short Term Debt Fund - Regular - Growth,2024-09-10,1.8435761072738996
100025,HDFC Short Term Debt Fund - Regular - Growth,2024-09-11,2.0823792041987583
100025,HDFC Short Term Debt Fund - Regular - Growth,2024-09-12,2.0239213704933667
100025,HDFC Short Term Debt Fund - Regular - Growth,2024-09-13,2.125231014704187
100025,HDFC Short Term Debt Fund - Regular - Growth,2024-09-16,1.9997516940323237
100025,HDFC Short Term Debt Fund - Regular - Growth,2024-09-17,1.6957873372954757
100025,HDFC Short Term Debt Fund - Regular - Growth,2024-09-18,1.7743282969722434
100025,HDFC Short Term Debt Fund - Regular - Growth,2024-09-19,1.534586428408079
100025,HDFC Short Term Debt Fund - Regular - Growth,2024-09-20,1.598644918415277
100025,HDFC Short Term Debt Fund - Regular - Growth,2024-09-23,1.2724777109575074
100025,HDFC Short Term Debt Fund - Regular - Growth,2024-09-24,1.18167849664175
100025,HDFC Short Term Debt Fund - Regular - Growth,2024-09-25,0.4645074616696277
100025,HDFC Short Term Debt Fund - Regular - Growth,2024-09-26,0.5634795748171678
100025,HDFC Short Term Debt Fund - Regular - Growth,2024-09-27,1.000893150133963
100025,HDFC Short Term Debt Fund - Regular - Growth,2024-09-30,0.8873653249556805
100025,HDFC Short Term Debt Fund - Regular - Growth,2024-10-01,0.6834466653488847
100025,HDFC Short Term Debt Fund - Regular - Growth,2024-10-02,0.8892319465182604
100025,HDFC Short Term Debt Fund - Regular - Growth,2024-10-03,0.9588998811516366
100025,HDFC Short Term Debt Fund - Regular - Growth,2024-10-04,0.9638677031543699
100025,HDFC Short Term Debt Fund - Regular - Growth,2024-10-07,1.3326380026980464
100025,HDFC Short Term Debt Fund - Regular - Growth,2024-10-08,0.9255237155783098
100025,HDFC Short Term Debt Fund - Regular - Growth,2024-10-09,0.778580206954452
100025,HDFC Short Term Debt Fund - Regular - Growth,2024-10-10,0.6882043891794485
100025,HDFC Short Term Debt Fund - Regular - Growth,2024-10-11,0.37301321944442073
100025,HDFC Short Term Debt Fund - Regular - Growth,2024-10-14,0.3729633427286754
100025,HDFC Short Term Debt Fund - Regular - Growth,2024-10-15,-0.06866823773530989
100025,HDFC Short Term Debt Fund - Regular - Growth,2024-10-16,-0.24399114640908356
100025,HDFC Short Term Debt Fund - Regular - Growth,2024-10-17,-0.6009141814481698
100025,HDFC Short Term Debt Fund - Regular - Growth,2024-10-18,-0.44368454654225753
100025,HDFC Short Term Debt Fund - Regular - Growth,2024-10-21,-0.24851252027746393
100025,HDFC Short Term Debt Fund - Regular - Growth,2024-10-22,-0.06087362488208773
100025,HDFC Short Term Debt Fund - Regular - Growth,2024-10-23,0.15713742681902382
100025,HDFC Short Term Debt Fund - Regular - Growth,2024-10-24,0.15574352718101903
100025,HDFC Short Term Debt Fund - Regular - Growth,2024-10-25,0.662498449338123
100025,HDFC Short Term Debt Fund - Regular - Growth,2024-10-28,0.6095595735373327
100025,HDFC Short Term Debt Fund - Regular - Growth,2024-10-29,0.5895932382153861
100025,HDFC Short Term Debt Fund - Regular - Growth,2024-10-30,0.35765951228601645
100025,HDFC Short Term Debt Fund - Regular - Growth,2024-10-31,-0.3474906479358129
100025,HDFC Short Term Debt Fund - Regular - Growth,2024-11-01,0.00151466951071173
100025,HDFC Short Term Debt Fund - Regular - Growth,2024-11-04,0.30620435181667344
100025,HDFC Short Term Debt Fund - Regular - Growth,2024-11-05,0.2874148980725903
100025,HDFC Short Term Debt Fund - Regular - Growth,2024-11-06,0.07341139074075888
100025,HDFC Short Term Debt Fund - Regular - Growth,2024-11-07,-0.035822812178713005
100025,HDFC Short Term Debt Fund - Regular - Growth,2024-11-08,-0.3488208604687052
100025,HDFC Short Term Debt Fund - Regular - Growth,2024-11-11,-0.19416627057547692
100025,HDFC Short Term Debt Fund - Regular - Growth,2024-11-12,-0.3467162450613375
100025,HDFC Short Term Debt Fund - Regular - Growth,2024-11-13,-0.17772093866183603
100025,HDFC Short Term Debt Fund - Regular - Growth,2024-11-14,-0.06364214731371814
100025,HDFC Short Term Debt Fund - Regular - Growth,2024-11-15,-0.08576989086060191
100025,HDFC Short Term Debt Fund - Regular - Growth,2024-11-18,-0.05560240335895847
100025,HDFC Short Term Debt Fund - Regular - Growth,2024-11-19,-0.21229471314928294
100025,HDFC Short Term Debt Fund - Regular - Growth,2024-11-20,-0.3625873444526538
100025,HDFC Short Term Debt Fund - Regular - Growth,2024-11-21,-0.1787746806547496
100025,HDFC Short Term Debt Fund - Regular - Growth,2024-11-22,-0.22751099816418394
100025,HDFC Short Term Debt Fund - Regular - Growth,2024-11-25,-0.5720160960433768
100025,HDFC Short Term Debt Fund - Regular - Growth,2024-11-26,-0.44638160496346313
100025,HDFC Short Term Debt Fund - Regular - Growth,2024-11-27,-0.4105895378160626
100025,HDFC Short Term Debt Fund - Regular - Growth,2024-11-28,-0.20859440889512657
100025,HDFC Short Term Debt Fund - Regular - Growth,2024-11-29,-0.6884998264445742
100025,HDFC Short Term Debt Fund - Regular - Growth,2024-12-02,-0.941639154474507
100025,HDFC Short Term Debt Fund - Regular - Growth,2024-12-03,-0.4777177301147796
100025,HDFC Short Term Debt Fund - Regular - Growth,2024-12-04,-0.6132383083536542
100025,HDFC Short Term Debt Fund - Regular - Growth,2024-12-05,-0.8569195623215738
100025,HDFC Short Term Debt Fund - Regular - Growth,2024-12-06,-0.9014341135045764
100025,HDFC Short Term Debt Fund - Regular - Growth,2024-12-09,-1.123283473325687
100025,HDFC Short Term Debt Fund - Regular - Growth,2024-12-10,-1.0800784713644223
100025,HDFC Short Term Debt Fund - Regular - Growth,2024-12-11,-0.8394582663403751
100025,HDFC Short Term Debt Fund - Regular - Growth,2024-12-12,-0.6967177494856268
100025,HDFC Short Term Debt Fund - Regular - Growth,2024-12-13,-0.5572742292076311
100025,HDFC Short Term Debt Fund - Regular - Growth,2024-12-16,-0.36807381911328896
100025,HDFC Short Term Debt Fund - Regular - Growth,2024-12-17,-0.46589241236233125
100025,HDFC Short Term Debt Fund - Regular - Growth,2024-12-18,-0.03237077754823185
100025,HDFC Short Term Debt Fund - Regular - Growth,2024-12-19,-0.16169123322728193
100025,HDFC Short Term Debt Fund - Regular - Growth,2024-12-20,0.20755435954911275
100025,HDFC Short Term Debt Fund - Regular - Growth,2024-12-23,0.5666159082196636
100025,HDFC Short Term Debt Fund - Regular - Growth,2024-12-24,0.39189499011332923
100025,HDFC Short Term Debt Fund - Regular - Growth,2024-12-25,0.10428138904114716
100025,HDFC Short Term Debt Fund - Regular - Growth,2024-12-26,-0.05834876998295747
100025,HDFC Short Term Debt Fund - Regular - Growth,2024-12-27,0.2634119881125545
100025,HDFC Short Term Debt Fund - Regular - Growth,2024-12-30,0.06290398266411613
100025,HDFC Short Term Debt Fund - Regular - Growth,2024-12-31,0.34669483342489943
100025,HDFC Short Term Debt Fund - Regular - Growth,2025-01-01,0.4557107310192164
100025,HDFC Short Term Debt Fund - Regular - Growth,2025-01-02,0.4713398450726459
100025,HDFC Short Term Debt Fund - Regular - Growth,2025-01-03,0.5056884232745865
100025,HDFC Short Term Debt Fund - Regular - Growth,2025-01-06,0.09698716746239092
100025,HDFC Short Term Debt Fund - Regular - Growth,2025-01-07,-0.3506198444438729
100025,HDFC Short Term Debt Fund - Regular - Growth,2025-01-08,-0.4577489259190503
100025,HDFC Short Term Debt Fund - Regular - Growth,2025-01-09,-0.5217869900501488
100025,HDFC Short Term Debt Fund - Regular - Growth,2025-01-10,-0.9869482049286651
100025,HDFC Short Term Debt Fund - Regular - Growth,2025-01-13,-1.494623588098244
100025,HDFC Short Term Debt Fund - Regular - Growth,2025-01-14,-0.8933722895641275
100025,HDFC Short Term Debt Fund - Regular - Growth,2025-01-15,-1.2101903516726307
100025,HDFC Short Term Debt Fund - Regular - Growth,2025-01-16,-0.9423004664146283
100025,HDFC Short Term Debt Fund - Regular - Growth,2025-01-17,-0.8703023639916468
100025,HDFC Short Term Debt Fund - Regular - Growth,2025-01-20,-0.5622088732204829
100025,HDFC Short Term Debt Fund - Regular - Growth,2025-01-21,-0.5358417501957365
100025,HDFC Short Term Debt Fund - Regular - Growth,2025-01-22,-0.3467665400899889
100025,HDFC Short Term Debt Fund - Regular - Growth,2025-01-23,-0.47444370326284707
100025,HDFC Short Term Debt Fund - Regular - Growth,2025-01-24,-0.456249148036584
100025,HDFC Short Term Debt Fund - Regular - Growth,2025-01-27,-0.2535008776341718
100025,HDFC Short Term Debt Fund - Regular - Growth,2025-01-28,-0.21419339595945616
100025,HDFC Short Term Debt Fund - Regular - Growth,2025-01-29,-0.11009065460071822
100025,HDFC Short Term Debt Fund - Regular - Growth,2025-01-30,-0.7439672831946051
100025,HDFC Short Term Debt Fund - Regular - Growth,2025-01-31,-1.1731792170136772
100025,HDFC Short Term Debt Fund - Regular - Growth,2025-02-03,-0.9005138239093051
100025,HDFC Short Term Debt Fund - Regular - Growth,2025-02-04,-0.9194559452979971
100025,HDFC Short Term Debt Fund - Regular - Growth,2025-02-05,-1.0345668699649726
100025,HDFC Short Term Debt Fund - Regular - Growth,2025-02-06,-1.1985437954043838
100025,HDFC Short Term Debt Fund - Regular - Growth,2025-02-07,-0.9206050835855772
100025,HDFC Short Term Debt Fund - Regular - Growth,2025-02-10,-0.5488319369647647
100025,HDFC Short Term Debt Fund - Regular - Growth,2025-02-11,-0.43721870180003825
100025,HDFC Short Term Debt Fund - Regular - Growth,2025-02-12,-0.5784823137394687
100025,HDFC Short Term Debt Fund - Regular - Growth,2025-02-13,-0.16302123189035844
100025,HDFC Short Term Debt Fund - Regular - Growth,2025-02-14,0.33588211736803264
100025,HDFC Short Term Debt Fund - Regular - Growth,2025-02-17,0.33490304521016556
100025,HDFC Short Term Debt Fund - Regular - Growth,2025-02-18,0.2124802250938911
100025,HDFC Short Term Debt Fund - Regular - Growth,2025-02-19,0.5522250169877446
100025,HDFC Short Term Debt Fund - Regular - Growth,2025-02-20,0.736793615797394
100025,HDFC Short Term Debt Fund - Regular - Growth,2025-02-21,0.4583827301263466
100025,HDFC Short Term Debt Fund - Regular - Growth,2025-02-24,0.4594531755075682
100025,HDFC Short Term Debt Fund - Regular - Growth,2025-02-25,0.22294939452528975
100025,HDFC Short Term Debt Fund - Regular - Growth,2025-02-26,-0.07630694660491376
100025,HDFC Short Term Debt Fund - Regular - Growth,2025-02-27,-0.05824798309340876
100025,HDFC Short Term Debt Fund - Regular - Growth,2025-02-28,-0.1744792919698469
100025,HDFC Short Term Debt Fund - Regular - Growth,2025-03-03,-0.07946460596932405
100025,HDFC Short Term Debt Fund - Regular - Growth,2025-03-04,-0.07222766471217809
100025,HDFC Short Term Debt Fund - Regular - Growth,2025-03-05,0.0971255429812499
100025,HDFC Short Term Debt Fund - Regular - Growth,2025-03-06,0.5698385568798373
100025,HDFC Short Term Debt Fund - Regular - Growth,2025-03-07,0.3149669181718504
100025,HDFC Short Term Debt Fund - Regular - Growth,2025-03-10,-0.3715580310621778
100025,HDFC Short Term Debt Fund - Regular - Growth,2025-03-11,-0.5064177691846253
100025,HDFC Short Term Debt Fund - Regular - Growth,2025-03-12,-0.3621852843924491
100025,HDFC Short Term Debt Fund - Regular - Growth,2025-03-13,-0.4574515803214339
100025,HDFC Short Term Debt Fund - Regular - Growth,2025-03-14,-0.43519593222024266
100025,HDFC Short Term Debt Fund - Regular - Growth,2025-03-17,-0.7191525021224354
100025,HDFC Short Term Debt Fund - Regular - Growth,2025-03-18,-0.32245909335876183
100025,HDFC Short Term Debt Fund - Regular - Growth,2025-03-19,-0.2595269763500467
100025,HDFC Short Term Debt Fund - Regular - Growth,2025-03-20,-0.2135101801698702
100025,HDFC Short Term Debt Fund - Regular - Growth,2025-03-21,-0.4683283213285714
100025,HDFC Short Term Debt Fund - Regular - Growth,2025-03-24,-0.5588353868407767
100025,HDFC Short Term Debt Fund - Regular - Growth,2025-03-25,-0.4406063244326181
100025,HDFC Short Term Debt Fund - Regular - Growth,2025-03-26,-0.32534056112809145
100025,HDFC Short Term Debt Fund - Regular - Growth,2025-03-27,-0.47047770072606826
100025,HDFC Short Term Debt Fund - Regular - Growth,2025-03-28,-0.6471077999299971
100025,HDFC Short Term Debt Fund - Regular - Growth,2025-03-31,-0.18372368411101553
100025,HDFC Short Term Debt Fund - Regular - Growth,2025-04-01,-0.595322124979904
100025,HDFC Short Term Debt Fund - Regular - Growth,2025-04-02,-0.19560519013774763
100025,HDFC Short Term Debt Fund - Regular - Growth,2025-04-03,-0.08214571998977463
100025,HDFC Short Term Debt Fund - Regular - Growth,2025-04-04,0.13646726764243886
100025,HDFC Short Term Debt Fund - Regular - Growth,2025-04-07,0.4338513973983468
100025,HDFC Short Term Debt Fund - Regular - Growth,2025-04-08,0.024891179340375137
100025,HDFC Short Term Debt Fund - Regular - Growth,2025-04-09,-0.09197971582414201
100025,HDFC Short Term Debt Fund - Regular - Growth,2025-04-10,-0.048170360985958165
100025,HDFC Short Term Debt Fund - Regular - Growth,2025-04-11,0.1991555203243235
100025,HDFC Short Term Debt Fund - Regular - Growth,2025-04-14,0.1100617425522574
100025,HDFC Short Term Debt Fund - Regular - Growth,2025-04-15,0.11177090576716686
100025,HDFC Short Term Debt Fund - Regular - Growth,2025-04-16,0.02582322531169721
100025,HDFC Short Term Debt Fund - Regular - Growth,2025-04-17,-0.07539251296790955
100025,HDFC Short Term Debt Fund - Regular - Growth,2025-04-18,0.04280441307975962
100025,HDFC Short Term Debt Fund - Regular - Growth,2025-04-21,0.13867046568582678
100025,HDFC Short Term Debt Fund - Regular - Growth,2025-04-22,0.11623212976090075
100025,HDFC Short Term Debt Fund - Regular - Growth,2025-04-23,0.11915081816489469
100025,HDFC Short Term Debt Fund - Regular - Growth,2025-04-24,0.16237584730238874
100025,HDFC Short Term Debt Fund - Regular - Growth,2025-04-25,0.07125857482668801
100025,HDFC Short Term Debt Fund - Regular - Growth,2025-04-28,0.10638763800395316
100025,HDFC Short Term Debt Fund - Regular - Growth,2025-04-29,0.45616072408425457
100025,HDFC Short Term Debt Fund - Regular - Growth,2025-04-30,0.6174273796350566
100025,HDFC Short Term Debt Fund - Regular - Growth,2025-05-01,0.8410815039730942
100025,HDFC Short Term Debt Fund - Regular - Growth,2025-05-02,0.6173342110618752
100025,HDFC Short Term Debt Fund - Regular - Growth,2025-05-05,0.7322234086542123
100025,HDFC Short Term Debt Fund - Regular - Growth,2025-05-06,0.6206917242453075
100025,HDFC Short Term Debt Fund - Regular - Growth,2025-05-07,0.5471592524665008
100025,HDFC Short Term Debt Fund - Regular - Growth,2025-05-08,0.0724185259523015
100025,HDFC Short Term Debt Fund - Regular - Growth,2025-05-09,0.185207628001119
100025,HDFC Short Term Debt Fund - Regular - Growth,2025-05-12,-0.048780342974778214
100025,HDFC Short Term Debt Fund - Regular - Growth,2025-05-13,0.5304208242571845
100025,HDFC Short Term Debt Fund - Regular - Growth,2025-05-14,0.9490394367118499
100025,HDFC Short Term Debt Fund - Regular - Growth,2025-05-15,0.9933906549993633
100025,HDFC Short Term Debt Fund - Regular - Growth,2025-05-16,1.0237730080031473
100025,HDFC Short Term Debt Fund - Regular - Growth,2025-05-19,1.261862630906233
100025,HDFC Short Term Debt Fund - Regular - Growth,2025-05-20,0.9431562445503672
100025,HDFC Short Term Debt Fund - Regular - Growth,2025-05-21,1.1942641131823786
100025,HDFC Short Term Debt Fund - Regular - Growth,2025-05-22,0.9626682080363366
100025,HDFC Short Term Debt Fund - Regular - Growth,2025-05-23,0.7600900945539438
100025,HDFC Short Term Debt Fund - Regular - Growth,2025-05-26,0.645758155479855
100025,HDFC Short Term Debt Fund - Regular - Growth,2025-05-27,0.5418151992459358
100025,HDFC Short Term Debt Fund - Regular - Growth,2025-05-28,0.49289731602312353
100025,HDFC Short Term Debt Fund - Regular - Growth,2025-05-29,0.7321665616555622
100025,HDFC Short Term Debt Fund - Regular - Growth,2025-05-30,0.606266446472888
100025,HDFC Short Term Debt Fund - Regular - Growth,2025-06-02,0.5828664704741441
100025,HDFC Short Term Debt Fund - Regular - Growth,2025-06-03,0.8326087891952083
100025,HDFC Short Term Debt Fund - Regular - Growth,2025-06-04,0.9813905123435125
100025,HDFC Short Term Debt Fund - Regular - Growth,2025-06-05,1.471173977397161
100025,HDFC Short Term Debt Fund - Regular - Growth,2025-06-06,1.8662058898784626
100025,HDFC Short Term Debt Fund - Regular - Growth,2025-06-09,1.672478455374157
100025,HDFC Short Term Debt Fund - Regular - Growth,2025-06-10,1.7800952680473616
100025,HDFC Short Term Debt Fund - Regular - Growth,2025-06-11,1.7926639149548198
100025,HDFC Short Term Debt Fund - Regular - Growth,2025-06-12,1.8826204346996815
100025,HDFC Short Term Debt Fund - Regular - Growth,2025-06-13,1.5543340725040962
100025,HDFC Short Term Debt Fund - Regular - Growth,2025-06-16,1.5478540740593965
100025,HDFC Short Term Debt Fund - Regular - Growth,2025-06-17,1.7076945422299636
100025,HDFC Short Term Debt Fund - Regular - Growth,2025-06-18,1.9292137767588202
100025,HDFC Short Term Debt Fund - Regular - Growth,2025-06-19,1.6773562455400366
100025,HDFC Short Term Debt Fund - Regular - Growth,2025-06-20,1.2437739874876252
100025,HDFC Short Term Debt Fund - Regular - Growth,2025-06-23,1.322313778746627
100025,HDFC Short Term Debt Fund - Regular - Growth,2025-06-24,1.0141764735843164
100025,HDFC Short Term Debt Fund - Regular - Growth,2025-06-25,0.8457416484337567
100025,HDFC Short Term Debt Fund - Regular - Growth,2025-06-26,0.7811435132116216
100025,HDFC Short Term Debt Fund - Regular - Growth,2025-06-27,0.6058973171476361
100025,HDFC Short Term Debt Fund - Regular - Growth,2025-06-30,0.3469799183975447
100025,HDFC Short Term Debt Fund - Regular - Growth,2025-07-01,0.18350677757296935
100025,HDFC Short Term Debt Fund - Regular - Growth,2025-07-02,0.3906301503951078
100025,HDFC Short Term Debt Fund - Regular - Growth,2025-07-03,0.200325425892489
100025,HDFC Short Term Debt Fund - Regular - Growth,2025-07-04,0.1386585901710679
100025,HDFC Short Term Debt Fund - Regular - Growth,2025-07-07,0.29009578005528924
100025,HDFC Short Term Debt Fund - Regular - Growth,2025-07-08,0.29331564482716005
100025,HDFC Short Term Debt Fund - Regular - Growth,2025-07-09,0.2715807397897621
100025,HDFC Short Term Debt Fund - Regular - Growth,2025-07-10,0.5279661813783774
100025,HDFC Short Term Debt Fund - Regular - Growth,2025-07-11,0.7096751865990465
100025,HDFC Short Term Debt Fund - Regular - Growth,2025-07-14,1.7119033982057443
100025,HDFC Short Term Debt Fund - Regular - Growth,2025-07-15,1.702239196522991
100025,HDFC Short Term Debt Fund - Regular - Growth,2025-07-16,1.427210195244236
100025,HDFC Short Term Debt Fund - Regular - Growth,2025-07-17,1.6406082421669574
100025,HDFC Short Term Debt Fund - Regular - Growth,2025-07-18,1.8561749951623505
100025,HDFC Short Term Debt Fund - Regular - Growth,2025-07-21,2.2019366817459924
100025,HDFC Short Term Debt Fund - Regular - Growth,2025-07-22,2.3325984834745976
100025,HDFC Short Term Debt Fund - Regular - Growth,2025-07-23,2.2370420590906424
100025,HDFC Short Term Debt Fund - Regular - Growth,2025-07-24,2.1691615993488536
100025,HDFC Short Term Debt Fund - Regular - Growth,2025-07-25,2.3363928704198482
100025,HDFC Short Term Debt Fund - Regular - Growth,2025-07-28,2.6983520607874913
100025,HDFC Short Term Debt Fund - Regular - Growth,2025-07-29,2.687347538306071
100025,HDFC Short Term Debt Fund - Regular - Growth,2025-07-30,2.6819576769770137
100025,HDFC Short Term Debt Fund - Regular - Growth,2025-07-31,2.7361211054376047
100025,HDFC Short Term Debt Fund - Regular - Growth,2025-08-01,2.6759217112400453
100025,HDFC Short Term Debt Fund - Regular - Growth,2025-08-04,2.3865765420760146
100025,HDFC Short Term Debt Fund - Regular - Growth,2025-08-05,2.697071155468919
100025,HDFC Short Term Debt Fund - Regular - Growth,2025-08-06,2.122309983328711
100025,HDFC Short Term Debt Fund - Regular - Growth,2025-08-07,1.879757771688199
100025,HDFC Short Term Debt Fund - Regular - Growth,2025-08-08,2.2028772246061328
100025,HDFC Short Term Debt Fund - Regular - Growth,2025-08-11,2.175023219958404
100025,HDFC Short Term Debt Fund - Regular - Growth,2025-08-12,2.6350385408457444
100025,HDFC Short Term Debt Fund - Regular - Growth,2025-08-13,2.965912016154342
100025,HDFC Short Term Debt Fund - Regular - Growth,2025-08-14,3.2719358798566565
100025,HDFC Short Term Debt Fund - Regular - Growth,2025-08-15,2.6716635263515673
100025,HDFC Short Term Debt Fund - Regular - Growth,2025-08-18,2.436522924221182
100025,HDFC Short Term Debt Fund - Regular - Growth,2025-08-19,2.206686071225576
100025,HDFC Short Term Debt Fund - Regular - Growth,2025-08-20,2.2296484723366907
100025,HDFC Short Term Debt Fund - Regular - Growth,2025-08-21,2.091061603783783
100025,HDFC Short Term Debt Fund - Regular - Growth,2025-08-22,1.7396415865161807
100025,HDFC Short Term Debt Fund - Regular - Growth,2025-08-25,1.6094360308849653
100025,HDFC Short Term Debt Fund - Regular - Growth,2025-08-26,1.630536165454475
100025,HDFC Short Term Debt Fund - Regular - Growth,2025-08-27,1.3793748083111692
100025,HDFC Short Term Debt Fund - Regular - Growth,2025-08-28,0.8683713854006366
100025,HDFC Short Term Debt Fund - Regular - Growth,2025-08-29,0.6063934021945365
100025,HDFC Short Term Debt Fund - Regular - Growth,2025-09-01,0.3214312825726072
100025,HDFC Short Term Debt Fund - Regular - Growth,2025-09-02,0.08776785463380823
100025,HDFC Short Term Debt Fund - Regular - Growth,2025-09-03,-0.08579035385226406
100025,HDFC Short Term Debt Fund - Regular - Growth,2025-09-04,-0.282314602667052
100025,HDFC Short Term Debt Fund - Regular - Growth,2025-09-05,-0.40906726721952613
100025,HDFC Short Term Debt Fund - Regular - Growth,2025-09-08,-0.27326773727331866
100025,HDFC Short Term Debt Fund - Regular - Growth,2025-09-09,-0.40963391474168986
100025,HDFC Short Term Debt Fund - Regular - Growth,2025-09-10,-0.5406639748548941
100025,HDFC Short Term Debt Fund - Regular - Growth,2025-09-11,-0.482977891416091
100025,HDFC Short Term Debt Fund - Regular - Growth,2025-09-12,-0.6607557239821561
100025,HDFC Short Term Debt Fund - Regular - Growth,2025-09-15,-0.3459859707856121
100025,HDFC Short Term Debt Fund - Regular - Growth,2025-09-16,-0.7006900016731127
100025,HDFC Short Term Debt Fund - Regular - Growth,2025-09-17,-0.9191989677599068
100025,HDFC Short Term Debt Fund - Regular - Growth,2025-09-18,-0.883259573682631
100025,HDFC Short Term Debt Fund - Regular - Growth,2025-09-19,-1.0329004871832794
100025,HDFC Short Term Debt Fund - Regular - Growth,2025-09-22,-1.0177156513773904
100025,HDFC Short Term Debt Fund - Regular - Growth,2025-09-23,-0.7738607795883222
100025,HDFC Short Term Debt Fund - Regular - Growth,2025-09-24,-0.7833598162641615
100025,HDFC Short Term Debt Fund - Regular - Growth,2025-09-25,-0.44513752554637726
100025,HDFC Short Term Debt Fund - Regular - Growth,2025-09-26,-0.34137012598934646
100025,HDFC Short Term Debt Fund - Regular - Growth,2025-09-29,-0.20450191080312263
100025,HDFC Short Term Debt Fund - Regular - Growth,2025-09-30,0.06270077838953865
100025,HDFC Short Term Debt Fund - Regular - Growth,2025-10-01,0.18092978219505051
100025,HDFC Short Term Debt Fund - Regular - Growth,2025-10-02,0.0023037825105746684
100025,HDFC Short Term Debt Fund - Regular - Growth,2025-10-03,-0.10599231892730059
100025,HDFC Short Term Debt Fund - Regular - Growth,2025-10-06,-0.0014857028242984838
100025,HDFC Short Term Debt Fund - Regular - Growth,2025-10-07,-0.1499929672089096
100025,HDFC Short Term Debt Fund - Regular - Growth,2025-10-08,0.010143341870497232
100025,HDFC Short Term Debt Fund - Regular - Growth,2025-10-09,0.17187472203294932
100025,HDFC Short Term Debt Fund - Regular - Growth,2025-10-10,-0.3302271113544115
100025,HDFC Short Term Debt Fund - Regular - Growth,2025-10-13,-0.49258113182396973
100025,HDFC Short Term Debt Fund - Regular - Growth,2025-10-14,-0.48982460163903063
100025,HDFC Short Term Debt Fund - Regular - Growth,2025-10-15,-0.6032083294904864
100025,HDFC Short Term Debt Fund - Regular - Growth,2025-10-16,-0.19761887079512214
100025,HDFC Short Term Debt Fund - Regular - Growth,2025-10-17,-0.06409831692373158
100025,HDFC Short Term Debt Fund - Regular - Growth,2025-10-20,-0.3017557649077859
100025,HDFC Short Term Debt Fund - Regular - Growth,2025-10-21,-0.372998838111228
100025,HDFC Short Term Debt Fund - Regular - Growth,2025-10-22,-0.3081534354018093
100025,HDFC Short Term Debt Fund - Regular - Growth,2025-10-23,-0.42256279370126165
100025,HDFC Short Term Debt Fund - Regular - Growth,2025-10-24,-0.3497946020420229
100025,HDFC Short Term Debt Fund - Regular - Growth,2025-10-27,-0.5389224506155559
100025,HDFC Short Term Debt Fund - Regular - Growth,2025-10-28,-0.11512517058383906
100025,HDFC Short Term Debt Fund - Regular - Growth,2025-10-29,0.12812649557706002
100025,HDFC Short Term Debt Fund - Regular - Growth,2025-10-30,0.45689728392209766
100025,HDFC Short Term Debt Fund - Regular - Growth,2025-10-31,0.6959829975526649
100025,HDFC Short Term Debt Fund - Regular - Growth,2025-11-03,0.5497129618185864
100025,HDFC Short Term Debt Fund - Regular - Growth,2025-11-04,0.7485383572371396
100025,HDFC Short Term Debt Fund - Regular - Growth,2025-11-05,1.0216227857489282
100025,HDFC Short Term Debt Fund - Regular - Growth,2025-11-06,1.5065549659528348
100025,HDFC Short Term Debt Fund - Regular - Growth,2025-11-07,1.577208131574588
100025,HDFC Short Term Debt Fund - Regular - Growth,2025-11-10,1.5857390579858657
100025,HDFC Short Term Debt Fund - Regular - Growth,2025-11-11,1.5461006887205035
100025,HDFC Short Term Debt Fund - Regular - Growth,2025-11-12,1.5161088795106474
100025,HDFC Short Term Debt Fund - Regular - Growth,2025-11-13,1.2065629984569994
100025,HDFC Short Term Debt Fund - Regular - Growth,2025-11-14,1.0472147489958326
100025,HDFC Short Term Debt Fund - Regular - Growth,2025-11-17,0.9598170551416195
100025,HDFC Short Term Debt Fund - Regular - Growth,2025-11-18,0.9430922739751962
100025,HDFC Short Term Debt Fund - Regular - Growth,2025-11-19,0.9160883737350879
100025,HDFC Short Term Debt Fund - Regular - Growth,2025-11-20,0.7956631483141606
100025,HDFC Short Term Debt Fund - Regular - Growth,2025-11-21,0.6285820782360082
100025,HDFC Short Term Debt Fund - Regular - Growth,2025-11-24,0.6063410064942246
100025,HDFC Short Term Debt Fund - Regular - Growth,2025-11-25,0.18637798420860446
100025,HDFC Short Term Debt Fund - Regular - Growth,2025-11-26,0.49267977723599204
100025,HDFC Short Term Debt Fund - Regular - Growth,2025-11-27,0.18081749669903063
100025,HDFC Short Term Debt Fund - Regular - Growth,2025-11-28,0.5797698072974559
100025,HDFC Short Term Debt Fund - Regular - Growth,2025-12-01,0.06187744601497541
100025,HDFC Short Term Debt Fund - Regular - Growth,2025-12-02,-0.20083777648629125
100025,HDFC Short Term Debt Fund - Regular - Growth,2025-12-03,-0.10267751082343426
100025,HDFC Short Term Debt Fund - Regular - Growth,2025-12-04,-0.08623761730641238
100025,HDFC Short Term Debt Fund - Regular - Growth,2025-12-05,-0.16878927904929142
100025,HDFC Short Term Debt Fund - Regular - Growth,2025-12-08,-0.3344260782806163
100025,HDFC Short Term Debt Fund - Regular - Growth,2025-12-09,-0.24378495196597982
100025,HDFC Short Term Debt Fund - Regular - Growth,2025-12-10,0.17124522372419584
100025,HDFC Short Term Debt Fund - Regular - Growth,2025-12-11,0.41538762883920394
100025,HDFC Short Term Debt Fund - Regular - Growth,2025-12-12,0.07956336300143568
100025,HDFC Short Term Debt Fund - Regular - Growth,2025-12-15,0.03254218031775952
100025,HDFC Short Term Debt Fund - Regular - Growth,2025-12-16,-0.14229267688771546
100025,HDFC Short Term Debt Fund - Regular - Growth,2025-12-17,-0.6186269612308065
100025,HDFC Short Term Debt Fund - Regular - Growth,2025-12-18,-1.2276796350938817
100025,HDFC Short Term Debt Fund - Regular - Growth,2025-12-19,-0.9553541767176583
100025,HDFC Short Term Debt Fund - Regular - Growth,2025-12-22,-0.7609137507851211
100025,HDFC Short Term Debt Fund - Regular - Growth,2025-12-23,-0.44609173343811837
100025,HDFC Short Term Debt Fund - Regular - Growth,2025-12-24,-0.21261397616245842
100025,HDFC Short Term Debt Fund - Regular - Growth,2025-12-25,-0.04113426213311475
100025,HDFC Short Term Debt Fund - Regular - Growth,2025-12-26,-0.009793730153049365
100025,HDFC Short Term Debt Fund - Regular - Growth,2025-12-29,-0.3080435588090329
100025,HDFC Short Term Debt Fund - Regular - Growth,2025-12-30,-0.23734827276633982
100025,HDFC Short Term Debt Fund - Regular - Growth,2025-12-31,-0.004620412946829996
100025,HDFC Short Term Debt Fund - Regular - Growth,2026-01-01,-0.04380462323090786
100025,HDFC Short Term Debt Fund - Regular - Growth,2026-01-02,-0.014450373792954252
100025,HDFC Short Term Debt Fund - Regular - Growth,2026-01-05,-0.04073951645223994
100025,HDFC Short Term Debt Fund - Regular - Growth,2026-01-06,0.02714331687035495
100025,HDFC Short Term Debt Fund - Regular - Growth,2026-01-07,0.08768379977886946
100025,HDFC Short Term Debt Fund - Regular - Growth,2026-01-08,0.17249994391696763
100025,HDFC Short Term Debt Fund - Regular - Growth,2026-01-09,0.3468408493978325
100025,HDFC Short Term Debt Fund - Regular - Growth,2026-01-12,0.3406095767408488
100025,HDFC Short Term Debt Fund - Regular - Growth,2026-01-13,0.40924528757658324
100025,HDFC Short Term Debt Fund - Regular - Growth,2026-01-14,0.4498223819532364
100025,HDFC Short Term Debt Fund - Regular - Growth,2026-01-15,0.4946171271730335
100025,HDFC Short Term Debt Fund - Regular - Growth,2026-01-16,0.5959065003295617
100025,HDFC Short Term Debt Fund - Regular - Growth,2026-01-19,0.8716161969803222
100025,HDFC Short Term Debt Fund - Regular - Growth,2026-01-20,0.5524982053816154
100025,HDFC Short Term Debt Fund - Regular - Growth,2026-01-21,0.7553274786189099
100025,HDFC Short Term Debt Fund - Regular - Growth,2026-01-22,0.7088000148535205
100025,HDFC Short Term Debt Fund - Regular - Growth,2026-01-23,1.136096511227705
100025,HDFC Short Term Debt Fund - Regular - Growth,2026-01-26,0.9432626257920877
100025,HDFC Short Term Debt Fund - Regular - Growth,2026-01-27,0.4290861747264212
100025,HDFC Short Term Debt Fund - Regular - Growth,2026-01-28,0.4759318614408685
100025,HDFC Short Term Debt Fund - Regular - Growth,2026-01-29,0.23302460640680653
100025,HDFC Short Term Debt Fund - Regular - Growth,2026-01-30,0.15451804687391044
100025,HDFC Short Term Debt Fund - Regular - Growth,2026-02-02,-0.13287843785861028
100025,HDFC Short Term Debt Fund - Regular - Growth,2026-02-03,-0.16403930911381143
100025,HDFC Short Term Debt Fund - Regular - Growth,2026-02-04,-0.3843885337996043
100025,HDFC Short Term Debt Fund - Regular - Growth,2026-02-05,-0.2934731095233507
100025,HDFC Short Term Debt Fund - Regular - Growth,2026-02-06,-0.05167626978640233
100025,HDFC Short Term Debt Fund - Regular - Growth,2026-02-09,-0.08243140375097437
100025,HDFC Short Term Debt Fund - Regular - Growth,2026-02-10,-0.03251894809128788
100025,HDFC Short Term Debt Fund - Regular - Growth,2026-02-11,-0.16954467502374324
100025,HDFC Short Term Debt Fund - Regular - Growth,2026-02-12,-0.4406041273597879
100025,HDFC Short Term Debt Fund - Regular - Growth,2026-02-13,-0.3916755492611032
100025,HDFC Short Term Debt Fund - Regular - Growth,2026-02-16,-0.27993349019689445
100025,HDFC Short Term Debt Fund - Regular - Growth,2026-02-17,-0.8881933463254995
100025,HDFC Short Term Debt Fund - Regular - Growth,2026-02-18,-0.8651604675572101
100025,HDFC Short Term Debt Fund - Regular - Growth,2026-02-19,-1.5933797989309344
100025,HDFC Short Term Debt Fund - Regular - Growth,2026-02-20,-1.583445217214114
100025,HDFC Short Term Debt Fund - Regular - Growth,2026-02-23,-1.6197178804737076
100025,HDFC Short Term Debt Fund - Regular - Growth,2026-02-24,-1.455100046160827
100025,HDFC Short Term Debt Fund - Regular - Growth,2026-02-25,-1.7311371435190115
100025,HDFC Short Term Debt Fund - Regular - Growth,2026-02-26,-1.7475576792325669
100025,HDFC Short Term Debt Fund - Regular - Growth,2026-02-27,-2.0494245823901505
100025,HDFC Short Term Debt Fund - Regular - Growth,2026-03-02,-2.1730485236748107
100025,HDFC Short Term Debt Fund - Regular - Growth,2026-03-03,-2.1576618875984073
100025,HDFC Short Term Debt Fund - Regular - Growth,2026-03-04,-2.172555408467076
100025,HDFC Short Term Debt Fund - Regular - Growth,2026-03-05,-2.387399723277381
100025,HDFC Short Term Debt Fund - Regular - Growth,2026-03-06,-2.4324270527777507
100025,HDFC Short Term Debt Fund - Regular - Growth,2026-03-09,-2.2081142272736263
100025,HDFC Short Term Debt Fund - Regular - Growth,2026-03-10,-2.4431901897497776
100025,HDFC Short Term Debt Fund - Regular - Growth,2026-03-11,-2.886130422392448
100025,HDFC Short Term Debt Fund - Regular - Growth,2026-03-12,-3.1070246957480747
100025,HDFC Short Term Debt Fund - Regular - Growth,2026-03-13,-3.5018877842068545
100025,HDFC Short Term Debt Fund - Regular - Growth,2026-03-16,-3.711580245832677
100025,HDFC Short Term Debt Fund - Regular - Growth,2026-03-17,-3.7986702205178644
100025,HDFC Short Term Debt Fund - Regular - Growth,2026-03-18,-3.7504917597246066
100025,HDFC Short Term Debt Fund - Regular - Growth,2026-03-19,-3.4056499021668336
100025,HDFC Short Term Debt Fund - Regular - Growth,2026-03-20,-3.736887815331409
100025,HDFC Short Term Debt Fund - Regular - Growth,2026-03-23,-4.164354770408505
100025,HDFC Short Term Debt Fund - Regular - Growth,2026-03-24,-4.208704792130756
100025,HDFC Short Term Debt Fund - Regular - Growth,2026-03-25,-4.332431296801355
100025,HDFC Short Term Debt Fund - Regular - Growth,2026-03-26,-4.533778058960614
100025,HDFC Short Term Debt Fund - Regular - Growth,2026-03-27,-3.848276560194491
100025,HDFC Short Term Debt Fund - Regular - Growth,2026-03-30,-3.856675354571312
100025,HDFC Short Term Debt Fund - Regular - Growth,2026-03-31,-3.3372346772441377
100025,HDFC Short Term Debt Fund - Regular - Growth,2026-04-01,-3.548375539721538
100025,HDFC Short Term Debt Fund - Regular - Growth,2026-04-02,-3.467762221289139
100025,HDFC Short Term Debt Fund - Regular - Growth,2026-04-03,-3.8116715292298804
100025,HDFC Short Term Debt Fund - Regular - Growth,2026-04-06,-3.556563652885304
100025,HDFC Short Term Debt Fund - Regular - Growth,2026-04-07,-3.190608741913046
100025,HDFC Short Term Debt Fund - Regular - Growth,2026-04-08,-3.3420898556836343
100025,HDFC Short Term Debt Fund - Regular - Growth,2026-04-09,-3.536970388769078
100025,HDFC Short Term Debt Fund - Regular - Growth,2026-04-10,-2.562100956891554
100025,HDFC Short Term Debt Fund - Regular - Growth,2026-04-13,-2.3276802362244933
100025,HDFC Short Term Debt Fund - Regular - Growth,2026-04-14,-2.3824785348110313
100025,HDFC Short Term Debt Fund - Regular - Growth,2026-04-15,-2.548961599472858
100025,HDFC Short Term Debt Fund - Regular - Growth,2026-04-16,-2.701706435290175
100025,HDFC Short Term Debt Fund - Regular - Growth,2026-04-17,-2.689837703521503
100025,HDFC Short Term Debt Fund - Regular - Growth,2026-04-20,-2.5243722896418292
100025,HDFC Short Term Debt Fund - Regular - Growth,2026-04-21,-2.541565978317324
100025,HDFC Short Term Debt Fund - Regular - Growth,2026-04-22,-2.5036132549610213
100025,HDFC Short Term Debt Fund - Regular - Growth,2026-04-23,-2.3049488925323596
100025,HDFC Short Term Debt Fund - Regular - Growth,2026-04-24,-2.349577650293543
100025,HDFC Short Term Debt Fund - Regular - Growth,2026-04-27,-2.043695894634679
100025,HDFC Short Term Debt Fund - Regular - Growth,2026-04-28,-1.980372995614368
100025,HDFC Short Term Debt Fund - Regular - Growth,2026-04-29,-2.1007780421902558
100025,HDFC Short Term Debt Fund - Regular - Growth,2026-04-30,-2.417103628151769
100025,HDFC Short Term Debt Fund - Regular - Growth,2026-05-01,-2.564624804382665
100025,HDFC Short Term Debt Fund - Regular - Growth,2026-05-04,-2.3439377798312804
100025,HDFC Short Term Debt Fund - Regular - Growth,2026-05-05,-2.35803901396832
100025,HDFC Short Term Debt Fund - Regular - Growth,2026-05-06,-2.519234417118843
100025,HDFC Short Term Debt Fund - Regular - Growth,2026-05-07,-2.24988119317918
100025,HDFC Short Term Debt Fund - Regular - Growth,2026-05-08,-2.2104161826744946
100025,HDFC Short Term Debt Fund - Regular - Growth,2026-05-11,-2.0952049489905926
100025,HDFC Short Term Debt Fund - Regular - Growth,2026-05-12,-2.471753497050008
100025,HDFC Short Term Debt Fund - Regular - Growth,2026-05-13,-2.5167954780500525
100025,HDFC Short Term Debt Fund - Regular - Growth,2026-05-14,-2.615964314226501
100025,HDFC Short Term Debt Fund - Regular - Growth,2026-05-15,-2.3466986945552133
100025,HDFC Short Term Debt Fund - Regular - Growth,2026-05-18,-2.453305135335991
100025,HDFC Short Term Debt Fund - Regular - Growth,2026-05-19,-2.302523711515054
100025,HDFC Short Term Debt Fund - Regular - Growth,2026-05-20,-2.1556540746075243
100025,HDFC Short Term Debt Fund - Regular - Growth,2026-05-21,-1.7381376629551948
100025,HDFC Short Term Debt Fund - Regular - Growth,2026-05-22,-1.5744062882885441
100025,HDFC Short Term Debt Fund - Regular - Growth,2026-05-25,-1.6842962254566713
100025,HDFC Short Term Debt Fund - Regular - Growth,2026-05-26,-1.6372071195670908
100025,HDFC Short Term Debt Fund - Regular - Growth,2026-05-27,-2.0328914230194415
100025,HDFC Short Term Debt Fund - Regular - Growth,2026-05-28,-2.0203639534349285
100025,HDFC Short Term Debt Fund - Regular - Growth,2026-05-29,-2.392511642260469
119120,SBI Magnum Gilt Fund - Regular Plan - Growth,2022-01-03,
119120,SBI Magnum Gilt Fund - Regular Plan - Growth,2022-01-04,
119120,SBI Magnum Gilt Fund - Regular Plan - Growth,2022-01-05,
119120,SBI Magnum Gilt Fund - Regular Plan - Growth,2022-01-06,
119120,SBI Magnum Gilt Fund - Regular Plan - Growth,2022-01-07,
119120,SBI Magnum Gilt Fund - Regular Plan - Growth,2022-01-10,
119120,SBI Magnum Gilt Fund - Regular Plan - Growth,2022-01-11,
119120,SBI Magnum Gilt Fund - Regular Plan - Growth,2022-01-12,
119120,SBI Magnum Gilt Fund - Regular Plan - Growth,2022-01-13,
119120,SBI Magnum Gilt Fund - Regular Plan - Growth,2022-01-14,
119120,SBI Magnum Gilt Fund - Regular Plan - Growth,2022-01-17,
119120,SBI Magnum Gilt Fund - Regular Plan - Growth,2022-01-18,
119120,SBI Magnum Gilt Fund - Regular Plan - Growth,2022-01-19,
119120,SBI Magnum Gilt Fund - Regular Plan - Growth,2022-01-20,
119120,SBI Magnum Gilt Fund - Regular Plan - Growth,2022-01-21,
119120,SBI Magnum Gilt Fund - Regular Plan - Growth,2022-01-24,
119120,SBI Magnum Gilt Fund - Regular Plan - Growth,2022-01-25,
119120,SBI Magnum Gilt Fund - Regular Plan - Growth,2022-01-26,
119120,SBI Magnum Gilt Fund - Regular Plan - Growth,2022-01-27,
119120,SBI Magnum Gilt Fund - Regular Plan - Growth,2022-01-28,
119120,SBI Magnum Gilt Fund - Regular Plan - Growth,2022-01-31,
119120,SBI Magnum Gilt Fund - Regular Plan - Growth,2022-02-01,
119120,SBI Magnum Gilt Fund - Regular Plan - Growth,2022-02-02,
119120,SBI Magnum Gilt Fund - Regular Plan - Growth,2022-02-03,
119120,SBI Magnum Gilt Fund - Regular Plan - Growth,2022-02-04,
119120,SBI Magnum Gilt Fund - Regular Plan - Growth,2022-02-07,
119120,SBI Magnum Gilt Fund - Regular Plan - Growth,2022-02-08,
119120,SBI Magnum Gilt Fund - Regular Plan - Growth,2022-02-09,
119120,SBI Magnum Gilt Fund - Regular Plan - Growth,2022-02-10,
119120,SBI Magnum Gilt Fund - Regular Plan - Growth,2022-02-11,
119120,SBI Magnum Gilt Fund - Regular Plan - Growth,2022-02-14,
119120,SBI Magnum Gilt Fund - Regular Plan - Growth,2022-02-15,
119120,SBI Magnum Gilt Fund - Regular Plan - Growth,2022-02-16,
119120,SBI Magnum Gilt Fund - Regular Plan - Growth,2022-02-17,
119120,SBI Magnum Gilt Fund - Regular Plan - Growth,2022-02-18,
119120,SBI Magnum Gilt Fund - Regular Plan - Growth,2022-02-21,
119120,SBI Magnum Gilt Fund - Regular Plan - Growth,2022-02-22,
119120,SBI Magnum Gilt Fund - Regular Plan - Growth,2022-02-23,
119120,SBI Magnum Gilt Fund - Regular Plan - Growth,2022-02-24,
119120,SBI Magnum Gilt Fund - Regular Plan - Growth,2022-02-25,
119120,SBI Magnum Gilt Fund - Regular Plan - Growth,2022-02-28,
119120,SBI Magnum Gilt Fund - Regular Plan - Growth,2022-03-01,
119120,SBI Magnum Gilt Fund - Regular Plan - Growth,2022-03-02,
119120,SBI Magnum Gilt Fund - Regular Plan - Growth,2022-03-03,
119120,SBI Magnum Gilt Fund - Regular Plan - Growth,2022-03-04,
119120,SBI Magnum Gilt Fund - Regular Plan - Growth,2022-03-07,
119120,SBI Magnum Gilt Fund - Regular Plan - Growth,2022-03-08,
119120,SBI Magnum Gilt Fund - Regular Plan - Growth,2022-03-09,
119120,SBI Magnum Gilt Fund - Regular Plan - Growth,2022-03-10,
119120,SBI Magnum Gilt Fund - Regular Plan - Growth,2022-03-11,
119120,SBI Magnum Gilt Fund - Regular Plan - Growth,2022-03-14,
119120,SBI Magnum Gilt Fund - Regular Plan - Growth,2022-03-15,
119120,SBI Magnum Gilt Fund - Regular Plan - Growth,2022-03-16,
119120,SBI Magnum Gilt Fund - Regular Plan - Growth,2022-03-17,
119120,SBI Magnum Gilt Fund - Regular Plan - Growth,2022-03-18,
119120,SBI Magnum Gilt Fund - Regular Plan - Growth,2022-03-21,
119120,SBI Magnum Gilt Fund - Regular Plan - Growth,2022-03-22,
119120,SBI Magnum Gilt Fund - Regular Plan - Growth,2022-03-23,
119120,SBI Magnum Gilt Fund - Regular Plan - Growth,2022-03-24,
119120,SBI Magnum Gilt Fund - Regular Plan - Growth,2022-03-25,
119120,SBI Magnum Gilt Fund - Regular Plan - Growth,2022-03-28,
119120,SBI Magnum Gilt Fund - Regular Plan - Growth,2022-03-29,
119120,SBI Magnum Gilt Fund - Regular Plan - Growth,2022-03-30,
119120,SBI Magnum Gilt Fund - Regular Plan - Growth,2022-03-31,
119120,SBI Magnum Gilt Fund - Regular Plan - Growth,2022-04-01,
119120,SBI Magnum Gilt Fund - Regular Plan - Growth,2022-04-04,
119120,SBI Magnum Gilt Fund - Regular Plan - Growth,2022-04-05,
119120,SBI Magnum Gilt Fund - Regular Plan - Growth,2022-04-06,
119120,SBI Magnum Gilt Fund - Regular Plan - Growth,2022-04-07,
119120,SBI Magnum Gilt Fund - Regular Plan - Growth,2022-04-08,
119120,SBI Magnum Gilt Fund - Regular Plan - Growth,2022-04-11,
119120,SBI Magnum Gilt Fund - Regular Plan - Growth,2022-04-12,
119120,SBI Magnum Gilt Fund - Regular Plan - Growth,2022-04-13,
119120,SBI Magnum Gilt Fund - Regular Plan - Growth,2022-04-14,
119120,SBI Magnum Gilt Fund - Regular Plan - Growth,2022-04-15,
119120,SBI Magnum Gilt Fund - Regular Plan - Growth,2022-04-18,
119120,SBI Magnum Gilt Fund - Regular Plan - Growth,2022-04-19,
119120,SBI Magnum Gilt Fund - Regular Plan - Growth,2022-04-20,
119120,SBI Magnum Gilt Fund - Regular Plan - Growth,2022-04-21,
119120,SBI Magnum Gilt Fund - Regular Plan - Growth,2022-04-22,
119120,SBI Magnum Gilt Fund - Regular Plan - Growth,2022-04-25,
119120,SBI Magnum Gilt Fund - Regular Plan - Growth,2022-04-26,
119120,SBI Magnum Gilt Fund - Regular Plan - Growth,2022-04-27,
119120,SBI Magnum Gilt Fund - Regular Plan - Growth,2022-04-28,
119120,SBI Magnum Gilt Fund - Regular Plan - Growth,2022-04-29,
119120,SBI Magnum Gilt Fund - Regular Plan - Growth,2022-05-02,
119120,SBI Magnum Gilt Fund - Regular Plan - Growth,2022-05-03,
119120,SBI Magnum Gilt Fund - Regular Plan - Growth,2022-05-04,
119120,SBI Magnum Gilt Fund - Regular Plan - Growth,2022-05-05,
119120,SBI Magnum Gilt Fund - Regular Plan - Growth,2022-05-06,
119120,SBI Magnum Gilt Fund - Regular Plan - Growth,2022-05-09,-0.8935021386721196
119120,SBI Magnum Gilt Fund - Regular Plan - Growth,2022-05-10,-1.013566579479781
119120,SBI Magnum Gilt Fund - Regular Plan - Growth,2022-05-11,-1.1389746242459324
119120,SBI Magnum Gilt Fund - Regular Plan - Growth,2022-05-12,-1.281795723166674
119120,SBI Magnum Gilt Fund - Regular Plan - Growth,2022-05-13,-1.1349042703241392
119120,SBI Magnum Gilt Fund - Regular Plan - Growth,2022-05-16,-1.1255092137173008
119120,SBI Magnum Gilt Fund - Regular Plan - Growth,2022-05-17,-0.9781284402504897
119120,SBI Magnum Gilt Fund - Regular Plan - Growth,2022-05-18,-0.8379256837479607
119120,SBI Magnum Gilt Fund - Regular Plan - Growth,2022-05-19,-0.9352740908242952
119120,SBI Magnum Gilt Fund - Regular Plan - Growth,2022-05-20,-0.8746384086142169
119120,SBI Magnum Gilt Fund - Regular Plan - Growth,2022-05-23,-1.050168104578736
119120,SBI Magnum Gilt Fund - Regular Plan - Growth,2022-05-24,-0.9628375101641798
119120,SBI Magnum Gilt Fund - Regular Plan - Growth,2022-05-25,-1.10609964803607
119120,SBI Magnum Gilt Fund - Regular Plan - Growth,2022-05-26,-0.9167318784374714
119120,SBI Magnum Gilt Fund - Regular Plan - Growth,2022-05-27,-0.825169195072603
119120,SBI Magnum Gilt Fund - Regular Plan - Growth,2022-05-30,-0.7942380577286892
119120,SBI Magnum Gilt Fund - Regular Plan - Growth,2022-05-31,-0.746377428469862
119120,SBI Magnum Gilt Fund - Regular Plan - Growth,2022-06-01,-0.3598139388243862
119120,SBI Magnum Gilt Fund - Regular Plan - Growth,2022-06-02,-0.18503557612389998
119120,SBI Magnum Gilt Fund - Regular Plan - Growth,2022-06-03,-0.17315808637647853
119120,SBI Magnum Gilt Fund - Regular Plan - Growth,2022-06-06,-0.2004695307943763
119120,SBI Magnum Gilt Fund - Regular Plan - Growth,2022-06-07,-0.4084927770922231
119120,SBI Magnum Gilt Fund - Regular Plan - Growth,2022-06-08,-0.17533932778642639
119120,SBI Magnum Gilt Fund - Regular Plan - Growth,2022-06-09,-0.2512690625419292
119120,SBI Magnum Gilt Fund - Regular Plan - Growth,2022-06-10,-0.30147923903983426
119120,SBI Magnum Gilt Fund - Regular Plan - Growth,2022-06-13,-0.5430156724887365
119120,SBI Magnum Gilt Fund - Regular Plan - Growth,2022-06-14,0.017696970407800747
119120,SBI Magnum Gilt Fund - Regular Plan - Growth,2022-06-15,0.3565716846004205
119120,SBI Magnum Gilt Fund - Regular Plan - Growth,2022-06-16,0.2915548130422244
119120,SBI Magnum Gilt Fund - Regular Plan - Growth,2022-06-17,0.23612574478524148
119120,SBI Magnum Gilt Fund - Regular Plan - Growth,2022-06-20,0.6946112559172153
119120,SBI Magnum Gilt Fund - Regular Plan - Growth,2022-06-21,0.8842799557215282
119120,SBI Magnum Gilt Fund - Regular Plan - Growth,2022-06-22,0.8203115026434644
119120,SBI Magnum Gilt Fund - Regular Plan - Growth,2022-06-23,0.6176136986736166
119120,SBI Magnum Gilt Fund - Regular Plan - Growth,2022-06-24,0.7272534005359714
119120,SBI Magnum Gilt Fund - Regular Plan - Growth,2022-06-27,0.6751517841159389
119120,SBI Magnum Gilt Fund - Regular Plan - Growth,2022-06-28,0.6199241737190037
119120,SBI Magnum Gilt Fund - Regular Plan - Growth,2022-06-29,0.7562755270202431
119120,SBI Magnum Gilt Fund - Regular Plan - Growth,2022-06-30,1.4224080828544894
119120,SBI Magnum Gilt Fund - Regular Plan - Growth,2022-07-01,2.047527321444127
119120,SBI Magnum Gilt Fund - Regular Plan - Growth,2022-07-04,1.6500509079054926
119120,SBI Magnum Gilt Fund - Regular Plan - Growth,2022-07-05,1.6157034538339872
119120,SBI Magnum Gilt Fund - Regular Plan - Growth,2022-07-06,1.4484587929964414
119120,SBI Magnum Gilt Fund - Regular Plan - Growth,2022-07-07,1.2878632127036134
119120,SBI Magnum Gilt Fund - Regular Plan - Growth,2022-07-08,1.223791878691863
119120,SBI Magnum Gilt Fund - Regular Plan - Growth,2022-07-11,1.1090848208631
119120,SBI Magnum Gilt Fund - Regular Plan - Growth,2022-07-12,1.2370624021303491
119120,SBI Magnum Gilt Fund - Regular Plan - Growth,2022-07-13,1.2505253296180492
119120,SBI Magnum Gilt Fund - Regular Plan - Growth,2022-07-14,1.3066922498135176
119120,SBI Magnum Gilt Fund - Regular Plan - Growth,2022-07-15,1.4867058289238422
119120,SBI Magnum Gilt Fund - Regular Plan - Growth,2022-07-18,1.6364043278980818
119120,SBI Magnum Gilt Fund - Regular Plan - Growth,2022-07-19,1.6122315573936048
119120,SBI Magnum Gilt Fund - Regular Plan - Growth,2022-07-20,1.6033967886431244
119120,SBI Magnum Gilt Fund - Regular Plan - Growth,2022-07-21,1.5645135329791306
119120,SBI Magnum Gilt Fund - Regular Plan - Growth,2022-07-22,1.719017680351731
119120,SBI Magnum Gilt Fund - Regular Plan - Growth,2022-07-25,1.281815282855724
119120,SBI Magnum Gilt Fund - Regular Plan - Growth,2022-07-26,1.3738431350480513
119120,SBI Magnum Gilt Fund - Regular Plan - Growth,2022-07-27,1.3420342402575431
119120,SBI Magnum Gilt Fund - Regular Plan - Growth,2022-07-28,1.1132384564894569
119120,SBI Magnum Gilt Fund - Regular Plan - Growth,2022-07-29,1.2985397846729831
119120,SBI Magnum Gilt Fund - Regular Plan - Growth,2022-08-01,1.2311668174661117
119120,SBI Magnum Gilt Fund - Regular Plan - Growth,2022-08-02,1.236571409541504
119120,SBI Magnum Gilt Fund - Regular Plan - Growth,2022-08-03,1.3056305118095168
119120,SBI Magnum Gilt Fund - Regular Plan - Growth,2022-08-04,1.3191508128496452
119120,SBI Magnum Gilt Fund - Regular Plan - Growth,2022-08-05,1.067611562775855
119120,SBI Magnum Gilt Fund - Regular Plan - Growth,2022-08-08,1.158619550915792
119120,SBI Magnum Gilt Fund - Regular Plan - Growth,2022-08-09,0.9731883251219264
119120,SBI Magnum Gilt Fund - Regular Plan - Growth,2022-08-10,0.9037057616599969
119120,SBI Magnum Gilt Fund - Regular Plan - Growth,2022-08-11,0.9439442150651662
119120,SBI Magnum Gilt Fund - Regular Plan - Growth,2022-08-12,1.0782755246110813
119120,SBI Magnum Gilt Fund - Regular Plan - Growth,2022-08-15,0.6871775390638925
119120,SBI Magnum Gilt Fund - Regular Plan - Growth,2022-08-16,1.162595457212905
119120,SBI Magnum Gilt Fund - Regular Plan - Growth,2022-08-17,1.1995570004903242
119120,SBI Magnum Gilt Fund - Regular Plan - Growth,2022-08-18,1.5016220627179047
119120,SBI Magnum Gilt Fund - Regular Plan - Growth,2022-08-19,1.1282235360465847
119120,SBI Magnum Gilt Fund - Regular Plan - Growth,2022-08-22,1.3836096280548873
119120,SBI Magnum Gilt Fund - Regular Plan - Growth,2022-08-23,0.9931078009646429
119120,SBI Magnum Gilt Fund - Regular Plan - Growth,2022-08-24,0.7238761318936727
119120,SBI Magnum Gilt Fund - Regular Plan - Growth,2022-08-25,0.7565677340344561
119120,SBI Magnum Gilt Fund - Regular Plan - Growth,2022-08-26,0.8641957912097626
119120,SBI Magnum Gilt Fund - Regular Plan - Growth,2022-08-29,0.9145861161081341
119120,SBI Magnum Gilt Fund - Regular Plan - Growth,2022-08-30,0.8298495596283286
119120,SBI Magnum Gilt Fund - Regular Plan - Growth,2022-08-31,0.6715871995570531
119120,SBI Magnum Gilt Fund - Regular Plan - Growth,2022-09-01,0.8216537580230403
119120,SBI Magnum Gilt Fund - Regular Plan - Growth,2022-09-02,0.5420400045318422
119120,SBI Magnum Gilt Fund - Regular Plan - Growth,2022-09-05,0.564515979172636
119120,SBI Magnum Gilt Fund - Regular Plan - Growth,2022-09-06,0.7209922197815055
119120,SBI Magnum Gilt Fund - Regular Plan - Growth,2022-09-07,1.1470804850305767
119120,SBI Magnum Gilt Fund - Regular Plan - Growth,2022-09-08,1.224032293067885
119120,SBI Magnum Gilt Fund - Regular Plan - Growth,2022-09-09,0.6426284117198601
119120,SBI Magnum Gilt Fund - Regular Plan - Growth,2022-09-12,0.7101568195897253
119120,SBI Magnum Gilt Fund - Regular Plan - Growth,2022-09-13,0.7190605981062613
119120,SBI Magnum Gilt Fund - Regular Plan - Growth,2022-09-14,0.2231642498271976
119120,SBI Magnum Gilt Fund - Regular Plan - Growth,2022-09-15,-0.05439499186171091
119120,SBI Magnum Gilt Fund - Regular Plan - Growth,2022-09-16,0.46769603422376055
119120,SBI Magnum Gilt Fund - Regular Plan - Growth,2022-09-19,0.4486559885659423
119120,SBI Magnum Gilt Fund - Regular Plan - Growth,2022-09-20,0.48675246152690804
119120,SBI Magnum Gilt Fund - Regular Plan - Growth,2022-09-21,0.1499386106246717
119120,SBI Magnum Gilt Fund - Regular Plan - Growth,2022-09-22,-0.2350863262016484
119120,SBI Magnum Gilt Fund - Regular Plan - Growth,2022-09-23,-0.18377539006826682
119120,SBI Magnum Gilt Fund - Regular Plan - Growth,2022-09-26,-0.05856436101143204
119120,SBI Magnum Gilt Fund - Regular Plan - Growth,2022-09-27,0.12366121150362186
119120,SBI Magnum Gilt Fund - Regular Plan - Growth,2022-09-28,-0.013238098866416232
119120,SBI Magnum Gilt Fund - Regular Plan - Growth,2022-09-29,-0.0688288406254835
119120,SBI Magnum Gilt Fund - Regular Plan - Growth,2022-09-30,-0.19717111025123482
119120,SBI Magnum Gilt Fund - Regular Plan - Growth,2022-10-03,-0.39398029767227943
119120,SBI Magnum Gilt Fund - Regular Plan - Growth,2022-10-04,-0.5610499604737301
119120,SBI Magnum Gilt Fund - Regular Plan - Growth,2022-10-05,-0.8038708154572589
119120,SBI Magnum Gilt Fund - Regular Plan - Growth,2022-10-06,-1.3049265273865531
119120,SBI Magnum Gilt Fund - Regular Plan - Growth,2022-10-07,-1.1676078408607027
119120,SBI Magnum Gilt Fund - Regular Plan - Growth,2022-10-10,-0.9773272813871409
119120,SBI Magnum Gilt Fund - Regular Plan - Growth,2022-10-11,-1.090668900185929
119120,SBI Magnum Gilt Fund - Regular Plan - Growth,2022-10-12,-1.3877891529657183
119120,SBI Magnum Gilt Fund - Regular Plan - Growth,2022-10-13,-1.5668342633138745
119120,SBI Magnum Gilt Fund - Regular Plan - Growth,2022-10-14,-1.6251047698219878
119120,SBI Magnum Gilt Fund - Regular Plan - Growth,2022-10-17,-1.8677392353975988
119120,SBI Magnum Gilt Fund - Regular Plan - Growth,2022-10-18,-2.470285765914455
119120,SBI Magnum Gilt Fund - Regular Plan - Growth,2022-10-19,-2.578663228288829
119120,SBI Magnum Gilt Fund - Regular Plan - Growth,2022-10-20,-2.4326253989000515
119120,SBI Magnum Gilt Fund - Regular Plan - Growth,2022-10-21,-2.5240860576496624
119120,SBI Magnum Gilt Fund - Regular Plan - Growth,2022-10-24,-2.574857372998729
119120,SBI Magnum Gilt Fund - Regular Plan - Growth,2022-10-25,-2.955555378442827
119120,SBI Magnum Gilt Fund - Regular Plan - Growth,2022-10-26,-2.8372949578608364
119120,SBI Magnum Gilt Fund - Regular Plan - Growth,2022-10-27,-2.9168742181230143
119120,SBI Magnum Gilt Fund - Regular Plan - Growth,2022-10-28,-2.8473880970736585
119120,SBI Magnum Gilt Fund - Regular Plan - Growth,2022-10-31,-2.4703990357937906
119120,SBI Magnum Gilt Fund - Regular Plan - Growth,2022-11-01,-2.2464364654092415
119120,SBI Magnum Gilt Fund - Regular Plan - Growth,2022-11-02,-2.3090329062794597
119120,SBI Magnum Gilt Fund - Regular Plan - Growth,2022-11-03,-2.5131493072822817
119120,SBI Magnum Gilt Fund - Regular Plan - Growth,2022-11-04,-2.5665448658875554
119120,SBI Magnum Gilt Fund - Regular Plan - Growth,2022-11-07,-2.3979343158565376
119120,SBI Magnum Gilt Fund - Regular Plan - Growth,2022-11-08,-2.422043297477561
119120,SBI Magnum Gilt Fund - Regular Plan - Growth,2022-11-09,-2.3907322092975916
119120,SBI Magnum Gilt Fund - Regular Plan - Growth,2022-11-10,-2.4837110908269557
119120,SBI Magnum Gilt Fund - Regular Plan - Growth,2022-11-11,-2.550186938330963
119120,SBI Magnum Gilt Fund - Regular Plan - Growth,2022-11-14,-2.696597042244468
119120,SBI Magnum Gilt Fund - Regular Plan - Growth,2022-11-15,-2.5431658130387453
119120,SBI Magnum Gilt Fund - Regular Plan - Growth,2022-11-16,-2.3919967853374566
119120,SBI Magnum Gilt Fund - Regular Plan - Growth,2022-11-17,-1.9833822527856808
119120,SBI Magnum Gilt Fund - Regular Plan - Growth,2022-11-18,-2.2983785922213946
119120,SBI Magnum Gilt Fund - Regular Plan - Growth,2022-11-21,-2.22720477388992
119120,SBI Magnum Gilt Fund - Regular Plan - Growth,2022-11-22,-2.520599100285135
119120,SBI Magnum Gilt Fund - Regular Plan - Growth,2022-11-23,-2.4078134716678643
119120,SBI Magnum Gilt Fund - Regular Plan - Growth,2022-11-24,-2.367445091362252
119120,SBI Magnum Gilt Fund - Regular Plan - Growth,2022-11-25,-2.9979799083658474
119120,SBI Magnum Gilt Fund - Regular Plan - Growth,2022-11-28,-2.929173602038906
119120,SBI Magnum Gilt Fund - Regular Plan - Growth,2022-11-29,-3.0382191659356024
119120,SBI Magnum Gilt Fund - Regular Plan - Growth,2022-11-30,-2.988077309346059
119120,SBI Magnum Gilt Fund - Regular Plan - Growth,2022-12-01,-2.5622047033018616
119120,SBI Magnum Gilt Fund - Regular Plan - Growth,2022-12-02,-2.6931261554350296
119120,SBI Magnum Gilt Fund - Regular Plan - Growth,2022-12-05,-3.053995701191214
119120,SBI Magnum Gilt Fund - Regular Plan - Growth,2022-12-06,-2.993329563188767
119120,SBI Magnum Gilt Fund - Regular Plan - Growth,2022-12-07,-2.816698864442707
119120,SBI Magnum Gilt Fund - Regular Plan - Growth,2022-12-08,-2.7703435596828894
119120,SBI Magnum Gilt Fund - Regular Plan - Growth,2022-12-09,-2.4449110878146847
119120,SBI Magnum Gilt Fund - Regular Plan - Growth,2022-12-12,-2.399704083781563
119120,SBI Magnum Gilt Fund - Regular Plan - Growth,2022-12-13,-2.4876254193772156
119120,SBI Magnum Gilt Fund - Regular Plan - Growth,2022-12-14,-2.833315943062405
119120,SBI Magnum Gilt Fund - Regular Plan - Growth,2022-12-15,-2.816381227557153
119120,SBI Magnum Gilt Fund - Regular Plan - Growth,2022-12-16,-2.8652504181632543
119120,SBI Magnum Gilt Fund - Regular Plan - Growth,2022-12-19,-3.0239751086706588
119120,SBI Magnum Gilt Fund - Regular Plan - Growth,2022-12-20,-2.607496076466862
119120,SBI Magnum Gilt Fund - Regular Plan - Growth,2022-12-21,-2.6339302872632
119120,SBI Magnum Gilt Fund - Regular Plan - Growth,2022-12-22,-2.675557786071304
119120,SBI Magnum Gilt Fund - Regular Plan - Growth,2022-12-23,-2.3009468428651187
119120,SBI Magnum Gilt Fund - Regular Plan - Growth,2022-12-26,-1.8985712662828378
119120,SBI Magnum Gilt Fund - Regular Plan - Growth,2022-12-27,-1.570436723410951
119120,SBI Magnum Gilt Fund - Regular Plan - Growth,2022-12-28,-1.3706559839931107
119120,SBI Magnum Gilt Fund - Regular Plan - Growth,2022-12-29,-1.5228967445920152
119120,SBI Magnum Gilt Fund - Regular Plan - Growth,2022-12-30,-1.6799841337634798
119120,SBI Magnum Gilt Fund - Regular Plan - Growth,2023-01-02,-1.7581986930107907
119120,SBI Magnum Gilt Fund - Regular Plan - Growth,2023-01-03,-1.7361109353523159
119120,SBI Magnum Gilt Fund - Regular Plan - Growth,2023-01-04,-1.9536217579352475
119120,SBI Magnum Gilt Fund - Regular Plan - Growth,2023-01-05,-2.160186051302601
119120,SBI Magnum Gilt Fund - Regular Plan - Growth,2023-01-06,-1.8420619494999149
119120,SBI Magnum Gilt Fund - Regular Plan - Growth,2023-01-09,-2.2299294978097772
119120,SBI Magnum Gilt Fund - Regular Plan - Growth,2023-01-10,-2.193923068875103
119120,SBI Magnum Gilt Fund - Regular Plan - Growth,2023-01-11,-2.417282327729752
119120,SBI Magnum Gilt Fund - Regular Plan - Growth,2023-01-12,-2.2218687806879602
119120,SBI Magnum Gilt Fund - Regular Plan - Growth,2023-01-13,-1.8706526414190812
119120,SBI Magnum Gilt Fund - Regular Plan - Growth,2023-01-16,-1.3166715625356096
119120,SBI Magnum Gilt Fund - Regular Plan - Growth,2023-01-17,-1.1304278452692926
119120,SBI Magnum Gilt Fund - Regular Plan - Growth,2023-01-18,-1.064685714587954
119120,SBI Magnum Gilt Fund - Regular Plan - Growth,2023-01-19,-0.8701750455373004
119120,SBI Magnum Gilt Fund - Regular Plan - Growth,2023-01-20,-1.4799074753550976
119120,SBI Magnum Gilt Fund - Regular Plan - Growth,2023-01-23,-1.593951376341144
119120,SBI Magnum Gilt Fund - Regular Plan - Growth,2023-01-24,-1.9376723596044878
119120,SBI Magnum Gilt Fund - Regular Plan - Growth,2023-01-25,-1.7541908319787554
119120,SBI Magnum Gilt Fund - Regular Plan - Growth,2023-01-26,-1.545569595038683
119120,SBI Magnum Gilt Fund - Regular Plan - Growth,2023-01-27,-1.34117180171605
119120,SBI Magnum Gilt Fund - Regular Plan - Growth,2023-01-30,-1.1186991942898867
119120,SBI Magnum Gilt Fund - Regular Plan - Growth,2023-01-31,-0.8082529331247547
119120,SBI Magnum Gilt Fund - Regular Plan - Growth,2023-02-01,-0.9294336155240882
119120,SBI Magnum Gilt Fund - Regular Plan - Growth,2023-02-02,-0.8929636340047077
119120,SBI Magnum Gilt Fund - Regular Plan - Growth,2023-02-03,-0.7599061752712715
119120,SBI Magnum Gilt Fund - Regular Plan - Growth,2023-02-06,-0.6321341948777393
119120,SBI Magnum Gilt Fund - Regular Plan - Growth,2023-02-07,-0.8430440928204729
119120,SBI Magnum Gilt Fund - Regular Plan - Growth,2023-02-08,-0.24590329159807325
119120,SBI Magnum Gilt Fund - Regular Plan - Growth,2023-02-09,0.14113844656587196
119120,SBI Magnum Gilt Fund - Regular Plan - Growth,2023-02-10,0.123271660769829
119120,SBI Magnum Gilt Fund - Regular Plan - Growth,2023-02-13,-0.10599587857361377
119120,SBI Magnum Gilt Fund - Regular Plan - Growth,2023-02-14,-0.3034612703838818
119120,SBI Magnum Gilt Fund - Regular Plan - Growth,2023-02-15,-0.16392852711987602
119120,SBI Magnum Gilt Fund - Regular Plan - Growth,2023-02-16,-0.06352586620383864
119120,SBI Magnum Gilt Fund - Regular Plan - Growth,2023-02-17,-0.20072436103115934
119120,SBI Magnum Gilt Fund - Regular Plan - Growth,2023-02-20,0.07241792269048927
119120,SBI Magnum Gilt Fund - Regular Plan - Growth,2023-02-21,-0.09139274824226858
119120,SBI Magnum Gilt Fund - Regular Plan - Growth,2023-02-22,-0.39496496266966696
119120,SBI Magnum Gilt Fund - Regular Plan - Growth,2023-02-23,-0.5295586263406833
119120,SBI Magnum Gilt Fund - Regular Plan - Growth,2023-02-24,-0.35214199769390125
119120,SBI Magnum Gilt Fund - Regular Plan - Growth,2023-02-27,-0.5520765127299633
119120,SBI Magnum Gilt Fund - Regular Plan - Growth,2023-02-28,-0.40284259216491897
119120,SBI Magnum Gilt Fund - Regular Plan - Growth,2023-03-01,-0.697278605299001
119120,SBI Magnum Gilt Fund - Regular Plan - Growth,2023-03-02,-0.6233866330003682
119120,SBI Magnum Gilt Fund - Regular Plan - Growth,2023-03-03,-0.5631375801071172
119120,SBI Magnum Gilt Fund - Regular Plan - Growth,2023-03-06,-0.3550567239331234
119120,SBI Magnum Gilt Fund - Regular Plan - Growth,2023-03-07,-0.6785447678002094
119120,SBI Magnum Gilt Fund - Regular Plan - Growth,2023-03-08,-0.7253420183008478
119120,SBI Magnum Gilt Fund - Regular Plan - Growth,2023-03-09,-0.7902306101865988
119120,SBI Magnum Gilt Fund - Regular Plan - Growth,2023-03-10,-0.8832194153423832
119120,SBI Magnum Gilt Fund - Regular Plan - Growth,2023-03-13,-0.9453661718598869
119120,SBI Magnum Gilt Fund - Regular Plan - Growth,2023-03-14,-0.6734042476317929
119120,SBI Magnum Gilt Fund - Regular Plan - Growth,2023-03-15,-0.3830736780305121
119120,SBI Magnum Gilt Fund - Regular Plan - Growth,2023-03-16,-0.3531536970272824
119120,SBI Magnum Gilt Fund - Regular Plan - Growth,2023-03-17,-0.5577136646599262
119120,SBI Magnum Gilt Fund - Regular Plan - Growth,2023-03-20,-0.5630022779750271
119120,SBI Magnum Gilt Fund - Regular Plan - Growth,2023-03-21,-0.39204107217122075
119120,SBI Magnum Gilt Fund - Regular Plan - Growth,2023-03-22,-0.5945019910917337
119120,SBI Magnum Gilt Fund - Regular Plan - Growth,2023-03-23,-0.5181566786113253
119120,SBI Magnum Gilt Fund - Regular Plan - Growth,2023-03-24,-0.11841976739623097
119120,SBI Magnum Gilt Fund - Regular Plan - Growth,2023-03-27,0.016623405710480987
119120,SBI Magnum Gilt Fund - Regular Plan - Growth,2023-03-28,0.2687677277743557
119120,SBI Magnum Gilt Fund - Regular Plan - Growth,2023-03-29,0.26862666357845855
119120,SBI Magnum Gilt Fund - Regular Plan - Growth,2023-03-30,0.4001104777793233
119120,SBI Magnum Gilt Fund - Regular Plan - Growth,2023-03-31,0.8096195751288404
119120,SBI Magnum Gilt Fund - Regular Plan - Growth,2023-04-03,0.707034528364883
119120,SBI Magnum Gilt Fund - Regular Plan - Growth,2023-04-04,0.7104473514974036
119120,SBI Magnum Gilt Fund - Regular Plan - Growth,2023-04-05,0.883283972126195
119120,SBI Magnum Gilt Fund - Regular Plan - Growth,2023-04-06,0.4313125999636995
119120,SBI Magnum Gilt Fund - Regular Plan - Growth,2023-04-07,0.5197984844329635
119120,SBI Magnum Gilt Fund - Regular Plan - Growth,2023-04-10,0.8442400377928568
119120,SBI Magnum Gilt Fund - Regular Plan - Growth,2023-04-11,0.4458721494468943
119120,SBI Magnum Gilt Fund - Regular Plan - Growth,2023-04-12,0.5825873794976647
119120,SBI Magnum Gilt Fund - Regular Plan - Growth,2023-04-13,0.7874137150551355
119120,SBI Magnum Gilt Fund - Regular Plan - Growth,2023-04-14,0.5224567290568289
119120,SBI Magnum Gilt Fund - Regular Plan - Growth,2023-04-17,0.5245824120582604
119120,SBI Magnum Gilt Fund - Regular Plan - Growth,2023-04-18,0.9059889739501019
119120,SBI Magnum Gilt Fund - Regular Plan - Growth,2023-04-19,1.1976792542579215
119120,SBI Magnum Gilt Fund - Regular Plan - Growth,2023-04-20,1.454781744281236
119120,SBI Magnum Gilt Fund - Regular Plan - Growth,2023-04-21,1.1278140334066598
119120,SBI Magnum Gilt Fund - Regular Plan - Growth,2023-04-24,1.7224131558687197
119120,SBI Magnum Gilt Fund - Regular Plan - Growth,2023-04-25,1.2882213979338828
119120,SBI Magnum Gilt Fund - Regular Plan - Growth,2023-04-26,1.2098039210845957
119120,SBI Magnum Gilt Fund - Regular Plan - Growth,2023-04-27,1.0495267315081536
119120,SBI Magnum Gilt Fund - Regular Plan - Growth,2023-04-28,1.1402939795244127
119120,SBI Magnum Gilt Fund - Regular Plan - Growth,2023-05-01,0.9322142575492163
119120,SBI Magnum Gilt Fund - Regular Plan - Growth,2023-05-02,0.6413564898096156
119120,SBI Magnum Gilt Fund - Regular Plan - Growth,2023-05-03,0.22707841482008106
119120,SBI Magnum Gilt Fund - Regular Plan - Growth,2023-05-04,0.13415596922058814
119120,SBI Magnum Gilt Fund - Regular Plan - Growth,2023-05-05,0.23738092509143566
119120,SBI Magnum Gilt Fund - Regular Plan - Growth,2023-05-08,0.3662706655690822
119120,SBI Magnum Gilt Fund - Regular Plan - Growth,2023-05-09,0.7370069189168602
119120,SBI Magnum Gilt Fund - Regular Plan - Growth,2023-05-10,1.0010497848861561
119120,SBI Magnum Gilt Fund - Regular Plan - Growth,2023-05-11,1.4257962746481792
119120,SBI Magnum Gilt Fund - Regular Plan - Growth,2023-05-12,1.4981193000673891
119120,SBI Magnum Gilt Fund - Regular Plan - Growth,2023-05-15,1.5598300033334365
119120,SBI Magnum Gilt Fund - Regular Plan - Growth,2023-05-16,1.4891859709697166
119120,SBI Magnum Gilt Fund - Regular Plan - Growth,2023-05-17,1.6786381446442318
119120,SBI Magnum Gilt Fund - Regular Plan - Growth,2023-05-18,1.6428074933995636
119120,SBI Magnum Gilt Fund - Regular Plan - Growth,2023-05-19,1.8296272222764758
119120,SBI Magnum Gilt Fund - Regular Plan - Growth,2023-05-22,1.284180002355315
119120,SBI Magnum Gilt Fund - Regular Plan - Growth,2023-05-23,0.8317347991826625
119120,SBI Magnum Gilt Fund - Regular Plan - Growth,2023-05-24,1.0570878748517198
119120,SBI Magnum Gilt Fund - Regular Plan - Growth,2023-05-25,1.0716890644841468
119120,SBI Magnum Gilt Fund - Regular Plan - Growth,2023-05-26,1.061965664334092
119120,SBI Magnum Gilt Fund - Regular Plan - Growth,2023-05-29,1.2206921937381285
119120,SBI Magnum Gilt Fund - Regular Plan - Growth,2023-05-30,1.30703716591181
119120,SBI Magnum Gilt Fund - Regular Plan - Growth,2023-05-31,1.4321532883085333
119120,SBI Magnum Gilt Fund - Regular Plan - Growth,2023-06-01,1.5117664700681432
119120,SBI Magnum Gilt Fund - Regular Plan - Growth,2023-06-02,1.5946346070030475
119120,SBI Magnum Gilt Fund - Regular Plan - Growth,2023-06-05,1.6841441900333922
119120,SBI Magnum Gilt Fund - Regular Plan - Growth,2023-06-06,1.4202615198584356
119120,SBI Magnum Gilt Fund - Regular Plan - Growth,2023-06-07,1.3870678155189813
119120,SBI Magnum Gilt Fund - Regular Plan - Growth,2023-06-08,0.8664475327722159
119120,SBI Magnum Gilt Fund - Regular Plan - Growth,2023-06-09,0.4654026892059983
119120,SBI Magnum Gilt Fund - Regular Plan - Growth,2023-06-12,0.2954400641888123
119120,SBI Magnum Gilt Fund - Regular Plan - Growth,2023-06-13,0.6863676675313924
119120,SBI Magnum Gilt Fund - Regular Plan - Growth,2023-06-14,0.4193606383389251
119120,SBI Magnum Gilt Fund - Regular Plan - Growth,2023-06-15,0.44904875000876454
119120,SBI Magnum Gilt Fund - Regular Plan - Growth,2023-06-16,-0.07725878002008377
119120,SBI Magnum Gilt Fund - Regular Plan - Growth,2023-06-19,-0.14435955540047204
119120,SBI Magnum Gilt Fund - Regular Plan - Growth,2023-06-20,0.23468620345303845
119120,SBI Magnum Gilt Fund - Regular Plan - Growth,2023-06-21,0.3896677749141386
119120,SBI Magnum Gilt Fund - Regular Plan - Growth,2023-06-22,0.38561519585482446
119120,SBI Magnum Gilt Fund - Regular Plan - Growth,2023-06-23,0.6830796429897278
119120,SBI Magnum Gilt Fund - Regular Plan - Growth,2023-06-26,0.9679519337936037
119120,SBI Magnum Gilt Fund - Regular Plan - Growth,2023-06-27,1.2513261859793878
119120,SBI Magnum Gilt Fund - Regular Plan - Growth,2023-06-28,1.4802257350450878
119120,SBI Magnum Gilt Fund - Regular Plan - Growth,2023-06-29,1.3951665166846192
119120,SBI Magnum Gilt Fund - Regular Plan - Growth,2023-06-30,1.6740829943610611
119120,SBI Magnum Gilt Fund - Regular Plan - Growth,2023-07-03,1.336108828793215
119120,SBI Magnum Gilt Fund - Regular Plan - Growth,2023-07-04,1.6393898445294393
119120,SBI Magnum Gilt Fund - Regular Plan - Growth,2023-07-05,1.8111682956286361
119120,SBI Magnum Gilt Fund - Regular Plan - Growth,2023-07-06,1.9767506086906952
119120,SBI Magnum Gilt Fund - Regular Plan - Growth,2023-07-07,1.7449070520164687
119120,SBI Magnum Gilt Fund - Regular Plan - Growth,2023-07-10,1.5788278727064375
119120,SBI Magnum Gilt Fund - Regular Plan - Growth,2023-07-11,1.791656034588019
119120,SBI Magnum Gilt Fund - Regular Plan - Growth,2023-07-12,2.446788292177306
119120,SBI Magnum Gilt Fund - Regular Plan - Growth,2023-07-13,2.533037418326813
119120,SBI Magnum Gilt Fund - Regular Plan - Growth,2023-07-14,2.528224902955811
119120,SBI Magnum Gilt Fund - Regular Plan - Growth,2023-07-17,2.5457780617639894
119120,SBI Magnum Gilt Fund - Regular Plan - Growth,2023-07-18,2.2565813709934552
119120,SBI Magnum Gilt Fund - Regular Plan - Growth,2023-07-19,1.781640191760194
119120,SBI Magnum Gilt Fund - Regular Plan - Growth,2023-07-20,1.6984457274524252
119120,SBI Magnum Gilt Fund - Regular Plan - Growth,2023-07-21,2.0494053966801324
119120,SBI Magnum Gilt Fund - Regular Plan - Growth,2023-07-24,1.781856086475391
119120,SBI Magnum Gilt Fund - Regular Plan - Growth,2023-07-25,1.7797152476446423
119120,SBI Magnum Gilt Fund - Regular Plan - Growth,2023-07-26,1.9248825884213974
119120,SBI Magnum Gilt Fund - Regular Plan - Growth,2023-07-27,1.5831509237646462
119120,SBI Magnum Gilt Fund - Regular Plan - Growth,2023-07-28,1.3519698415293773
119120,SBI Magnum Gilt Fund - Regular Plan - Growth,2023-07-31,1.3422970640810394
119120,SBI Magnum Gilt Fund - Regular Plan - Growth,2023-08-01,1.4119997365111348
119120,SBI Magnum Gilt Fund - Regular Plan - Growth,2023-08-02,1.3159820243133087
119120,SBI Magnum Gilt Fund - Regular Plan - Growth,2023-08-03,1.045723247960212
119120,SBI Magnum Gilt Fund - Regular Plan - Growth,2023-08-04,0.9834134896882483
119120,SBI Magnum Gilt Fund - Regular Plan - Growth,2023-08-07,0.9815737314710526
119120,SBI Magnum Gilt Fund - Regular Plan - Growth,2023-08-08,0.6843914294134845
119120,SBI Magnum Gilt Fund - Regular Plan - Growth,2023-08-09,0.9669787895068597
119120,SBI Magnum Gilt Fund - Regular Plan - Growth,2023-08-10,1.2139422289240185
119120,SBI Magnum Gilt Fund - Regular Plan - Growth,2023-08-11,1.3030847606289635
119120,SBI Magnum Gilt Fund - Regular Plan - Growth,2023-08-14,1.1180282019071095
119120,SBI Magnum Gilt Fund - Regular Plan - Growth,2023-08-15,1.3898111581019807
119120,SBI Magnum Gilt Fund - Regular Plan - Growth,2023-08-16,1.1094883131992446
119120,SBI Magnum Gilt Fund - Regular Plan - Growth,2023-08-17,0.6374803050782184
119120,SBI Magnum Gilt Fund - Regular Plan - Growth,2023-08-18,1.0779992885121055
119120,SBI Magnum Gilt Fund - Regular Plan - Growth,2023-08-21,0.7773174597538799
119120,SBI Magnum Gilt Fund - Regular Plan - Growth,2023-08-22,0.6035241648256611
119120,SBI Magnum Gilt Fund - Regular Plan - Growth,2023-08-23,0.33135078376888466
119120,SBI Magnum Gilt Fund - Regular Plan - Growth,2023-08-24,0.38046962779875354
119120,SBI Magnum Gilt Fund - Regular Plan - Growth,2023-08-25,0.619084930465247
119120,SBI Magnum Gilt Fund - Regular Plan - Growth,2023-08-28,0.31434919422689644
119120,SBI Magnum Gilt Fund - Regular Plan - Growth,2023-08-29,0.5517687221894126
119120,SBI Magnum Gilt Fund - Regular Plan - Growth,2023-08-30,0.6565279925585477
119120,SBI Magnum Gilt Fund - Regular Plan - Growth,2023-08-31,0.8648865793286036
119120,SBI Magnum Gilt Fund - Regular Plan - Growth,2023-09-01,0.7037760178190088
119120,SBI Magnum Gilt Fund - Regular Plan - Growth,2023-09-04,0.9090060216731735
119120,SBI Magnum Gilt Fund - Regular Plan - Growth,2023-09-05,1.3594212509251251
119120,SBI Magnum Gilt Fund - Regular Plan - Growth,2023-09-06,1.4720139112770625
119120,SBI Magnum Gilt Fund - Regular Plan - Growth,2023-09-07,1.7775040514658844
119120,SBI Magnum Gilt Fund - Regular Plan - Growth,2023-09-08,1.7695856962749985
119120,SBI Magnum Gilt Fund - Regular Plan - Growth,2023-09-11,1.809681498049144
119120,SBI Magnum Gilt Fund - Regular Plan - Growth,2023-09-12,1.3312030848410807
119120,SBI Magnum Gilt Fund - Regular Plan - Growth,2023-09-13,1.182448598730061
119120,SBI Magnum Gilt Fund - Regular Plan - Growth,2023-09-14,0.9014374951455174
119120,SBI Magnum Gilt Fund - Regular Plan - Growth,2023-09-15,0.9782782196098403
119120,SBI Magnum Gilt Fund - Regular Plan - Growth,2023-09-18,1.372270213939969
119120,SBI Magnum Gilt Fund - Regular Plan - Growth,2023-09-19,1.054671965802077
119120,SBI Magnum Gilt Fund - Regular Plan - Growth,2023-09-20,0.8905180844958113
119120,SBI Magnum Gilt Fund - Regular Plan - Growth,2023-09-21,1.0681873583284296
119120,SBI Magnum Gilt Fund - Regular Plan - Growth,2023-09-22,0.9618304362549707
119120,SBI Magnum Gilt Fund - Regular Plan - Growth,2023-09-25,1.12287013917888
119120,SBI Magnum Gilt Fund - Regular Plan - Growth,2023-09-26,1.3433364988453975
119120,SBI Magnum Gilt Fund - Regular Plan - Growth,2023-09-27,1.4156987860355894
119120,SBI Magnum Gilt Fund - Regular Plan - Growth,2023-09-28,1.324755981916152
119120,SBI Magnum Gilt Fund - Regular Plan - Growth,2023-09-29,1.231673972357238
119120,SBI Magnum Gilt Fund - Regular Plan - Growth,2023-10-02,1.0885778195053695
119120,SBI Magnum Gilt Fund - Regular Plan - Growth,2023-10-03,1.3457994206971813
119120,SBI Magnum Gilt Fund - Regular Plan - Growth,2023-10-04,1.1813889120996972
119120,SBI Magnum Gilt Fund - Regular Plan - Growth,2023-10-05,1.2060919685843925
119120,SBI Magnum Gilt Fund - Regular Plan - Growth,2023-10-06,0.9214390368031723
119120,SBI Magnum Gilt Fund - Regular Plan - Growth,2023-10-09,0.640292457787269
119120,SBI Magnum Gilt Fund - Regular Plan - Growth,2023-10-10,0.8147488007391044
119120,SBI Magnum Gilt Fund - Regular Plan - Growth,2023-10-11,0.9243053724815786
119120,SBI Magnum Gilt Fund - Regular Plan - Growth,2023-10-12,1.0538047525706915
119120,SBI Magnum Gilt Fund - Regular Plan - Growth,2023-10-13,1.419695880618731
119120,SBI Magnum Gilt Fund - Regular Plan - Growth,2023-10-16,1.6232903447719578
119120,SBI Magnum Gilt Fund - Regular Plan - Growth,2023-10-17,1.4150838141106363
119120,SBI Magnum Gilt Fund - Regular Plan - Growth,2023-10-18,1.6418835731172745
119120,SBI Magnum Gilt Fund - Regular Plan - Growth,2023-10-19,1.575913590060252
119120,SBI Magnum Gilt Fund - Regular Plan - Growth,2023-10-20,2.0343729679987383
119120,SBI Magnum Gilt Fund - Regular Plan - Growth,2023-10-23,2.0381252288137226
119120,SBI Magnum Gilt Fund - Regular Plan - Growth,2023-10-24,1.858204149882546
119120,SBI Magnum Gilt Fund - Regular Plan - Growth,2023-10-25,1.9100845002095026
119120,SBI Magnum Gilt Fund - Regular Plan - Growth,2023-10-26,1.6535262973234899
119120,SBI Magnum Gilt Fund - Regular Plan - Growth,2023-10-27,1.5952459550229297
119120,SBI Magnum Gilt Fund - Regular Plan - Growth,2023-10-30,1.3579381391793128
119120,SBI Magnum Gilt Fund - Regular Plan - Growth,2023-10-31,1.4023097373517448
119120,SBI Magnum Gilt Fund - Regular Plan - Growth,2023-11-01,1.5567710588509334
119120,SBI Magnum Gilt Fund - Regular Plan - Growth,2023-11-02,1.5800148411064787
119120,SBI Magnum Gilt Fund - Regular Plan - Growth,2023-11-03,1.452370807800726
119120,SBI Magnum Gilt Fund - Regular Plan - Growth,2023-11-06,1.6694524837951537
119120,SBI Magnum Gilt Fund - Regular Plan - Growth,2023-11-07,1.5782694682663307
119120,SBI Magnum Gilt Fund - Regular Plan - Growth,2023-11-08,1.61285386089234
119120,SBI Magnum Gilt Fund - Regular Plan - Growth,2023-11-09,1.3233418827359957
119120,SBI Magnum Gilt Fund - Regular Plan - Growth,2023-11-10,1.5980667398962662
119120,SBI Magnum Gilt Fund - Regular Plan - Growth,2023-11-13,1.9553619097912631
119120,SBI Magnum Gilt Fund - Regular Plan - Growth,2023-11-14,1.8367931743846373
119120,SBI Magnum Gilt Fund - Regular Plan - Growth,2023-11-15,1.4669959368576866
119120,SBI Magnum Gilt Fund - Regular Plan - Growth,2023-11-16,1.344058168176259
119120,SBI Magnum Gilt Fund - Regular Plan - Growth,2023-11-17,1.3693672253090028
119120,SBI Magnum Gilt Fund - Regular Plan - Growth,2023-11-20,1.1038397899128425
119120,SBI Magnum Gilt Fund - Regular Plan - Growth,2023-11-21,1.0584066648224135
119120,SBI Magnum Gilt Fund - Regular Plan - Growth,2023-11-22,1.1360671717917314
119120,SBI Magnum Gilt Fund - Regular Plan - Growth,2023-11-23,1.4702352458996715
119120,SBI Magnum Gilt Fund - Regular Plan - Growth,2023-11-24,1.3274005926501014
119120,SBI Magnum Gilt Fund - Regular Plan - Growth,2023-11-27,1.5000529808195078
119120,SBI Magnum Gilt Fund - Regular Plan - Growth,2023-11-28,1.4745560689684405
119120,SBI Magnum Gilt Fund - Regular Plan - Growth,2023-11-29,1.1871357693669982
119120,SBI Magnum Gilt Fund - Regular Plan - Growth,2023-11-30,1.1810946484627007
119120,SBI Magnum Gilt Fund - Regular Plan - Growth,2023-12-01,1.2176108249275366
119120,SBI Magnum Gilt Fund - Regular Plan - Growth,2023-12-04,1.1276957159931866
119120,SBI Magnum Gilt Fund - Regular Plan - Growth,2023-12-05,1.0887822975984065
119120,SBI Magnum Gilt Fund - Regular Plan - Growth,2023-12-06,1.1303935464729769
119120,SBI Magnum Gilt Fund - Regular Plan - Growth,2023-12-07,1.185916393162792
119120,SBI Magnum Gilt Fund - Regular Plan - Growth,2023-12-08,1.2415182382272365
119120,SBI Magnum Gilt Fund - Regular Plan - Growth,2023-12-11,1.3680848094313454
119120,SBI Magnum Gilt Fund - Regular Plan - Growth,2023-12-12,1.5856486258971156
119120,SBI Magnum Gilt Fund - Regular Plan - Growth,2023-12-13,1.2580920631290033
119120,SBI Magnum Gilt Fund - Regular Plan - Growth,2023-12-14,1.026985351642936
119120,SBI Magnum Gilt Fund - Regular Plan - Growth,2023-12-15,0.9702941595707228
119120,SBI Magnum Gilt Fund - Regular Plan - Growth,2023-12-18,0.8926289090868096
119120,SBI Magnum Gilt Fund - Regular Plan - Growth,2023-12-19,1.4385039068005563
119120,SBI Magnum Gilt Fund - Regular Plan - Growth,2023-12-20,1.4644073985270831
119120,SBI Magnum Gilt Fund - Regular Plan - Growth,2023-12-21,1.5036206283213325
119120,SBI Magnum Gilt Fund - Regular Plan - Growth,2023-12-22,1.109710955399668
119120,SBI Magnum Gilt Fund - Regular Plan - Growth,2023-12-25,1.4384528404454129
119120,SBI Magnum Gilt Fund - Regular Plan - Growth,2023-12-26,1.916711724893454
119120,SBI Magnum Gilt Fund - Regular Plan - Growth,2023-12-27,1.887908202595808
119120,SBI Magnum Gilt Fund - Regular Plan - Growth,2023-12-28,1.3595008779538185
119120,SBI Magnum Gilt Fund - Regular Plan - Growth,2023-12-29,1.49843962573604
119120,SBI Magnum Gilt Fund - Regular Plan - Growth,2024-01-01,1.4695877824963597
119120,SBI Magnum Gilt Fund - Regular Plan - Growth,2024-01-02,1.1759867678991336
119120,SBI Magnum Gilt Fund - Regular Plan - Growth,2024-01-03,1.0006848522503429
119120,SBI Magnum Gilt Fund - Regular Plan - Growth,2024-01-04,0.8927839587301646
119120,SBI Magnum Gilt Fund - Regular Plan - Growth,2024-01-05,0.8880658382117936
119120,SBI Magnum Gilt Fund - Regular Plan - Growth,2024-01-08,0.3436943587911944
119120,SBI Magnum Gilt Fund - Regular Plan - Growth,2024-01-09,-0.11691775024206
119120,SBI Magnum Gilt Fund - Regular Plan - Growth,2024-01-10,0.01158241231531373
119120,SBI Magnum Gilt Fund - Regular Plan - Growth,2024-01-11,-0.27689315995660896
119120,SBI Magnum Gilt Fund - Regular Plan - Growth,2024-01-12,-0.3330206470353667
119120,SBI Magnum Gilt Fund - Regular Plan - Growth,2024-01-15,-0.34544285121327795
119120,SBI Magnum Gilt Fund - Regular Plan - Growth,2024-01-16,0.1521775596750314
119120,SBI Magnum Gilt Fund - Regular Plan - Growth,2024-01-17,0.2637190910948007
119120,SBI Magnum Gilt Fund - Regular Plan - Growth,2024-01-18,0.5163981518217481
119120,SBI Magnum Gilt Fund - Regular Plan - Growth,2024-01-19,0.036954625572871456
119120,SBI Magnum Gilt Fund - Regular Plan - Growth,2024-01-22,-0.16514896060427822
119120,SBI Magnum Gilt Fund - Regular Plan - Growth,2024-01-23,0.3496790632667288
119120,SBI Magnum Gilt Fund - Regular Plan - Growth,2024-01-24,0.5011480694960679
119120,SBI Magnum Gilt Fund - Regular Plan - Growth,2024-01-25,0.1330417794125406
119120,SBI Magnum Gilt Fund - Regular Plan - Growth,2024-01-26,0.0366021405405367
119120,SBI Magnum Gilt Fund - Regular Plan - Growth,2024-01-29,-0.22928072109893213
119120,SBI Magnum Gilt Fund - Regular Plan - Growth,2024-01-30,-0.1913973399623321
119120,SBI Magnum Gilt Fund - Regular Plan - Growth,2024-01-31,-0.04967542172246897
119120,SBI Magnum Gilt Fund - Regular Plan - Growth,2024-02-01,-0.077112877928579
119120,SBI Magnum Gilt Fund - Regular Plan - Growth,2024-02-02,0.3540278201972228
119120,SBI Magnum Gilt Fund - Regular Plan - Growth,2024-02-05,0.6125131712506856
119120,SBI Magnum Gilt Fund - Regular Plan - Growth,2024-02-06,0.44303454266532666
119120,SBI Magnum Gilt Fund - Regular Plan - Growth,2024-02-07,0.39536684549118084
119120,SBI Magnum Gilt Fund - Regular Plan - Growth,2024-02-08,0.5752476446911996
119120,SBI Magnum Gilt Fund - Regular Plan - Growth,2024-02-09,0.7293583286139284
119120,SBI Magnum Gilt Fund - Regular Plan - Growth,2024-02-12,1.2159431423457774
119120,SBI Magnum Gilt Fund - Regular Plan - Growth,2024-02-13,0.8410011917213207
119120,SBI Magnum Gilt Fund - Regular Plan - Growth,2024-02-14,1.0096071283050503
119120,SBI Magnum Gilt Fund - Regular Plan - Growth,2024-02-15,1.1834469270168289
119120,SBI Magnum Gilt Fund - Regular Plan - Growth,2024-02-16,0.8582267822438373
119120,SBI Magnum Gilt Fund - Regular Plan - Growth,2024-02-19,0.8972553138188762
119120,SBI Magnum Gilt Fund - Regular Plan - Growth,2024-02-20,0.9183796531854262
119120,SBI Magnum Gilt Fund - Regular Plan - Growth,2024-02-21,1.1348794831523004
119120,SBI Magnum Gilt Fund - Regular Plan - Growth,2024-02-22,1.1031048501454959
119120,SBI Magnum Gilt Fund - Regular Plan - Growth,2024-02-23,0.8239711925513452
119120,SBI Magnum Gilt Fund - Regular Plan - Growth,2024-02-26,1.1103587724188462
119120,SBI Magnum Gilt Fund - Regular Plan - Growth,2024-02-27,0.733888513041256
119120,SBI Magnum Gilt Fund - Regular Plan - Growth,2024-02-28,0.6040953751355744
119120,SBI Magnum Gilt Fund - Regular Plan - Growth,2024-02-29,0.9119572239678151
119120,SBI Magnum Gilt Fund - Regular Plan - Growth,2024-03-01,1.0215324848925995
119120,SBI Magnum Gilt Fund - Regular Plan - Growth,2024-03-04,1.1806031107166712
119120,SBI Magnum Gilt Fund - Regular Plan - Growth,2024-03-05,1.0757479625761472
119120,SBI Magnum Gilt Fund - Regular Plan - Growth,2024-03-06,0.8575563021104914
119120,SBI Magnum Gilt Fund - Regular Plan - Growth,2024-03-07,0.6471117477829853
119120,SBI Magnum Gilt Fund - Regular Plan - Growth,2024-03-08,0.15658526980782767
119120,SBI Magnum Gilt Fund - Regular Plan - Growth,2024-03-11,0.4058427078474213
119120,SBI Magnum Gilt Fund - Regular Plan - Growth,2024-03-12,0.1359390439432917
119120,SBI Magnum Gilt Fund - Regular Plan - Growth,2024-03-13,0.041906481945856486
119120,SBI Magnum Gilt Fund - Regular Plan - Growth,2024-03-14,0.05568852363042533
119120,SBI Magnum Gilt Fund - Regular Plan - Growth,2024-03-15,-0.02103891755968289
119120,SBI Magnum Gilt Fund - Regular Plan - Growth,2024-03-18,-0.12248118973430808
119120,SBI Magnum Gilt Fund - Regular Plan - Growth,2024-03-19,-0.36511232744541683
119120,SBI Magnum Gilt Fund - Regular Plan - Growth,2024-03-20,-0.7973725670934064
119120,SBI Magnum Gilt Fund - Regular Plan - Growth,2024-03-21,-0.836581321457534
119120,SBI Magnum Gilt Fund - Regular Plan - Growth,2024-03-22,-0.7024715125654089
119120,SBI Magnum Gilt Fund - Regular Plan - Growth,2024-03-25,-0.32813185647460813
119120,SBI Magnum Gilt Fund - Regular Plan - Growth,2024-03-26,-0.2792118448997399
119120,SBI Magnum Gilt Fund - Regular Plan - Growth,2024-03-27,-0.052575123374336605
119120,SBI Magnum Gilt Fund - Regular Plan - Growth,2024-03-28,-0.31816514237512555
119120,SBI Magnum Gilt Fund - Regular Plan - Growth,2024-03-29,-0.08896711574865335
119120,SBI Magnum Gilt Fund - Regular Plan - Growth,2024-04-01,-0.3935142989880763
119120,SBI Magnum Gilt Fund - Regular Plan - Growth,2024-04-02,-0.6374588858255811
119120,SBI Magnum Gilt Fund - Regular Plan - Growth,2024-04-03,-0.38403366301856096
119120,SBI Magnum Gilt Fund - Regular Plan - Growth,2024-04-04,-0.41248687918685933
119120,SBI Magnum Gilt Fund - Regular Plan - Growth,2024-04-05,-0.08857954093602399
119120,SBI Magnum Gilt Fund - Regular Plan - Growth,2024-04-08,-0.40563424455659003
119120,SBI Magnum Gilt Fund - Regular Plan - Growth,2024-04-09,-0.5099519148337481
119120,SBI Magnum Gilt Fund - Regular Plan - Growth,2024-04-10,-0.4505382806246346
119120,SBI Magnum Gilt Fund - Regular Plan - Growth,2024-04-11,-0.5765983620976742
119120,SBI Magnum Gilt Fund - Regular Plan - Growth,2024-04-12,-0.9836386028332376
119120,SBI Magnum Gilt Fund - Regular Plan - Growth,2024-04-15,-1.100773444973114
119120,SBI Magnum Gilt Fund - Regular Plan - Growth,2024-04-16,-0.7158934888121986
119120,SBI Magnum Gilt Fund - Regular Plan - Growth,2024-04-17,-0.7867723743050408
119120,SBI Magnum Gilt Fund - Regular Plan - Growth,2024-04-18,-0.7465818469742024
119120,SBI Magnum Gilt Fund - Regular Plan - Growth,2024-04-19,-0.5854865956434887
119120,SBI Magnum Gilt Fund - Regular Plan - Growth,2024-04-22,-0.5580945306328691
119120,SBI Magnum Gilt Fund - Regular Plan - Growth,2024-04-23,-1.1740020046303066
119120,SBI Magnum Gilt Fund - Regular Plan - Growth,2024-04-24,-1.1369860690845945
119120,SBI Magnum Gilt Fund - Regular Plan - Growth,2024-04-25,-0.7221900268530602
119120,SBI Magnum Gilt Fund - Regular Plan - Growth,2024-04-26,-0.22164602056206395
119120,SBI Magnum Gilt Fund - Regular Plan - Growth,2024-04-29,-0.16336701201380566
119120,SBI Magnum Gilt Fund - Regular Plan - Growth,2024-04-30,-0.2623070388533568
119120,SBI Magnum Gilt Fund - Regular Plan - Growth,2024-05-01,-0.2467432264679935
119120,SBI Magnum Gilt Fund - Regular Plan - Growth,2024-05-02,-0.14319271603893322
119120,SBI Magnum Gilt Fund - Regular Plan - Growth,2024-05-03,-0.2884282547267499
119120,SBI Magnum Gilt Fund - Regular Plan - Growth,2024-05-06,-0.004282746694220651
119120,SBI Magnum Gilt Fund - Regular Plan - Growth,2024-05-07,-0.127789778974466
119120,SBI Magnum Gilt Fund - Regular Plan - Growth,2024-05-08,-0.11182194271377482
119120,SBI Magnum Gilt Fund - Regular Plan - Growth,2024-05-09,-0.021514605143176057
119120,SBI Magnum Gilt Fund - Regular Plan - Growth,2024-05-10,-0.0849860290837734
119120,SBI Magnum Gilt Fund - Regular Plan - Growth,2024-05-13,0.14414497579589128
119120,SBI Magnum Gilt Fund - Regular Plan - Growth,2024-05-14,0.2532177880392179
119120,SBI Magnum Gilt Fund - Regular Plan - Growth,2024-05-15,0.15791679120210547
119120,SBI Magnum Gilt Fund - Regular Plan - Growth,2024-05-16,0.03005085471375831
119120,SBI Magnum Gilt Fund - Regular Plan - Growth,2024-05-17,-0.21711837369834816
119120,SBI Magnum Gilt Fund - Regular Plan - Growth,2024-05-20,0.03991364221187941
119120,SBI Magnum Gilt Fund - Regular Plan - Growth,2024-05-21,-0.1160137443056252
119120,SBI Magnum Gilt Fund - Regular Plan - Growth,2024-05-22,-0.2322871732687183
119120,SBI Magnum Gilt Fund - Regular Plan - Growth,2024-05-23,-0.4901836997615336
119120,SBI Magnum Gilt Fund - Regular Plan - Growth,2024-05-24,0.3439904087052445
119120,SBI Magnum Gilt Fund - Regular Plan - Growth,2024-05-27,0.1407703169297644
119120,SBI Magnum Gilt Fund - Regular Plan - Growth,2024-05-28,-0.021814861188252124
119120,SBI Magnum Gilt Fund - Regular Plan - Growth,2024-05-29,-0.07812678385864134
119120,SBI Magnum Gilt Fund - Regular Plan - Growth,2024-05-30,0.15394162494542693
119120,SBI Magnum Gilt Fund - Regular Plan - Growth,2024-05-31,0.443198354194505
119120,SBI Magnum Gilt Fund - Regular Plan - Growth,2024-06-03,0.8565017932373957
119120,SBI Magnum Gilt Fund - Regular Plan - Growth,2024-06-04,0.85143428526257
119120,SBI Magnum Gilt Fund - Regular Plan - Growth,2024-06-05,0.482506828441973
119120,SBI Magnum Gilt Fund - Regular Plan - Growth,2024-06-06,0.5093981884846521
119120,SBI Magnum Gilt Fund - Regular Plan - Growth,2024-06-07,0.40501741740699965
119120,SBI Magnum Gilt Fund - Regular Plan - Growth,2024-06-10,0.7328643476356516
119120,SBI Magnum Gilt Fund - Regular Plan - Growth,2024-06-11,0.5076493041664534
119120,SBI Magnum Gilt Fund - Regular Plan - Growth,2024-06-12,0.7446125407608444
119120,SBI Magnum Gilt Fund - Regular Plan - Growth,2024-06-13,0.6499325808506452
119120,SBI Magnum Gilt Fund - Regular Plan - Growth,2024-06-14,0.7351353335257388
119120,SBI Magnum Gilt Fund - Regular Plan - Growth,2024-06-17,0.33935181560268296
119120,SBI Magnum Gilt Fund - Regular Plan - Growth,2024-06-18,0.34115309533790533
119120,SBI Magnum Gilt Fund - Regular Plan - Growth,2024-06-19,0.38122465710345205
119120,SBI Magnum Gilt Fund - Regular Plan - Growth,2024-06-20,0.5870944209867676
119120,SBI Magnum Gilt Fund - Regular Plan - Growth,2024-06-21,0.9073825987548332
119120,SBI Magnum Gilt Fund - Regular Plan - Growth,2024-06-24,0.9070221575889891
119120,SBI Magnum Gilt Fund - Regular Plan - Growth,2024-06-25,0.7771187521484466
119120,SBI Magnum Gilt Fund - Regular Plan - Growth,2024-06-26,-0.0018654003226647312
119120,SBI Magnum Gilt Fund - Regular Plan - Growth,2024-06-27,0.17795765589594856
119120,SBI Magnum Gilt Fund - Regular Plan - Growth,2024-06-28,0.4588964140084437
119120,SBI Magnum Gilt Fund - Regular Plan - Growth,2024-07-01,0.23468057528947664
119120,SBI Magnum Gilt Fund - Regular Plan - Growth,2024-07-02,0.5214443760623493
119120,SBI Magnum Gilt Fund - Regular Plan - Growth,2024-07-03,0.4521261685292407
119120,SBI Magnum Gilt Fund - Regular Plan - Growth,2024-07-04,0.17544636896418184
119120,SBI Magnum Gilt Fund - Regular Plan - Growth,2024-07-05,-0.11634396382406105
119120,SBI Magnum Gilt Fund - Regular Plan - Growth,2024-07-08,-0.49689727157778596
119120,SBI Magnum Gilt Fund - Regular Plan - Growth,2024-07-09,-0.48067051919135617
119120,SBI Magnum Gilt Fund - Regular Plan - Growth,2024-07-10,-0.5853287815733557
119120,SBI Magnum Gilt Fund - Regular Plan - Growth,2024-07-11,-0.7315785832845987
119120,SBI Magnum Gilt Fund - Regular Plan - Growth,2024-07-12,-0.16656249391307093
119120,SBI Magnum Gilt Fund - Regular Plan - Growth,2024-07-15,-0.0009795597180285724
119120,SBI Magnum Gilt Fund - Regular Plan - Growth,2024-07-16,0.08511345831962307
119120,SBI Magnum Gilt Fund - Regular Plan - Growth,2024-07-17,0.20511623306425317
119120,SBI Magnum Gilt Fund - Regular Plan - Growth,2024-07-18,0.45409774802771513
119120,SBI Magnum Gilt Fund - Regular Plan - Growth,2024-07-19,0.5635317086338296
119120,SBI Magnum Gilt Fund - Regular Plan - Growth,2024-07-22,0.10709823686433494
119120,SBI Magnum Gilt Fund - Regular Plan - Growth,2024-07-23,0.5324393006360464
119120,SBI Magnum Gilt Fund - Regular Plan - Growth,2024-07-24,0.7778141283165152
119120,SBI Magnum Gilt Fund - Regular Plan - Growth,2024-07-25,0.5531513383477359
119120,SBI Magnum Gilt Fund - Regular Plan - Growth,2024-07-26,0.6781997554476683
119120,SBI Magnum Gilt Fund - Regular Plan - Growth,2024-07-29,0.862156105470625
119120,SBI Magnum Gilt Fund - Regular Plan - Growth,2024-07-30,1.353879569086542
119120,SBI Magnum Gilt Fund - Regular Plan - Growth,2024-07-31,1.173795544437153
119120,SBI Magnum Gilt Fund - Regular Plan - Growth,2024-08-01,1.2282548501819535
119120,SBI Magnum Gilt Fund - Regular Plan - Growth,2024-08-02,0.9859796050817025
119120,SBI Magnum Gilt Fund - Regular Plan - Growth,2024-08-05,1.47877725972737
119120,SBI Magnum Gilt Fund - Regular Plan - Growth,2024-08-06,1.2733446644468756
119120,SBI Magnum Gilt Fund - Regular Plan - Growth,2024-08-07,1.0115288497233612
119120,SBI Magnum Gilt Fund - Regular Plan - Growth,2024-08-08,1.0369664269221572
119120,SBI Magnum Gilt Fund - Regular Plan - Growth,2024-08-09,0.7670489818216709
119120,SBI Magnum Gilt Fund - Regular Plan - Growth,2024-08-12,0.7660090364146545
119120,SBI Magnum Gilt Fund - Regular Plan - Growth,2024-08-13,0.8851239641366325
119120,SBI Magnum Gilt Fund - Regular Plan - Growth,2024-08-14,0.9628191452220078
119120,SBI Magnum Gilt Fund - Regular Plan - Growth,2024-08-15,1.1678225227579948
119120,SBI Magnum Gilt Fund - Regular Plan - Growth,2024-08-16,1.7750844361740235
119120,SBI Magnum Gilt Fund - Regular Plan - Growth,2024-08-19,1.9232162098917331
119120,SBI Magnum Gilt Fund - Regular Plan - Growth,2024-08-20,1.5272982649419053
119120,SBI Magnum Gilt Fund - Regular Plan - Growth,2024-08-21,1.8069182397302739
119120,SBI Magnum Gilt Fund - Regular Plan - Growth,2024-08-22,1.8521111795157439
119120,SBI Magnum Gilt Fund - Regular Plan - Growth,2024-08-23,1.8497029287118867
119120,SBI Magnum Gilt Fund - Regular Plan - Growth,2024-08-26,2.1546136362969914
119120,SBI Magnum Gilt Fund - Regular Plan - Growth,2024-08-27,2.322329654819916
119120,SBI Magnum Gilt Fund - Regular Plan - Growth,2024-08-28,2.0157603420529506
119120,SBI Magnum Gilt Fund - Regular Plan - Growth,2024-08-29,1.7272722172131139
119120,SBI Magnum Gilt Fund - Regular Plan - Growth,2024-08-30,1.5795886603301443
119120,SBI Magnum Gilt Fund - Regular Plan - Growth,2024-09-02,1.4132913420694988
119120,SBI Magnum Gilt Fund - Regular Plan - Growth,2024-09-03,1.2363239132930655
119120,SBI Magnum Gilt Fund - Regular Plan - Growth,2024-09-04,1.452606158114711
119120,SBI Magnum Gilt Fund - Regular Plan - Growth,2024-09-05,1.7564987019492762
119120,SBI Magnum Gilt Fund - Regular Plan - Growth,2024-09-06,1.7935126472025824
119120,SBI Magnum Gilt Fund - Regular Plan - Growth,2024-09-09,1.7381986075732994
119120,SBI Magnum Gilt Fund - Regular Plan - Growth,2024-09-10,1.8824755639074358
119120,SBI Magnum Gilt Fund - Regular Plan - Growth,2024-09-11,2.05667808007563
119120,SBI Magnum Gilt Fund - Regular Plan - Growth,2024-09-12,2.0821441168911448
119120,SBI Magnum Gilt Fund - Regular Plan - Growth,2024-09-13,1.974360420258515
119120,SBI Magnum Gilt Fund - Regular Plan - Growth,2024-09-16,2.0659082628180148
119120,SBI Magnum Gilt Fund - Regular Plan - Growth,2024-09-17,1.9931121663994937
119120,SBI Magnum Gilt Fund - Regular Plan - Growth,2024-09-18,1.9281951254428038
119120,SBI Magnum Gilt Fund - Regular Plan - Growth,2024-09-19,1.8824617732701623
119120,SBI Magnum Gilt Fund - Regular Plan - Growth,2024-09-20,1.9256144575803555
119120,SBI Magnum Gilt Fund - Regular Plan - Growth,2024-09-23,1.5946594501925486
119120,SBI Magnum Gilt Fund - Regular Plan - Growth,2024-09-24,1.7951083329302888
119120,SBI Magnum Gilt Fund - Regular Plan - Growth,2024-09-25,1.6882451870783546
119120,SBI Magnum Gilt Fund - Regular Plan - Growth,2024-09-26,1.891570195736965
119120,SBI Magnum Gilt Fund - Regular Plan - Growth,2024-09-27,1.322405087018791
119120,SBI Magnum Gilt Fund - Regular Plan - Growth,2024-09-30,1.4800376723186606
119120,SBI Magnum Gilt Fund - Regular Plan - Growth,2024-10-01,1.2663620201742716
119120,SBI Magnum Gilt Fund - Regular Plan - Growth,2024-10-02,1.1519675429484348
119120,SBI Magnum Gilt Fund - Regular Plan - Growth,2024-10-03,1.0104371588818881
119120,SBI Magnum Gilt Fund - Regular Plan - Growth,2024-10-04,0.9381517633555453
119120,SBI Magnum Gilt Fund - Regular Plan - Growth,2024-10-07,0.6631432696300836
119120,SBI Magnum Gilt Fund - Regular Plan - Growth,2024-10-08,0.3466526060705625
119120,SBI Magnum Gilt Fund - Regular Plan - Growth,2024-10-09,0.7382864679655957
119120,SBI Magnum Gilt Fund - Regular Plan - Growth,2024-10-10,0.8240438636354214
119120,SBI Magnum Gilt Fund - Regular Plan - Growth,2024-10-11,0.8042844869875949
119120,SBI Magnum Gilt Fund - Regular Plan - Growth,2024-10-14,0.43410796103218274
119120,SBI Magnum Gilt Fund - Regular Plan - Growth,2024-10-15,0.6056863163344683
119120,SBI Magnum Gilt Fund - Regular Plan - Growth,2024-10-16,0.42202070325577606
119120,SBI Magnum Gilt Fund - Regular Plan - Growth,2024-10-17,0.47823780923062903
119120,SBI Magnum Gilt Fund - Regular Plan - Growth,2024-10-18,-0.015818122601618693
119120,SBI Magnum Gilt Fund - Regular Plan - Growth,2024-10-21,-0.09797556198453473
119120,SBI Magnum Gilt Fund - Regular Plan - Growth,2024-10-22,0.012489641595303363
119120,SBI Magnum Gilt Fund - Regular Plan - Growth,2024-10-23,-0.08145582979977269
119120,SBI Magnum Gilt Fund - Regular Plan - Growth,2024-10-24,0.020864149194286884
119120,SBI Magnum Gilt Fund - Regular Plan - Growth,2024-10-25,-0.3085566121026833
119120,SBI Magnum Gilt Fund - Regular Plan - Growth,2024-10-28,-0.3994482508975407
119120,SBI Magnum Gilt Fund - Regular Plan - Growth,2024-10-29,-0.38327692001532265
119120,SBI Magnum Gilt Fund - Regular Plan - Growth,2024-10-30,-0.2435279825895494
119120,SBI Magnum Gilt Fund - Regular Plan - Growth,2024-10-31,-0.4682821932150227
119120,SBI Magnum Gilt Fund - Regular Plan - Growth,2024-11-01,-0.4004484098875269
119120,SBI Magnum Gilt Fund - Regular Plan - Growth,2024-11-04,-0.4167915970548389
119120,SBI Magnum Gilt Fund - Regular Plan - Growth,2024-11-05,-0.23241173575099985
119120,SBI Magnum Gilt Fund - Regular Plan - Growth,2024-11-06,-0.45993405464626047
119120,SBI Magnum Gilt Fund - Regular Plan - Growth,2024-11-07,-0.29058355327300545
119120,SBI Magnum Gilt Fund - Regular Plan - Growth,2024-11-08,-0.19869356598997104
119120,SBI Magnum Gilt Fund - Regular Plan - Growth,2024-11-11,0.33375169674593363
119120,SBI Magnum Gilt Fund - Regular Plan - Growth,2024-11-12,0.3600122311764172
119120,SBI Magnum Gilt Fund - Regular Plan - Growth,2024-11-13,0.08261482461472971
119120,SBI Magnum Gilt Fund - Regular Plan - Growth,2024-11-14,0.014391418124083196
119120,SBI Magnum Gilt Fund - Regular Plan - Growth,2024-11-15,-0.3582709656571783
119120,SBI Magnum Gilt Fund - Regular Plan - Growth,2024-11-18,-0.48205763715702643
119120,SBI Magnum Gilt Fund - Regular Plan - Growth,2024-11-19,-0.26492087728085745
119120,SBI Magnum Gilt Fund - Regular Plan - Growth,2024-11-20,-0.28489537683616944
119120,SBI Magnum Gilt Fund - Regular Plan - Growth,2024-11-21,-0.14260133829808763
119120,SBI Magnum Gilt Fund - Regular Plan - Growth,2024-11-22,-0.47157176029930714
119120,SBI Magnum Gilt Fund - Regular Plan - Growth,2024-11-25,-0.14697903062261056
119120,SBI Magnum Gilt Fund - Regular Plan - Growth,2024-11-26,-0.6560045902113337
119120,SBI Magnum Gilt Fund - Regular Plan - Growth,2024-11-27,-0.7206011560880733
119120,SBI Magnum Gilt Fund - Regular Plan - Growth,2024-11-28,-0.8011813058456295
119120,SBI Magnum Gilt Fund - Regular Plan - Growth,2024-11-29,-0.9897780748215945
119120,SBI Magnum Gilt Fund - Regular Plan - Growth,2024-12-02,-1.253423150367077
119120,SBI Magnum Gilt Fund - Regular Plan - Growth,2024-12-03,-1.8053794940276349
119120,SBI Magnum Gilt Fund - Regular Plan - Growth,2024-12-04,-1.569765064105959
119120,SBI Magnum Gilt Fund - Regular Plan - Growth,2024-12-05,-1.8930807983843816
119120,SBI Magnum Gilt Fund - Regular Plan - Growth,2024-12-06,-1.850483527058082
119120,SBI Magnum Gilt Fund - Regular Plan - Growth,2024-12-09,-2.287297265504332
119120,SBI Magnum Gilt Fund - Regular Plan - Growth,2024-12-10,-1.7223087609686418
119120,SBI Magnum Gilt Fund - Regular Plan - Growth,2024-12-11,-1.5478080157997496
119120,SBI Magnum Gilt Fund - Regular Plan - Growth,2024-12-12,-1.4941361606304682
119120,SBI Magnum Gilt Fund - Regular Plan - Growth,2024-12-13,-1.1694663337069522
119120,SBI Magnum Gilt Fund - Regular Plan - Growth,2024-12-16,-1.2775431744120178
119120,SBI Magnum Gilt Fund - Regular Plan - Growth,2024-12-17,-1.6181834037861136
119120,SBI Magnum Gilt Fund - Regular Plan - Growth,2024-12-18,-2.033683850910997
119120,SBI Magnum Gilt Fund - Regular Plan - Growth,2024-12-19,-2.171180884860743
119120,SBI Magnum Gilt Fund - Regular Plan - Growth,2024-12-20,-2.4498109861341684
119120,SBI Magnum Gilt Fund - Regular Plan - Growth,2024-12-23,-2.3775427918459893
119120,SBI Magnum Gilt Fund - Regular Plan - Growth,2024-12-24,-1.560938521459316
119120,SBI Magnum Gilt Fund - Regular Plan - Growth,2024-12-25,-2.2130871859988885
119120,SBI Magnum Gilt Fund - Regular Plan - Growth,2024-12-26,-1.9819509625651766
119120,SBI Magnum Gilt Fund - Regular Plan - Growth,2024-12-27,-2.2691055881331783
119120,SBI Magnum Gilt Fund - Regular Plan - Growth,2024-12-30,-2.724279683966302
119120,SBI Magnum Gilt Fund - Regular Plan - Growth,2024-12-31,-2.9339294061427563
119120,SBI Magnum Gilt Fund - Regular Plan - Growth,2025-01-01,-2.844538623225092
119120,SBI Magnum Gilt Fund - Regular Plan - Growth,2025-01-02,-2.298242911681388
119120,SBI Magnum Gilt Fund - Regular Plan - Growth,2025-01-03,-2.408164608528711
119120,SBI Magnum Gilt Fund - Regular Plan - Growth,2025-01-06,-2.371002029473503
119120,SBI Magnum Gilt Fund - Regular Plan - Growth,2025-01-07,-2.0980439240453075
119120,SBI Magnum Gilt Fund - Regular Plan - Growth,2025-01-08,-2.5082820006021125
119120,SBI Magnum Gilt Fund - Regular Plan - Growth,2025-01-09,-2.876227876504382
119120,SBI Magnum Gilt Fund - Regular Plan - Growth,2025-01-10,-3.258376315075408
119120,SBI Magnum Gilt Fund - Regular Plan - Growth,2025-01-13,-3.342904216619624
119120,SBI Magnum Gilt Fund - Regular Plan - Growth,2025-01-14,-3.254057392398651
119120,SBI Magnum Gilt Fund - Regular Plan - Growth,2025-01-15,-3.4128350016958926
119120,SBI Magnum Gilt Fund - Regular Plan - Growth,2025-01-16,-3.49652164168996
119120,SBI Magnum Gilt Fund - Regular Plan - Growth,2025-01-17,-3.676676660162982
119120,SBI Magnum Gilt Fund - Regular Plan - Growth,2025-01-20,-3.7425782216608883
119120,SBI Magnum Gilt Fund - Regular Plan - Growth,2025-01-21,-3.6704890547367706
119120,SBI Magnum Gilt Fund - Regular Plan - Growth,2025-01-22,-3.3708084386392163
119120,SBI Magnum Gilt Fund - Regular Plan - Growth,2025-01-23,-3.524243906208967
119120,SBI Magnum Gilt Fund - Regular Plan - Growth,2025-01-24,-3.29901986283961
119120,SBI Magnum Gilt Fund - Regular Plan - Growth,2025-01-27,-3.444287656672925
119120,SBI Magnum Gilt Fund - Regular Plan - Growth,2025-01-28,-3.782236926832178
119120,SBI Magnum Gilt Fund - Regular Plan - Growth,2025-01-29,-3.5347363659023743
119120,SBI Magnum Gilt Fund - Regular Plan - Growth,2025-01-30,-3.5538990889047426
119120,SBI Magnum Gilt Fund - Regular Plan - Growth,2025-01-31,-3.5846108976986604
119120,SBI Magnum Gilt Fund - Regular Plan - Growth,2025-02-03,-3.5355372585280453
119120,SBI Magnum Gilt Fund - Regular Plan - Growth,2025-02-04,-3.538209055513254
119120,SBI Magnum Gilt Fund - Regular Plan - Growth,2025-02-05,-3.2553912052913123
119120,SBI Magnum Gilt Fund - Regular Plan - Growth,2025-02-06,-3.25739971266433
119120,SBI Magnum Gilt Fund - Regular Plan - Growth,2025-02-07,-3.1325340799185146
119120,SBI Magnum Gilt Fund - Regular Plan - Growth,2025-02-10,-3.266861004601536
119120,SBI Magnum Gilt Fund - Regular Plan - Growth,2025-02-11,-3.1633735790773945
119120,SBI Magnum Gilt Fund - Regular Plan - Growth,2025-02-12,-3.520520018154823
119120,SBI Magnum Gilt Fund - Regular Plan - Growth,2025-02-13,-3.3809346872343893
119120,SBI Magnum Gilt Fund - Regular Plan - Growth,2025-02-14,-3.541565351345848
119120,SBI Magnum Gilt Fund - Regular Plan - Growth,2025-02-17,-3.4111364181573838
119120,SBI Magnum Gilt Fund - Regular Plan - Growth,2025-02-18,-3.3883148079062546
119120,SBI Magnum Gilt Fund - Regular Plan - Growth,2025-02-19,-3.7179948844374895
119120,SBI Magnum Gilt Fund - Regular Plan - Growth,2025-02-20,-3.910102787576972
119120,SBI Magnum Gilt Fund - Regular Plan - Growth,2025-02-21,-3.840104918921396
119120,SBI Magnum Gilt Fund - Regular Plan - Growth,2025-02-24,-3.7392157020514847
119120,SBI Magnum Gilt Fund - Regular Plan - Growth,2025-02-25,-3.8848241240772627
119120,SBI Magnum Gilt Fund - Regular Plan - Growth,2025-02-26,-3.743529093577922
119120,SBI Magnum Gilt Fund - Regular Plan - Growth,2025-02-27,-4.014066985652058
119120,SBI Magnum Gilt Fund - Regular Plan - Growth,2025-02-28,-3.914923781717617
119120,SBI Magnum Gilt Fund - Regular Plan - Growth,2025-03-03,-3.6948905667706855
119120,SBI Magnum Gilt Fund - Regular Plan - Growth,2025-03-04,-3.4088804859651267
119120,SBI Magnum Gilt Fund - Regular Plan - Growth,2025-03-05,-3.2777603591243265
119120,SBI Magnum Gilt Fund - Regular Plan - Growth,2025-03-06,-3.3465940939246477
119120,SBI Magnum Gilt Fund - Regular Plan - Growth,2025-03-07,-3.763353616700906
119120,SBI Magnum Gilt Fund - Regular Plan - Growth,2025-03-10,-3.7088445150408607
119120,SBI Magnum Gilt Fund - Regular Plan - Growth,2025-03-11,-3.8975768380934572
119120,SBI Magnum Gilt Fund - Regular Plan - Growth,2025-03-12,-3.6224661108030634
119120,SBI Magnum Gilt Fund - Regular Plan - Growth,2025-03-13,-3.5862208898926884
119120,SBI Magnum Gilt Fund - Regular Plan - Growth,2025-03-14,-3.3909604955802473
119120,SBI Magnum Gilt Fund - Regular Plan - Growth,2025-03-17,-3.869607349748884
119120,SBI Magnum Gilt Fund - Regular Plan - Growth,2025-03-18,-3.8297858376284113
119120,SBI Magnum Gilt Fund - Regular Plan - Growth,2025-03-19,-3.2600429118325316
119120,SBI Magnum Gilt Fund - Regular Plan - Growth,2025-03-20,-2.888065945206886
119120,SBI Magnum Gilt Fund - Regular Plan - Growth,2025-03-21,-2.905962272027456
119120,SBI Magnum Gilt Fund - Regular Plan - Growth,2025-03-24,-3.139162075784293
119120,SBI Magnum Gilt Fund - Regular Plan - Growth,2025-03-25,-3.328587947354214
119120,SBI Magnum Gilt Fund - Regular Plan - Growth,2025-03-26,-3.511139682967772
119120,SBI Magnum Gilt Fund - Regular Plan - Growth,2025-03-27,-3.87019519197907
119120,SBI Magnum Gilt Fund - Regular Plan - Growth,2025-03-28,-3.6081943785285513
119120,SBI Magnum Gilt Fund - Regular Plan - Growth,2025-03-31,-3.8463186157890035
119120,SBI Magnum Gilt Fund - Regular Plan - Growth,2025-04-01,-3.810719973783929
119120,SBI Magnum Gilt Fund - Regular Plan - Growth,2025-04-02,-3.2359161608433866
119120,SBI Magnum Gilt Fund - Regular Plan - Growth,2025-04-03,-2.8864774963445283
119120,SBI Magnum Gilt Fund - Regular Plan - Growth,2025-04-04,-3.069176512882
119120,SBI Magnum Gilt Fund - Regular Plan - Growth,2025-04-07,-3.141508561898714
119120,SBI Magnum Gilt Fund - Regular Plan - Growth,2025-04-08,-3.1421602315487727
119120,SBI Magnum Gilt Fund - Regular Plan - Growth,2025-04-09,-2.7776693019592784
119120,SBI Magnum Gilt Fund - Regular Plan - Growth,2025-04-10,-2.80538696413756
119120,SBI Magnum Gilt Fund - Regular Plan - Growth,2025-04-11,-2.5742253010475324
119120,SBI Magnum Gilt Fund - Regular Plan - Growth,2025-04-14,-2.047699482538889
119120,SBI Magnum Gilt Fund - Regular Plan - Growth,2025-04-15,-2.432867730941082
119120,SBI Magnum Gilt Fund - Regular Plan - Growth,2025-04-16,-2.428254145384605
119120,SBI Magnum Gilt Fund - Regular Plan - Growth,2025-04-17,-2.517217048729578
119120,SBI Magnum Gilt Fund - Regular Plan - Growth,2025-04-18,-2.8940530683064836
119120,SBI Magnum Gilt Fund - Regular Plan - Growth,2025-04-21,-2.6913939951862593
119120,SBI Magnum Gilt Fund - Regular Plan - Growth,2025-04-22,-2.365458224468817
119120,SBI Magnum Gilt Fund - Regular Plan - Growth,2025-04-23,-1.9536835209433852
119120,SBI Magnum Gilt Fund - Regular Plan - Growth,2025-04-24,-2.074060047694058
119120,SBI Magnum Gilt Fund - Regular Plan - Growth,2025-04-25,-2.47020362202036
119120,SBI Magnum Gilt Fund - Regular Plan - Growth,2025-04-28,-2.6203344789745273
119120,SBI Magnum Gilt Fund - Regular Plan - Growth,2025-04-29,-3.178768638519411
119120,SBI Magnum Gilt Fund - Regular Plan - Growth,2025-04-30,-2.7794888274379317
119120,SBI Magnum Gilt Fund - Regular Plan - Growth,2025-05-01,-2.974424594319917
119120,SBI Magnum Gilt Fund - Regular Plan - Growth,2025-05-02,-2.8417989254986304
119120,SBI Magnum Gilt Fund - Regular Plan - Growth,2025-05-05,-2.3858182230620364
119120,SBI Magnum Gilt Fund - Regular Plan - Growth,2025-05-06,-2.1920278321216826
119120,SBI Magnum Gilt Fund - Regular Plan - Growth,2025-05-07,-2.0966010257882934
119120,SBI Magnum Gilt Fund - Regular Plan - Growth,2025-05-08,-2.576593163247185
119120,SBI Magnum Gilt Fund - Regular Plan - Growth,2025-05-09,-2.796779215098458
119120,SBI Magnum Gilt Fund - Regular Plan - Growth,2025-05-12,-2.420034115192112
119120,SBI Magnum Gilt Fund - Regular Plan - Growth,2025-05-13,-2.7627146658691557
119120,SBI Magnum Gilt Fund - Regular Plan - Growth,2025-05-14,-2.5000940894951076
119120,SBI Magnum Gilt Fund - Regular Plan - Growth,2025-05-15,-2.3525216643377687
119120,SBI Magnum Gilt Fund - Regular Plan - Growth,2025-05-16,-1.7254383950484593
119120,SBI Magnum Gilt Fund - Regular Plan - Growth,2025-05-19,-1.1420874032124815
119120,SBI Magnum Gilt Fund - Regular Plan - Growth,2025-05-20,-1.0824704513923755
119120,SBI Magnum Gilt Fund - Regular Plan - Growth,2025-05-21,-1.0864761316253553
119120,SBI Magnum Gilt Fund - Regular Plan - Growth,2025-05-22,-1.1093283340927838
119120,SBI Magnum Gilt Fund - Regular Plan - Growth,2025-05-23,-1.2713921702164583
119120,SBI Magnum Gilt Fund - Regular Plan - Growth,2025-05-26,-1.2835898488968465
119120,SBI Magnum Gilt Fund - Regular Plan - Growth,2025-05-27,-1.3046488659245343
119120,SBI Magnum Gilt Fund - Regular Plan - Growth,2025-05-28,-1.3684776986534335
119120,SBI Magnum Gilt Fund - Regular Plan - Growth,2025-05-29,-1.1607229300106183
119120,SBI Magnum Gilt Fund - Regular Plan - Growth,2025-05-30,-1.3005722804413775
119120,SBI Magnum Gilt Fund - Regular Plan - Growth,2025-06-02,-1.1547621181484933
119120,SBI Magnum Gilt Fund - Regular Plan - Growth,2025-06-03,-0.8611079301809441
119120,SBI Magnum Gilt Fund - Regular Plan - Growth,2025-06-04,-1.0460902319913847
119120,SBI Magnum Gilt Fund - Regular Plan - Growth,2025-06-05,-0.6245182181281578
119120,SBI Magnum Gilt Fund - Regular Plan - Growth,2025-06-06,-0.3766069213695316
119120,SBI Magnum Gilt Fund - Regular Plan - Growth,2025-06-09,-0.61969666323122
119120,SBI Magnum Gilt Fund - Regular Plan - Growth,2025-06-10,-0.3548660126409217
119120,SBI Magnum Gilt Fund - Regular Plan - Growth,2025-06-11,-0.7132129641066166
119120,SBI Magnum Gilt Fund - Regular Plan - Growth,2025-06-12,-1.0712114172133917
119120,SBI Magnum Gilt Fund - Regular Plan - Growth,2025-06-13,-0.9701446101944818
119120,SBI Magnum Gilt Fund - Regular Plan - Growth,2025-06-16,-0.7349688500370577
119120,SBI Magnum Gilt Fund - Regular Plan - Growth,2025-06-17,-0.5346967274397547
119120,SBI Magnum Gilt Fund - Regular Plan - Growth,2025-06-18,-0.3603166906505002
119120,SBI Magnum Gilt Fund - Regular Plan - Growth,2025-06-19,-0.7835168511852543
119120,SBI Magnum Gilt Fund - Regular Plan - Growth,2025-06-20,-0.7422255532631419
119120,SBI Magnum Gilt Fund - Regular Plan - Growth,2025-06-23,-0.7033831047239193
119120,SBI Magnum Gilt Fund - Regular Plan - Growth,2025-06-24,-0.8246081608873728
119120,SBI Magnum Gilt Fund - Regular Plan - Growth,2025-06-25,-0.9142808835904358
119120,SBI Magnum Gilt Fund - Regular Plan - Growth,2025-06-26,-0.8520991326004035
119120,SBI Magnum Gilt Fund - Regular Plan - Growth,2025-06-27,-0.6659015134004852
119120,SBI Magnum Gilt Fund - Regular Plan - Growth,2025-06-30,-0.6468188731115059
119120,SBI Magnum Gilt Fund - Regular Plan - Growth,2025-07-01,-0.290945191829459
119120,SBI Magnum Gilt Fund - Regular Plan - Growth,2025-07-02,-0.3459814575573166
119120,SBI Magnum Gilt Fund - Regular Plan - Growth,2025-07-03,-0.2803201194049662
119120,SBI Magnum Gilt Fund - Regular Plan - Growth,2025-07-04,-0.022211071035372513
119120,SBI Magnum Gilt Fund - Regular Plan - Growth,2025-07-07,-0.4213917577403495
119120,SBI Magnum Gilt Fund - Regular Plan - Growth,2025-07-08,-0.5082110524228365
119120,SBI Magnum Gilt Fund - Regular Plan - Growth,2025-07-09,-0.38758522870354084
119120,SBI Magnum Gilt Fund - Regular Plan - Growth,2025-07-10,-0.47103311205087106
119120,SBI Magnum Gilt Fund - Regular Plan - Growth,2025-07-11,-0.42383789819862705
119120,SBI Magnum Gilt Fund - Regular Plan - Growth,2025-07-14,-0.434645371604463
119120,SBI Magnum Gilt Fund - Regular Plan - Growth,2025-07-15,-0.4426323902246127
119120,SBI Magnum Gilt Fund - Regular Plan - Growth,2025-07-16,-0.3224155980063688
119120,SBI Magnum Gilt Fund - Regular Plan - Growth,2025-07-17,-0.37131207646731584
119120,SBI Magnum Gilt Fund - Regular Plan - Growth,2025-07-18,-0.6532241226695698
119120,SBI Magnum Gilt Fund - Regular Plan - Growth,2025-07-21,-0.6529603267053471
119120,SBI Magnum Gilt Fund - Regular Plan - Growth,2025-07-22,-0.43418835535877387
119120,SBI Magnum Gilt Fund - Regular Plan - Growth,2025-07-23,-0.6527717904617373
119120,SBI Magnum Gilt Fund - Regular Plan - Growth,2025-07-24,-0.7487216944016788
119120,SBI Magnum Gilt Fund - Regular Plan - Growth,2025-07-25,-0.7579163201633535
119120,SBI Magnum Gilt Fund - Regular Plan - Growth,2025-07-28,-0.4069349576262509
119120,SBI Magnum Gilt Fund - Regular Plan - Growth,2025-07-29,-0.42764153218542866
119120,SBI Magnum Gilt Fund - Regular Plan - Growth,2025-07-30,-0.034193188739809297
119120,SBI Magnum Gilt Fund - Regular Plan - Growth,2025-07-31,0.10123310907537264
119120,SBI Magnum Gilt Fund - Regular Plan - Growth,2025-08-01,-0.06433286864632534
119120,SBI Magnum Gilt Fund - Regular Plan - Growth,2025-08-04,0.41483200312332297
119120,SBI Magnum Gilt Fund - Regular Plan - Growth,2025-08-05,0.467999719186731
119120,SBI Magnum Gilt Fund - Regular Plan - Growth,2025-08-06,0.09682271996941463
119120,SBI Magnum Gilt Fund - Regular Plan - Growth,2025-08-07,-0.17846434696116664
119120,SBI Magnum Gilt Fund - Regular Plan - Growth,2025-08-08,0.24031507824659606
119120,SBI Magnum Gilt Fund - Regular Plan - Growth,2025-08-11,0.6112138673693644
119120,SBI Magnum Gilt Fund - Regular Plan - Growth,2025-08-12,0.8723718988438627
119120,SBI Magnum Gilt Fund - Regular Plan - Growth,2025-08-13,0.7949555653691468
119120,SBI Magnum Gilt Fund - Regular Plan - Growth,2025-08-14,0.9599647409784257
119120,SBI Magnum Gilt Fund - Regular Plan - Growth,2025-08-15,0.7273705758147264
119120,SBI Magnum Gilt Fund - Regular Plan - Growth,2025-08-18,0.185898827864003
119120,SBI Magnum Gilt Fund - Regular Plan - Growth,2025-08-19,0.6405561852827124
119120,SBI Magnum Gilt Fund - Regular Plan - Growth,2025-08-20,0.7684074558042854
119120,SBI Magnum Gilt Fund - Regular Plan - Growth,2025-08-21,0.8656336814592663
119120,SBI Magnum Gilt Fund - Regular Plan - Growth,2025-08-22,1.1207468614901361
119120,SBI Magnum Gilt Fund - Regular Plan - Growth,2025-08-25,0.955671706727771
119120,SBI Magnum Gilt Fund - Regular Plan - Growth,2025-08-26,0.9137455485263666
119120,SBI Magnum Gilt Fund - Regular Plan - Growth,2025-08-27,0.7023046057371966
119120,SBI Magnum Gilt Fund - Regular Plan - Growth,2025-08-28,0.9410652539796687
119120,SBI Magnum Gilt Fund - Regular Plan - Growth,2025-08-29,1.2949912988574304
119120,SBI Magnum Gilt Fund - Regular Plan - Growth,2025-09-01,1.031833074849199
119120,SBI Magnum Gilt Fund - Regular Plan - Growth,2025-09-02,0.9944357917892646
119120,SBI Magnum Gilt Fund - Regular Plan - Growth,2025-09-03,1.1273034384749228
119120,SBI Magnum Gilt Fund - Regular Plan - Growth,2025-09-04,1.179485472417489
119120,SBI Magnum Gilt Fund - Regular Plan - Growth,2025-09-05,1.2882325082771948
119120,SBI Magnum Gilt Fund - Regular Plan - Growth,2025-09-08,0.8518885368370944
119120,SBI Magnum Gilt Fund - Regular Plan - Growth,2025-09-09,0.7818052857446502
119120,SBI Magnum Gilt Fund - Regular Plan - Growth,2025-09-10,0.7373073970756989
119120,SBI Magnum Gilt Fund - Regular Plan - Growth,2025-09-11,0.9516989959913611
119120,SBI Magnum Gilt Fund - Regular Plan - Growth,2025-09-12,0.9867083489712015
119120,SBI Magnum Gilt Fund - Regular Plan - Growth,2025-09-15,0.8324005085233792
119120,SBI Magnum Gilt Fund - Regular Plan - Growth,2025-09-16,1.0486348821562888
119120,SBI Magnum Gilt Fund - Regular Plan - Growth,2025-09-17,1.169596512241203
119120,SBI Magnum Gilt Fund - Regular Plan - Growth,2025-09-18,1.3022762420839338
119120,SBI Magnum Gilt Fund - Regular Plan - Growth,2025-09-19,0.9384158000393138
119120,SBI Magnum Gilt Fund - Regular Plan - Growth,2025-09-22,0.6096287193742858
119120,SBI Magnum Gilt Fund - Regular Plan - Growth,2025-09-23,0.4352159118884524
119120,SBI Magnum Gilt Fund - Regular Plan - Growth,2025-09-24,0.3594255119188356
119120,SBI Magnum Gilt Fund - Regular Plan - Growth,2025-09-25,0.28656891767060155
119120,SBI Magnum Gilt Fund - Regular Plan - Growth,2025-09-26,0.5483167877890806
119120,SBI Magnum Gilt Fund - Regular Plan - Growth,2025-09-29,0.05741567546177509
119120,SBI Magnum Gilt Fund - Regular Plan - Growth,2025-09-30,-0.0851744019762303
119120,SBI Magnum Gilt Fund - Regular Plan - Growth,2025-10-01,-0.12695247215193792
119120,SBI Magnum Gilt Fund - Regular Plan - Growth,2025-10-02,-0.23818963719136352
119120,SBI Magnum Gilt Fund - Regular Plan - Growth,2025-10-03,-0.16772892601760975
119120,SBI Magnum Gilt Fund - Regular Plan - Growth,2025-10-06,0.23666061220930787
119120,SBI Magnum Gilt Fund - Regular Plan - Growth,2025-10-07,0.23701563633176637
119120,SBI Magnum Gilt Fund - Regular Plan - Growth,2025-10-08,0.580097834779929
119120,SBI Magnum Gilt Fund - Regular Plan - Growth,2025-10-09,0.29654997076440054
119120,SBI Magnum Gilt Fund - Regular Plan - Growth,2025-10-10,0.4229142244970687
119120,SBI Magnum Gilt Fund - Regular Plan - Growth,2025-10-13,0.5217676593780106
119120,SBI Magnum Gilt Fund - Regular Plan - Growth,2025-10-14,0.4305337068774889
119120,SBI Magnum Gilt Fund - Regular Plan - Growth,2025-10-15,0.06564825365761907
119120,SBI Magnum Gilt Fund - Regular Plan - Growth,2025-10-16,0.6443310365656678
119120,SBI Magnum Gilt Fund - Regular Plan - Growth,2025-10-17,0.6348190268251552
119120,SBI Magnum Gilt Fund - Regular Plan - Growth,2025-10-20,0.4199210136726292
119120,SBI Magnum Gilt Fund - Regular Plan - Growth,2025-10-21,0.285381089628728
119120,SBI Magnum Gilt Fund - Regular Plan - Growth,2025-10-22,0.1275326324003174
119120,SBI Magnum Gilt Fund - Regular Plan - Growth,2025-10-23,0.43293466756696874
119120,SBI Magnum Gilt Fund - Regular Plan - Growth,2025-10-24,0.7072980839798684
119120,SBI Magnum Gilt Fund - Regular Plan - Growth,2025-10-27,0.2605082138811656
119120,SBI Magnum Gilt Fund - Regular Plan - Growth,2025-10-28,0.5106602190708557
119120,SBI Magnum Gilt Fund - Regular Plan - Growth,2025-10-29,0.9255997038881941
119120,SBI Magnum Gilt Fund - Regular Plan - Growth,2025-10-30,0.9859562541845176
119120,SBI Magnum Gilt Fund - Regular Plan - Growth,2025-10-31,1.0913155070354172
119120,SBI Magnum Gilt Fund - Regular Plan - Growth,2025-11-03,1.0339218525998692
119120,SBI Magnum Gilt Fund - Regular Plan - Growth,2025-11-04,0.8891069576441809
119120,SBI Magnum Gilt Fund - Regular Plan - Growth,2025-11-05,0.7397374831599866
119120,SBI Magnum Gilt Fund - Regular Plan - Growth,2025-11-06,0.8619523715864216
119120,SBI Magnum Gilt Fund - Regular Plan - Growth,2025-11-07,0.7297249107267728
119120,SBI Magnum Gilt Fund - Regular Plan - Growth,2025-11-10,1.0524419626270611
119120,SBI Magnum Gilt Fund - Regular Plan - Growth,2025-11-11,0.7268247384020838
119120,SBI Magnum Gilt Fund - Regular Plan - Growth,2025-11-12,0.5479437155020651
119120,SBI Magnum Gilt Fund - Regular Plan - Growth,2025-11-13,0.9345774821685108
119120,SBI Magnum Gilt Fund - Regular Plan - Growth,2025-11-14,1.2280241571910182
119120,SBI Magnum Gilt Fund - Regular Plan - Growth,2025-11-17,1.486861586660225
119120,SBI Magnum Gilt Fund - Regular Plan - Growth,2025-11-18,1.9050189254514034
119120,SBI Magnum Gilt Fund - Regular Plan - Growth,2025-11-19,1.951336009762048
119120,SBI Magnum Gilt Fund - Regular Plan - Growth,2025-11-20,2.0848542614410306
119120,SBI Magnum Gilt Fund - Regular Plan - Growth,2025-11-21,2.1538874558248122
119120,SBI Magnum Gilt Fund - Regular Plan - Growth,2025-11-24,1.7384707097925323
119120,SBI Magnum Gilt Fund - Regular Plan - Growth,2025-11-25,1.5223263048370375
119120,SBI Magnum Gilt Fund - Regular Plan - Growth,2025-11-26,1.461650719566478
119120,SBI Magnum Gilt Fund - Regular Plan - Growth,2025-11-27,1.5611657592479626
119120,SBI Magnum Gilt Fund - Regular Plan - Growth,2025-11-28,1.553334281424932
119120,SBI Magnum Gilt Fund - Regular Plan - Growth,2025-12-01,1.280314348965893
119120,SBI Magnum Gilt Fund - Regular Plan - Growth,2025-12-02,1.0829152566856932
119120,SBI Magnum Gilt Fund - Regular Plan - Growth,2025-12-03,0.6937108706524884
119120,SBI Magnum Gilt Fund - Regular Plan - Growth,2025-12-04,0.7395255683585181
119120,SBI Magnum Gilt Fund - Regular Plan - Growth,2025-12-05,1.0509450135263672
119120,SBI Magnum Gilt Fund - Regular Plan - Growth,2025-12-08,0.6244872228740984
119120,SBI Magnum Gilt Fund - Regular Plan - Growth,2025-12-09,0.8750486445210388
119120,SBI Magnum Gilt Fund - Regular Plan - Growth,2025-12-10,1.1039977102903817
119120,SBI Magnum Gilt Fund - Regular Plan - Growth,2025-12-11,1.1848350495194537
119120,SBI Magnum Gilt Fund - Regular Plan - Growth,2025-12-12,1.0844774960869241
119120,SBI Magnum Gilt Fund - Regular Plan - Growth,2025-12-15,0.6563505331739901
119120,SBI Magnum Gilt Fund - Regular Plan - Growth,2025-12-16,0.5158299516509297
119120,SBI Magnum Gilt Fund - Regular Plan - Growth,2025-12-17,0.32121119985400276
119120,SBI Magnum Gilt Fund - Regular Plan - Growth,2025-12-18,0.4131740196602897
119120,SBI Magnum Gilt Fund - Regular Plan - Growth,2025-12-19,0.3347900606131169
119120,SBI Magnum Gilt Fund - Regular Plan - Growth,2025-12-22,0.7856133502346493
119120,SBI Magnum Gilt Fund - Regular Plan - Growth,2025-12-23,0.7938115248851437
119120,SBI Magnum Gilt Fund - Regular Plan - Growth,2025-12-24,0.514352097278868
119120,SBI Magnum Gilt Fund - Regular Plan - Growth,2025-12-25,0.5431479207361403
119120,SBI Magnum Gilt Fund - Regular Plan - Growth,2025-12-26,0.3418783252257155
119120,SBI Magnum Gilt Fund - Regular Plan - Growth,2025-12-29,0.6750200355542759
119120,SBI Magnum Gilt Fund - Regular Plan - Growth,2025-12-30,0.4918345742750653
119120,SBI Magnum Gilt Fund - Regular Plan - Growth,2025-12-31,-0.00791777438712972
119120,SBI Magnum Gilt Fund - Regular Plan - Growth,2026-01-01,0.12083136935663767
119120,SBI Magnum Gilt Fund - Regular Plan - Growth,2026-01-02,0.26708527485371336
119120,SBI Magnum Gilt Fund - Regular Plan - Growth,2026-01-05,0.21432285787176905
119120,SBI Magnum Gilt Fund - Regular Plan - Growth,2026-01-06,0.09346929931943518
119120,SBI Magnum Gilt Fund - Regular Plan - Growth,2026-01-07,0.18382285713095808
119120,SBI Magnum Gilt Fund - Regular Plan - Growth,2026-01-08,0.4379324952829853
119120,SBI Magnum Gilt Fund - Regular Plan - Growth,2026-01-09,0.4655966783568703
119120,SBI Magnum Gilt Fund - Regular Plan - Growth,2026-01-12,0.6192708762221562
119120,SBI Magnum Gilt Fund - Regular Plan - Growth,2026-01-13,0.6382081470794709
119120,SBI Magnum Gilt Fund - Regular Plan - Growth,2026-01-14,0.7255663152172444
119120,SBI Magnum Gilt Fund - Regular Plan - Growth,2026-01-15,0.7892254770623345
119120,SBI Magnum Gilt Fund - Regular Plan - Growth,2026-01-16,0.6290147419390624
119120,SBI Magnum Gilt Fund - Regular Plan - Growth,2026-01-19,0.370189424089889
119120,SBI Magnum Gilt Fund - Regular Plan - Growth,2026-01-20,0.3570193246785618
119120,SBI Magnum Gilt Fund - Regular Plan - Growth,2026-01-21,0.23039801755986275
119120,SBI Magnum Gilt Fund - Regular Plan - Growth,2026-01-22,0.4181523546273213
119120,SBI Magnum Gilt Fund - Regular Plan - Growth,2026-01-23,0.47537108044150705
119120,SBI Magnum Gilt Fund - Regular Plan - Growth,2026-01-26,0.46643105897670756
119120,SBI Magnum Gilt Fund - Regular Plan - Growth,2026-01-27,0.3983950580311215
119120,SBI Magnum Gilt Fund - Regular Plan - Growth,2026-01-28,0.458955143378479
119120,SBI Magnum Gilt Fund - Regular Plan - Growth,2026-01-29,0.2669332002429686
119120,SBI Magnum Gilt Fund - Regular Plan - Growth,2026-01-30,0.35180710070266946
119120,SBI Magnum Gilt Fund - Regular Plan - Growth,2026-02-02,0.4444171210028947
119120,SBI Magnum Gilt Fund - Regular Plan - Growth,2026-02-03,0.6787026260270418
119120,SBI Magnum Gilt Fund - Regular Plan - Growth,2026-02-04,0.7670329678709289
119120,SBI Magnum Gilt Fund - Regular Plan - Growth,2026-02-05,0.6973226575787924
119120,SBI Magnum Gilt Fund - Regular Plan - Growth,2026-02-06,0.9145353367756546
119120,SBI Magnum Gilt Fund - Regular Plan - Growth,2026-02-09,1.0028002027903922
119120,SBI Magnum Gilt Fund - Regular Plan - Growth,2026-02-10,0.8435177985264861
119120,SBI Magnum Gilt Fund - Regular Plan - Growth,2026-02-11,0.46516368291109966
119120,SBI Magnum Gilt Fund - Regular Plan - Growth,2026-02-12,0.8459954468979084
119120,SBI Magnum Gilt Fund - Regular Plan - Growth,2026-02-13,0.43938200590740817
119120,SBI Magnum Gilt Fund - Regular Plan - Growth,2026-02-16,0.5618508749201647
119120,SBI Magnum Gilt Fund - Regular Plan - Growth,2026-02-17,0.6977852632532534
119120,SBI Magnum Gilt Fund - Regular Plan - Growth,2026-02-18,1.4064667043995083
119120,SBI Magnum Gilt Fund - Regular Plan - Growth,2026-02-19,1.2744044532540861
119120,SBI Magnum Gilt Fund - Regular Plan - Growth,2026-02-20,0.9374794669571835
119120,SBI Magnum Gilt Fund - Regular Plan - Growth,2026-02-23,0.8666025021963402
119120,SBI Magnum Gilt Fund - Regular Plan - Growth,2026-02-24,0.8513071319070482
119120,SBI Magnum Gilt Fund - Regular Plan - Growth,2026-02-25,0.8061397846765246
119120,SBI Magnum Gilt Fund - Regular Plan - Growth,2026-02-26,0.7497136072611587
119120,SBI Magnum Gilt Fund - Regular Plan - Growth,2026-02-27,0.4638732241928587
119120,SBI Magnum Gilt Fund - Regular Plan - Growth,2026-03-02,0.5084774546454014
119120,SBI Magnum Gilt Fund - Regular Plan - Growth,2026-03-03,0.649326556290386
119120,SBI Magnum Gilt Fund - Regular Plan - Growth,2026-03-04,0.6110116367994266
119120,SBI Magnum Gilt Fund - Regular Plan - Growth,2026-03-05,0.3728228628959058
119120,SBI Magnum Gilt Fund - Regular Plan - Growth,2026-03-06,0.2671832298843303
119120,SBI Magnum Gilt Fund - Regular Plan - Growth,2026-03-09,0.31054960047004915
119120,SBI Magnum Gilt Fund - Regular Plan - Growth,2026-03-10,0.03281604185820702
119120,SBI Magnum Gilt Fund - Regular Plan - Growth,2026-03-11,0.1235831553890644
119120,SBI Magnum Gilt Fund - Regular Plan - Growth,2026-03-12,-0.21208757936346204
119120,SBI Magnum Gilt Fund - Regular Plan - Growth,2026-03-13,0.003488355570331549
119120,SBI Magnum Gilt Fund - Regular Plan - Growth,2026-03-16,0.05320597330419543
119120,SBI Magnum Gilt Fund - Regular Plan - Growth,2026-03-17,0.19716897391867166
119120,SBI Magnum Gilt Fund - Regular Plan - Growth,2026-03-18,0.13643028353674747
119120,SBI Magnum Gilt Fund - Regular Plan - Growth,2026-03-19,-0.029238409090393602
119120,SBI Magnum Gilt Fund - Regular Plan - Growth,2026-03-20,0.06579000033581049
119120,SBI Magnum Gilt Fund - Regular Plan - Growth,2026-03-23,-0.04753567137168715
119120,SBI Magnum Gilt Fund - Regular Plan - Growth,2026-03-24,-0.3824788350844582
119120,SBI Magnum Gilt Fund - Regular Plan - Growth,2026-03-25,-0.5506933080759951
119120,SBI Magnum Gilt Fund - Regular Plan - Growth,2026-03-26,-0.667620776306436
119120,SBI Magnum Gilt Fund - Regular Plan - Growth,2026-03-27,-0.6396980653664445
119120,SBI Magnum Gilt Fund - Regular Plan - Growth,2026-03-30,-0.5672497033737928
119120,SBI Magnum Gilt Fund - Regular Plan - Growth,2026-03-31,-0.36999912857896916
119120,SBI Magnum Gilt Fund - Regular Plan - Growth,2026-04-01,-0.2636474619348956
119120,SBI Magnum Gilt Fund - Regular Plan - Growth,2026-04-02,-0.46057352859381306
119120,SBI Magnum Gilt Fund - Regular Plan - Growth,2026-04-03,-0.1094631192237536
119120,SBI Magnum Gilt Fund - Regular Plan - Growth,2026-04-06,-0.04179311511427394
119120,SBI Magnum Gilt Fund - Regular Plan - Growth,2026-04-07,0.0825491508792957
119120,SBI Magnum Gilt Fund - Regular Plan - Growth,2026-04-08,0.38507553329195676
119120,SBI Magnum Gilt Fund - Regular Plan - Growth,2026-04-09,0.37190122998391617
119120,SBI Magnum Gilt Fund - Regular Plan - Growth,2026-04-10,0.1508864394929167
119120,SBI Magnum Gilt Fund - Regular Plan - Growth,2026-04-13,0.09478800066709685
119120,SBI Magnum Gilt Fund - Regular Plan - Growth,2026-04-14,0.11564071445803281
119120,SBI Magnum Gilt Fund - Regular Plan - Growth,2026-04-15,-0.09208159262149594
119120,SBI Magnum Gilt Fund - Regular Plan - Growth,2026-04-16,0.1424608708079396
119120,SBI Magnum Gilt Fund - Regular Plan - Growth,2026-04-17,-0.24266459968457396
119120,SBI Magnum Gilt Fund - Regular Plan - Growth,2026-04-20,-0.1913613871612678
119120,SBI Magnum Gilt Fund - Regular Plan - Growth,2026-04-21,-0.045474135406057076
119120,SBI Magnum Gilt Fund - Regular Plan - Growth,2026-04-22,-0.19821017952274553
119120,SBI Magnum Gilt Fund - Regular Plan - Growth,2026-04-23,-0.34818128344838806
119120,SBI Magnum Gilt Fund - Regular Plan - Growth,2026-04-24,-0.29307802404129685
119120,SBI Magnum Gilt Fund - Regular Plan - Growth,2026-04-27,-0.610947777067099
119120,SBI Magnum Gilt Fund - Regular Plan - Growth,2026-04-28,-1.324899323535787
119120,SBI Magnum Gilt Fund - Regular Plan - Growth,2026-04-29,-1.2006828003375416
119120,SBI Magnum Gilt Fund - Regular Plan - Growth,2026-04-30,-1.1214454196589039
119120,SBI Magnum Gilt Fund - Regular Plan - Growth,2026-05-01,-1.1695393102786837
119120,SBI Magnum Gilt Fund - Regular Plan - Growth,2026-05-04,-1.3303338916979968
119120,SBI Magnum Gilt Fund - Regular Plan - Growth,2026-05-05,-1.2304893333222042
119120,SBI Magnum Gilt Fund - Regular Plan - Growth,2026-05-06,-0.6050009315476208
119120,SBI Magnum Gilt Fund - Regular Plan - Growth,2026-05-07,-0.8837957995917913
119120,SBI Magnum Gilt Fund - Regular Plan - Growth,2026-05-08,-1.1209420052148182
119120,SBI Magnum Gilt Fund - Regular Plan - Growth,2026-05-11,-0.8779568599020519
119120,SBI Magnum Gilt Fund - Regular Plan - Growth,2026-05-12,-0.6655376826718685
119120,SBI Magnum Gilt Fund - Regular Plan - Growth,2026-05-13,-0.6952845548292547
119120,SBI Magnum Gilt Fund - Regular Plan - Growth,2026-05-14,-1.0799645493088084
119120,SBI Magnum Gilt Fund - Regular Plan - Growth,2026-05-15,-1.2395577317228166
119120,SBI Magnum Gilt Fund - Regular Plan - Growth,2026-05-18,-1.1446112793265597
119120,SBI Magnum Gilt Fund - Regular Plan - Growth,2026-05-19,-1.3339132597383525
119120,SBI Magnum Gilt Fund - Regular Plan - Growth,2026-05-20,-1.3064474413501717
119120,SBI Magnum Gilt Fund - Regular Plan - Growth,2026-05-21,-1.7727797149636655
119120,SBI Magnum Gilt Fund - Regular Plan - Growth,2026-05-22,-1.909882990191989
119120,SBI Magnum Gilt Fund - Regular Plan - Growth,2026-05-25,-1.7029101798726785
119120,SBI Magnum Gilt Fund - Regular Plan - Growth,2026-05-26,-1.9663010038696898
119120,SBI Magnum Gilt Fund - Regular Plan - Growth,2026-05-27,-1.9207052464830543
119120,SBI Magnum Gilt Fund - Regular Plan - Growth,2026-05-28,-2.2022111576335517
119120,SBI Magnum Gilt Fund - Regular Plan - Growth,2026-05-29,-2.252053968143668
